1,0.00275968253894199,0.00275968253894199,0.00275968253894154,0.00275968253894199,0.00275968253894199,0.00275968253894154,-0.0102279937260654,-0.010227993726067,-0.0102279937260652,-0.0102279937260583,0.010566294125063,0.0105662941250699,0.0105662941250717,0.0105662941250655,0.0105662941250512,-0.041220206544989,0.0722175431251855,0.00676628606392486,0.00670898620053203,0.00662102732399135,0.00651303438511538,0.00639050693837395,0.00626513048542624,-0.0945910345470984,0.00600071751405473,0.00583958890688718,0.00565712470871641,0.00546930137337343,0.00528546524230751,0.00512960922735861,-0.0012152559772709,-0.0148314915919161,-0.00667796703889589,-0.00680402637631961,-0.00686057142148799,NA,NA,NA,NA,NA,NA,NA,NA
1,-0.0221959037716593,0.0114799380824781,0.0114799380824781,0.0114799380824781,0.0114799380824781,0.0114799380824779,0.0114799380824782,0.00855751850592847,-0.00524081210076068,-0.00623553986510719,-0.00430607358526001,-0.00699740064455277,-0.00681497186437707,-0.00670763102977142,-0.00626698283640931,-0.0054969138273904,-0.00168504665939028,-0.00496962642467354,-0.00432232012528621,-0.0068448174548859,-0.00556677091836945,-0.00504731744947849,-0.00357530741171889,-0.00604749125141979,-0.00307174098275118,0.030410238836645,0.0379669875295075,0.027164372857691,0.0553179926748037,0.0435853874969199,-0.0258289739739883,-0.0259300726459328,-0.0217562628498021,-0.0219418763844777,-0.0239649602794949,0.0198867073699232,0.0212144641135076,0.0219560737863099,0.011255117405298,0.0559473061179594,0.0666518418572204,NA,NA
1,0.0641187239703952,0.0726946651743006,0.072694665174301,0.0726946651743006,0.0726946651743007,0.0726946651743009,0.0836827822143824,0.145087428123181,-0.0483368183524893,-0.00432449097638066,0.039349594346234,-0.0208417891932848,-0.0232813767340178,-0.01654537417218,-0.018851278782255,-0.0210894474749537,-0.0231162124611771,-0.0319277033069786,-0.0484262387136968,-0.0298047509658369,-0.022899274076263,-0.0228840297402913,-0.0384154795352711,-0.0421849864759805,-0.0443555579892284,-0.0841937366059451,-0.00340724063728977,0.0358220969046154,0.0170169938228245,0.017610074023726,-0.00170169305817943,-0.00153157877261996,-0.00520986470895043,-0.00528917804585878,-0.00543372116534091,-0.00557086168136837,-0.00565913139427802,0.0835788029890205,0.335773364969466,0.12429181617627,NA,NA,NA
1,0.0181805725659839,0.013944812440879,-0.00803989113304719,-0.00777187248355696,-0.000523528219623987,0.0015709259236342,0.00457756216992183,0.00774174185945509,0.0110941777881051,0.0203512809399901,0.02650992201462,0.0151878066485952,0.0120001693314798,0.0120850285740037,0.0139072463139617,0.00821616164087064,0.00989903697436722,-0.0151969416425947,-0.0235431811918672,-0.0352949741518982,-0.00837163815625926,0.0101073958516183,0.00315345111595153,-0.00832202861976,0.000536488445153353,-0.00327265636653419,0.0159400750458071,0.00414749888850114,0.0154852450318525,-0.00225028324714708,-0.00481431670185317,0.0121169849010518,0.00348073979200827,0.0168885244833896,0.00640118230397251,-0.0202157098097301,0.00470599706660395,0.00629142501565886,0.0185333201028642,0.0202689502029095,0.0212055506645175,0.0197382033445875,0.0222364304944258
1,0.0270355151714643,0.0270355151714643,0.0270355151714643,0.0123493495734119,0.0123493495734119,0.0123493495734115,0.0123493495734119,0.0123493495734119,0.0123493495734119,0.0123493495734119,0.0123493495734119,0.0123493495734119,0.0123493495734119,0.0220114073819602,0.0220114073819602,0.0220114073819602,0.0220114073819602,0.0220114073819602,0.0220114073819602,0.0220114073819602,0.0220114073819602,0.055462187404089,0.055462187404089,0.055462187404089,0.055462187404089,NA,NA,NA,NA,NA,NA,NA,NA,NA,NA,NA,NA,NA,NA,NA,NA,NA,NA
1,-0.0141863480210749,-0.00926699064440998,-0.00967228356181534,-0.0123034546293151,-0.0123444981410175,-0.0116560423123957,-0.011360228266158,-0.0124178772477832,-0.0123019034896373,-0.0104585823243322,-0.00956957303965311,-0.0107753322445541,-0.0106016583923531,-0.00541229606360871,0.0027580153895822,-0.0101865409034744,-0.0110781862476217,0.0104705815848955,0.0113395610976232,-0.0122270660814238,0.0249051315357605,0.0120378585588521,0.00190873696276807,-0.00354223115791652,0.0495998533473785,0.00886149827918481,0.00711321407460893,-0.00173121638108453,-0.00503648645866084,-0.000767389166187756,0.00104809497044448,0.00293869226958169,0.00368959935598334,-0.0312266142000759,-0.0594812935196751,NA,NA,NA,NA,NA,NA,NA,NA
1,0.0341769761373495,0.0349843172482728,0.0356893609060178,0.036292098696769,0.0367925480379968,0.0371906874425104,0.0374865355350804,0.0376800775306252,0.0377713280715047,0.0254801931450683,0.0237243458751434,0.0535734852478718,0.0531407224626357,0.0524908481903415,0.0516238624309908,0.0505397651845822,-0.0371265446638221,0.195988560527418,0.0948908252569537,0.243000100641293,0.0279860297886797,0.0274033205191049,0.0271733385917742,0.115469148318054,0.0112605449015237,0.0117160085430725,0.0197208612232322,-0.019999270748927,0.0129638763626024,0.0136406667575322,-0.0318595923704399,0.0505137630682464,0.0507622009315681,-0.00778748447155486,-0.00778748447155531,-0.00778748447155531,-0.00778748447155486,-0.00778748447155531,NA,NA,NA,NA,NA
1,-0.0324193145181249,-0.0343924465629961,-0.0367173556994616,-0.0392644373689208,-0.0415728506330675,-0.0431341465626562,-0.0437607029504943,-0.0435725062534152,-0.0218661522105743,-0.020743340466879,-0.00726652073886025,-0.00576162895226184,-0.00420861689473839,0.0186650132051181,0.0192035695149536,0.0196732804913741,0.0199410787935559,0.0199675627016797,0.0178905425801229,0.0162984488437772,0.00973878589446429,0.00948315888062905,-0.0185960158153316,0.0130214528967138,-0.064944360199198,0.0997017989888172,-0.00275870045288526,0.018770317259554,-0.019729321546322,0.0164073636666856,-0.232657454836208,0.172568355668398,-0.0426666772116017,0.0209842433780025,-0.0966806175683597,0.0804487267486635,-0.192579999311523,0.108725678547788,-0.179299183958101,-0.1792991839581,0.375462143159124,NA,NA
1,0.0218480371291243,-0.011817602810036,-0.0406162114785305,-0.052548262764639,-0.0444598606639813,-0.0206618122207181,0.0108066241457642,0.0403504499938619,0.0585466529992503,0.0597725523774141,0.0455844281586709,0.0234409853131147,0.00126967804464684,-0.0163830484212725,-0.0274793451321818,-0.0303899990710329,-0.024623164938436,-0.0126650083191068,0.00108742002213613,0.0134722210474695,0.0233202725312418,0.0292385546292463,0.0288871251918955,0.0219000665740197,0.012292930521103,0.00589402299289499,0.00490989912211093,0.00590022440557181,0.00378308612718159,-0.0439812669670396,-0.0508562985952807,NA,NA,NA,NA,NA,NA,NA,NA,NA,NA,NA,NA
1,-0.00143236408262526,-0.00143236408178493,-0.00143236408066538,-0.00143236407928427,-0.00143236407771041,-0.001432364076002,-0.00143236407416203,-0.00143236407215441,-0.00143236406998026,-0.00435357430132072,-0.0306678973532744,0.000610306072103513,0.000503238703462583,0.000170643129920841,-0.00190330920701062,-0.00167631131334314,-0.00376263690205292,-0.00397363784547239,3.47220280539906e-05,-0.00881857691471946,0.0137742743179446,-0.00398872576952081,0.0122684899027362,0.00765740758969435,-0.00823531592963014,-0.00851188350766671,-0.0132550748235137,-0.0758864289629418,0.0344686110793635,0.0287632094068819,0.0409346224370002,0.0178363238431711,0.0162676634033543,0.0158945577403169,0.0219525628346633,0.0534042573650133,-0.00163829678738159,-0.0976583760012537,0.108276898160387,-0.0739112525504733,0.045012561826506,NA,NA
1,0.0214759238507125,0.019823273609225,0.0166153079936688,0.0136843262310051,0.0118925360497109,0.00871542406896331,0.00128925175672756,0.00438551524354813,0.00238122826154963,0.00534589952906261,0.0110140488043753,0.014319450674561,0.0124935448030962,0.00755655946742151,0.00337568376506658,0.00121376723896471,0.0724881898259129,0.00195949693511022,-0.0481903646764588,0.0307000772008946,-0.0362205755075321,0.0607041998678097,0.07325522862265,0.0570599065611279,0.0198549905013452,-0.0186416389905133,-0.0406761778138991,NA,NA,NA,NA,NA,NA,NA,NA,NA,NA,NA,NA,NA,NA,NA,NA
1,-0.00432792296133169,-0.00271188978084509,0.00144323600067287,0.00695761769312742,0.0107208776204674,0.0103959787668172,0.00702012318294964,0.00510981062441216,0.00585299383299476,0.00889560093310484,0.010875470305121,0.0102248395599714,0.00856937616614362,0.00780168406559545,0.00750448612028301,0.00746539456935937,0.00768440941282624,0.00816153065068197,0.00889675828292709,0.00989009230956204,0.0111415327305864,0.0126510795460001,0.014486110699201,0.0151084132535527,0.0166536102798428,0.0197644268992921,0.0211495734311635,0.0338614855826643,0.0053113730520816,0.0227511037134835,-0.00200780034384933,0.0304080484517016,0.0111541051161713,0.0154256917992598,NA,NA,NA,NA,NA,NA,NA,NA,NA
1,NA,0.00135136310830913,0.0013513631083093,0.00135136310830913,0.00135136310830919,0.00135136310830919,0.00135136310830924,0.00135136310830919,0.00135136310830919,0.00135136310830924,0.00135136310830913,0.00135136310830919,-0.00818286695860848,-0.00818286695860854,-0.00818286695860854,-0.00818286695860854,-0.00818286695860865,-0.00818286695860848,0.0121319308964752,0.0121319308964754,-0.0844067647916427,0.169530086569427,-0.0352689603356991,0.0640066144045424,-0.149040168730284,0.00928781832807557,0.00928781832807557,0.00928781832807557,0.00928781832807557,0.00928781832807557,0.00928781832807557,0.00928781832807557,0.00928781832807557,0.00928781832807557,-0.0525467274389868,NA,NA,NA,NA,NA,NA,NA,NA
1,NA,NA,NA,-0.0221618064471825,-0.0221618064471825,-0.022161806447182,-0.0221618064471825,-0.022161806447182,-0.0221618064471825,-0.0221618064471825,-0.0221618064471825,-0.022161806447182,-0.0221618064471825,-0.0296962457197655,-0.0244463346985048,-0.0255468455717104,-0.0249246303557192,-0.0223079184048862,-0.0188293027325734,-0.0463091942182833,-0.0854592308124049,-0.258285126473011,-0.0125212077030984,0.00959657197648553,0.0199197552085419,0.0147529256139247,0.0124121870632745,0.0126832471971528,0.0125526997654677,0.0130486997001996,-0.022744117520747,-0.020029528187417,-0.0199065198930867,-0.0198902481582527,-0.0225260247268314,-0.0098469672526559,-0.00984696725265577,-0.00984696725265572,-0.00759544090331721,-0.00759544090331676,-0.00651051926365209,-0.0038223932058834,NA
1,NA,NA,NA,NA,NA,NA,-0.0110447148724271,-0.0110447148724195,-0.0110447148723942,-0.0110447148723427,-0.0110447148722841,-0.011044714872257,-0.0110447148722796,-0.0110447148723498,0.00124560178420019,0.00124560178418598,0.00124560178421063,0.00124560178429434,0.00124560178451261,0.00124560178485167,0.00124560178520428,0.00124560178544852,0.00124560178553534,0.00124560178549848,0.00124560178539301,0.00124560178524691,0.0012456017850766,0.00124560178490873,0.00124560178480282,-0.0110447148734649,-0.0110447148734698,-0.0110447148734676,NA,NA,NA,NA,NA,NA,NA,NA,NA,NA,NA
1,NA,NA,NA,NA,NA,NA,NA,0.0120579100224343,0.0128623566898276,0.0160664878286356,0.0214469757729736,0.025819823217748,0.0263200502974885,0.0237109078950462,0.021076186883946,0.0199303454231723,0.0193228823444396,0.0186494392452068,0.0192862802485614,0.0223173326739756,0.0258628028649421,0.0262086069585181,0.0213562370567857,0.0123873673330093,0.00151091119733726,-0.0100065656000772,-0.0217442612434291,-0.0331812599712635,-0.0436641200937165,-0.0526973833807314,-0.0595460610216052,-0.0631590940829057,NA,NA,NA,NA,NA,NA,NA,NA,NA,NA,NA
1,NA,NA,NA,NA,NA,NA,NA,NA,-0.0658503796271752,-0.048650792987853,-0.029445595495635,-0.0228829315557646,-0.0264873416992084,-0.0298804261388672,-0.0290840830144545,-0.02264685253478,-0.00433123488532239,0.0277985406765566,0.0605719527219302,0.0761386513995088,0.0708721880094139,0.146272245667681,-0.141030291565515,0.0919783530334488,-0.0433025071339248,-0.0586507809825396,-0.0382381072696507,0.00328297455971116,0.0338799570591135,0.0338836274150363,0.0101482561059063,0.0438137499038443,0.173836002624563,0.0577040518792619,0.0499764362007217,0.0331552879342988,0.0395587868094753,0.0351562546625432,NA,NA,NA,NA,NA
1,NA,NA,NA,NA,NA,NA,NA,NA,-0.092368821929842,-0.0114736624033219,0.00128058059481723,0.00707284318337431,-0.00125198394821974,-0.0082995933323203,-0.0104614004328855,-0.00471059744287346,0.0091815061666363,0.00801843358170929,0.00544906143820782,0.00437953311959238,0.00598139231099685,0.00847140734808071,0.00930697975888576,0.00767741417205187,0.00473592794458383,0.00221704974841085,0.00141332308791187,0.00276781738853111,0.00546616916743321,0.00754304560227782,0.00731034640079623,0.00564285711993019,0.00347080455480857,-0.0186874578076406,0.000121497309651719,0.0027538331637541,0.000322334639033861,-0.00436724434258784,-0.00992208938846151,-0.00944719239266067,NA,NA,NA
1,NA,NA,NA,NA,NA,NA,NA,NA,NA,-0.0547004362013994,-0.0753178144085744,-0.00255015135086478,-0.00266393798244735,-0.00177252361709934,0.0210608143237843,-0.0133479337983357,-0.0138761677465968,-0.0135326409352308,0.0125215638035113,0.0104145346541348,0.0232241514794986,-0.00489578807934299,0.0026199486294501,0.0409514552391967,0.0242175758054065,0.0272212086025652,0.0256572088159457,0.014519365769663,-0.069821081798795,-0.0106281711084408,-0.01761396111355,-0.0148490660998468,-0.0111766585410371,-0.0122142888248984,-0.015270469875122,NA,NA,NA,NA,NA,NA,NA,NA
1,NA,NA,NA,NA,NA,NA,NA,NA,NA,-0.0900043916886077,-0.106244601507078,-0.106178433722258,-0.0696801777639373,-0.0218313888691237,0.000122271479508385,-0.00654522910260313,-0.0163680468433456,-0.0147944748029873,-0.00968379356156035,-0.0105820556700076,-0.0159032179493521,-0.0188456468214753,-0.011742619789159,0.0114583410367786,0.0419239469761319,0.0505421514061712,0.01615896811894,-0.0412651722670341,-0.077141784561582,-0.0755089487768617,-0.0332835440967763,-0.0358725363504241,-0.0418954978377654,-0.034392922221682,-0.029330603517852,0.00533309305351315,0.00533309305351271,0.00533309305351315,-0.0494990694133222,0.00163006223342022,0.0371550854543949,NA,NA
1,NA,NA,NA,NA,NA,NA,NA,NA,NA,NA,-0.00472408287192039,-0.00287182353460436,-0.0061301009491137,-0.0181582297444316,-0.0331624165486288,-0.0434849018663366,-0.047766279221559,-0.0397458046283952,-0.0361984286520794,-0.0277556357294448,0.0716963707233381,-0.154157767198971,0.0177564860573541,0.0851652538653493,0.0414360315243708,0.0286692877994318,0.070641483423084,-0.00379911123638932,-0.0163878382927951,-0.0206766243755934,-0.0221192317054992,-0.0231878155869274,-0.0196292577805499,-0.00808658046812694,0.00692339362785432,0.0172790612634608,0.0200668537311759,0.0187960084228993,0.0175540286201135,NA,NA,NA,NA
1,NA,NA,NA,NA,NA,NA,NA,NA,NA,NA,0.00105030621302404,0.000936090068555107,0.000346010229018034,-0.00038552828854499,-0.00041310772170311,0.000218827537568966,0.000446894971652512,-0.000123290077319815,-0.00049255865724529,3.93364441455546e-05,0.000548527525237041,3.89252893286951e-05,-0.000619116110134765,-6.43051209667789e-05,0.000753170840477324,-0.000385584235102154,-0.00249048749114067,-0.000520215225218834,0.00876498878191745,0.0215012326130219,0.0300126277589303,0.0312041989734024,0.0290738088330063,0.0284758281627018,0.0294317085978406,NA,NA,NA,NA,NA,NA,NA,NA
1,NA,NA,NA,NA,NA,NA,NA,NA,NA,NA,0.037417910414296,0.0373863335096556,0.0372629748607287,0.0369719428017081,0.0364561279203404,0.0356891463979956,0.0346691487235811,0.0334101093819128,0.031943017860864,0.030322581620593,0.0286245129442948,-0.131265500386542,0.0699755448608876,-0.22795271669306,0.0218216930682962,0.0201352188145427,0.018483601084315,0.0169516500044455,0.015654956016804,0.0146602812852974,0.0139280285752306,0.0133416579797938,0.012807389953879,0.012332466072456,0.0120030064714776,0.011879332530258,0.0119133422485622,0.0119776355930341,NA,NA,NA,NA,NA
1,NA,NA,NA,NA,NA,NA,NA,NA,NA,NA,0.0105174863585553,0.0059134913769201,-0.00539835543160949,-0.0225437942156317,-0.0396654206698406,-0.0486334332369045,-0.0445716404716683,-0.029434568839289,-0.0102586822459967,0.0062232400262392,0.0175430841677799,0.0245493460843718,0.02754948535726,0.0265435019864424,0.0215313959719226,0.011305749369348,-0.00887429179716182,-0.0383972447527186,-0.0693472557348596,-0.0908406492217242,-0.0941121444703161,-0.0751574154675096,-0.0352848110529604,0.0189452645488493,0.0767277435126459,0.126175721979513,0.158891113460269,0.173318338150966,NA,NA,NA,NA,NA
1,NA,NA,NA,NA,NA,NA,NA,NA,NA,NA,NA,-0.00806542966727575,-0.12714422687653,-0.110082810638086,-0.0721257780339707,-0.0213989234346976,0.0227831438386517,0.0453330818142412,0.0464022565137135,0.0350594173391277,0.0162943939408842,-0.010238605907367,-0.040982512224802,-0.0659544456513071,-0.0699250007150523,-0.069481525225545,-0.0654933136895406,-0.0602589066983908,-0.0514881767222162,-0.0354193201804712,-0.00993479629541464,0.0238205269661291,0.05960158505292,0.107611767797112,0.114470401056881,0.0862481418120596,0.0345433523436729,-0.0254939824987133,-0.082566132608043,-0.127271359316488,-0.150920725053929,NA,NA
1,NA,NA,NA,NA,NA,NA,NA,NA,NA,NA,NA,-0.0084261539807069,0.000579544028524337,0.0232303870801545,0.0218675121051999,-0.0245132181998904,-0.0672661577807179,-0.054136882913894,-0.00602272594649045,0.0157099053165226,0.000399313979691396,-0.00312123789370689,0.0293114645317403,0.053755933236219,0.0252362068247773,-0.013653072258708,-0.0254311934355743,0.003387385437197,0.0372088015669978,0.0381682574195348,0.00851155301454254,-0.0216431232845992,-0.0325512200322104,-0.0352412397068396,-0.0212600055913934,-0.00702249395999699,0.00420840865790262,0.00623355616839882,-0.00279249240731549,-0.0154753101752356,-0.0229962034838969,NA,NA
1,NA,NA,NA,NA,NA,NA,NA,NA,NA,NA,NA,0.117762349529168,0.0666223220987021,0.0352957822178914,-0.00961025997002896,-0.0428980453907197,-0.0480579890760706,-0.0288592091195363,-0.00208296750285797,0.0164680054469368,0.0173513296728112,-0.00457256285929231,-0.0474159789324002,-0.0952736068884206,-0.122747375753614,-0.114714958209201,-0.0800209478965637,-0.0414188158043736,-0.0158824996481157,-0.0100951843815473,-0.027102913950859,-0.0609978743302828,-0.0844076432220702,-0.0624653263684829,0.00425225832389775,0.06113770362065,0.0451750183781843,-0.0488196648143795,-0.162420875615693,-0.23618795965076,-0.261405578830474,NA,NA
1,NA,NA,NA,NA,NA,NA,NA,NA,NA,NA,NA,0.0128324964051121,0.00426185908361854,0.00403926496415385,0.00346826855274895,0.00229725724501106,0.00038163622489984,-0.00224105298789867,-0.0054183808578292,-0.00902390875090275,-0.0130296269378735,-0.0174287297079126,-0.0220838069202579,-0.0266795426862138,-0.02767869117908,-0.0294855716158673,-0.0305296059265389,-0.031290675538034,-0.0321270534247535,-0.0331259120942787,-0.034242996545181,-0.035459271068902,-0.0367595490864367,-0.0565701450363258,-0.0577843473123406,-0.0584401624733502,-0.0589093044532963,-0.0594995985116929,-0.0602223707066768,-0.0608536027499407,-0.0611866411361295,NA,NA
1,NA,NA,NA,NA,NA,NA,NA,NA,NA,NA,NA,-0.0991700067389547,-0.0406730687844687,-0.0406730687844687,-0.0406730687844687,-0.0406730687844683,-0.0406730687844687,-0.0180064004641052,-0.0180064004641056,-0.0180064004641052,-0.0180064004641052,-0.0180064004641052,-0.0180064004641052,-0.0180064004641052,-0.0180064004641052,-0.0180064004641052,-0.0180064004641054,-0.0180064004641052,-0.0180064004641052,-0.0180064004641054,0.0885579386432904,-0.379368769125586,0,-0.156347200859924,0.481920137601431,0.449198572990756,-0.709269960975831,-0.167491087293764,NA,NA,NA,NA,NA
1,NA,NA,NA,NA,NA,NA,NA,NA,NA,NA,NA,-1,0.11492589939019,0.114326979038415,0.112599328783547,0.109328854405897,0.104514847372755,0.0242352737973877,0.0179766988683736,0.0128002038674977,0.0101262639738195,0.0103001599667463,0.0119776231969088,0.0130278972466977,0.0122379385581184,0.010008818472478,0.00745870433505691,0.00530290326755417,0.00387618913535293,0.00382163619023812,-0.508969703437762,-0.00439898695870378,0.501279556953961,-0.281289850561369,0.508991226488416,0.159558028257242,-0.357825374410887,0.432137561827373,0.0172863923713802,0.0168463839881126,0.0167008219588638,NA,NA
1,NA,NA,NA,NA,NA,NA,NA,NA,NA,NA,NA,NA,0.0617886537202816,0.0617886537202816,0.0617886537202819,0.0617886537202814,-0.00710633558254448,-0.00710633558254448,-0.00710633558254448,-0.0071063355825447,-0.00710633558254448,-0.00710633558254448,-0.00710633558254448,-0.0071063355825447,-0.00710633558254448,-0.00710633558254448,NA,NA,NA,NA,NA,NA,NA,NA,NA,NA,NA,NA,NA,NA,NA,NA,NA
1,NA,NA,NA,NA,NA,NA,NA,NA,NA,NA,NA,NA,0.0107472871170453,0.0107472871170537,0.0107472871170762,0.0107472871171135,0.0107472871171552,0.0107472871171868,0.0107472871172032,0.0107472871172041,0.0107472871171894,0.0107472871171641,0.0107472871171421,0.0107472871171395,0.0107472871171632,0.0107472871172061,0.0107472871172485,0.010747287117284,0.0107472871173133,0.0107472871173431,0.0107472871173782,0.010747287117423,0.0107472871174767,0.0107472871175378,0.0107472871175984,0.0107472871176522,0.010747287117699,0.0107472871177348,0.0107472871177636,0.0107472871177792,0.0107472871177854,NA,NA
1,NA,NA,NA,NA,NA,NA,NA,NA,NA,NA,NA,NA,0.0762005855686629,0.0764978908949341,0.0709824185317833,0.0284882767773327,0.0163975393777018,0.0048250064973574,-0.00319773088702457,-0.0089649864814072,-0.030442611511649,-0.0368828474916363,-0.0232903570145,-0.026391815048975,-0.0258714732400631,-0.0234749897082006,-0.0207006306522928,-0.0907902447776583,0.0120937189082945,-0.00821886060756312,-0.107663561410444,0.0402258514383259,-0.0935336590260326,0.0145411269182055,-0.133039302488565,0.0362887579376414,-0.116950366593699,-0.133283665705362,-0.131106226587637,-0.117622128049561,-0.106439675982715,NA,NA
1,NA,NA,NA,NA,NA,NA,NA,NA,NA,NA,NA,NA,0.0317855753030312,0.0317128195756875,0.030944662779969,0.0284090173543703,0.0233144033995107,0.0160707544291543,0.00825362103835126,0.00126447338668445,-0.00496919708302368,-0.0117201969997516,-0.0198858707818435,-0.0288491830327136,-0.0368133252085232,-0.0419515811087732,-0.0432349015124718,-0.0406473636373157,-0.0350965276909667,-0.0281007952812771,-0.02120768396634,-0.0154713242968905,-0.0113909029469714,-0.00913536300671547,-0.00856706041323063,-0.00910137834852875,-0.0099016680891113,-0.0104310407565511,-0.0107091533548336,-0.0109476200544583,-0.0111344949816337,NA,NA
1,NA,NA,NA,NA,NA,NA,NA,NA,NA,NA,NA,NA,-1,-0.273936045018793,0.795946707918065,0.830280012928255,0.0745630047497883,-0.422564074720797,-0.205212081182728,0.250437908535005,0.396500047014701,0.237577164785446,0.0447418983863517,-0.0762141307645803,-0.128242907264363,-0.0730008515484006,0.0144356843246258,-0.111572415874561,-0.496453542055997,-0.749393264398633,-0.502599449202649,0.00340209453995029,0.163075934456015,-0.157029316224736,-0.397282641847559,-0.0697039433694969,0.555813914309015,0.779910679996345,0.319209694768095,-0.432031061067578,-0.916014058435998,NA,NA
1,NA,NA,NA,NA,NA,NA,NA,NA,NA,NA,NA,NA,NA,0.0285807436194594,0.0297909037303226,0.0307137609816363,0.0297338392375985,0.0268589238466882,0.0233908610956854,0.0203623344610168,0.0180638930724288,0.0169132241324441,0.0178045784942477,0.0210547813900732,0.0254805539176616,0.029198570115527,0.0312768397932638,0.0320811332504406,0.0416496578711785,0.0388384312637862,0.0322822128919609,0.0233291846540338,0.0153973720808671,0.0109753622455484,0.00977927505924492,0.00996271524832038,0.0102105526587766,NA,NA,NA,NA,NA,NA
1,NA,NA,NA,NA,NA,NA,NA,NA,NA,NA,NA,NA,NA,-0.0185936385337627,-0.0137080729697819,-0.00668045246227578,-0.00131910716920214,0.00113780527011798,0.00181985812323149,0.000998462074324413,-0.0031546545449449,-0.0118278166780638,-0.0222825792374464,-0.0286088792042104,-0.0270706147259716,-0.0205379042789712,-0.016824150371136,-0.0204780182737211,-0.0283734269423037,-0.0329022323093048,-0.0289940598835606,-0.0182709437748654,-0.00697222081628412,0.02498449482281,0.0326958909282542,0.0350757579626044,0.0342103117856083,0.0328885587833774,NA,NA,NA,NA,NA
1,NA,NA,NA,NA,NA,NA,NA,NA,NA,NA,NA,NA,NA,NA,NA,-0.0114393726401687,-0.0114393726401687,-0.0114393726401687,-0.0114393726401691,-0.051152522447381,0,-0.166768010809484,0.0255762612236903,0.0255762612236907,0.035531677912723,0.0355316779127226,-0.0355316779127226,-0.035531677912723,0.00954531790623037,NA,NA,NA,NA,NA,NA,NA,NA,NA,NA,NA,NA,NA,NA
1,NA,NA,NA,NA,NA,NA,NA,NA,NA,NA,NA,NA,NA,NA,NA,-0.0055690986777881,-0.0055690986777881,-0.0055690986777881,-0.0055690986777881,0.0434656937810907,-0.0105946495349691,-0.0105946495349691,0.0137975617194082,0.0137975617194086,0.0137975617194082,-0.0981473225719838,-0.0981473225719842,0.0545722347125341,0.0545722347125337,NA,NA,NA,NA,NA,NA,NA,NA,NA,NA,NA,NA,NA,NA
1,NA,NA,NA,NA,NA,NA,NA,NA,NA,NA,NA,NA,NA,NA,NA,-0.0253058652647704,-0.412663265492744,NA,0.0686042486071323,-0.0017935971807943,-0.0116857583251946,-0.00264009616620831,NA,NA,NA,NA,NA,NA,NA,NA,NA,NA,NA,NA,NA,NA,NA,NA,NA,NA,NA,NA,NA
1,NA,NA,NA,NA,NA,NA,NA,NA,NA,NA,NA,NA,NA,NA,NA,NA,NA,-0.00546239885893574,-0.0054623988583713,-0.065572077217346,-0.0765045551431408,-0.0953050894992433,-0.00380291376328179,0.0334797133430798,-0.0304529992338429,0.0174492739307912,0.0178789814899589,0.0221772801716654,0.0238474372373084,0.0263168155713138,0.0289799357500658,0.0311047610027472,0.0324173961342242,0.0331728270303927,0.0256188110992692,0.0254147989313833,0.0386906390520323,0.0344117627473384,0.0537279224959382,0.0446104468979933,0.0398369138237973,NA,NA
1,NA,NA,NA,NA,NA,NA,NA,NA,NA,NA,NA,NA,NA,NA,NA,NA,NA,-0.0851682264720498,-0.0697850681685492,-0.0352600695076977,0.00842909118236859,0.0379253237617909,0.037845002385338,0.0169909042607363,-0.00350358384097176,-0.0149267335929282,-0.0247845976922093,-0.0369926809515191,-0.0410578698219909,-0.0281815040787599,-0.0093366977149073,-0.00526201328294607,-0.0202107788954762,-0.0370183508134368,-0.0407040479412965,-0.0362428010603097,NA,NA,NA,NA,NA,NA,NA
1,NA,NA,NA,NA,NA,NA,NA,NA,NA,NA,NA,NA,NA,NA,NA,NA,NA,NA,-0.0263289387223491,-0.0669467896306131,-0.0184834056940131,NA,NA,NA,NA,NA,NA,NA,NA,NA,NA,NA,NA,NA,NA,NA,NA,NA,NA,NA,NA,NA,NA
1,NA,NA,NA,NA,NA,NA,NA,NA,NA,NA,NA,NA,NA,NA,NA,NA,NA,NA,NA,0.120547450642329,NA,NA,NA,NA,NA,NA,NA,NA,NA,NA,NA,NA,NA,NA,NA,NA,NA,NA,NA,NA,NA,NA,NA
1,NA,NA,NA,NA,NA,NA,NA,NA,NA,NA,NA,NA,NA,NA,NA,NA,NA,NA,NA,NA,NA,0.551754873016567,-0.278753600952829,0.0413926851582251,NA,NA,NA,NA,NA,NA,NA,NA,NA,NA,NA,NA,NA,NA,NA,NA,NA,NA,NA
1,NA,NA,NA,NA,NA,NA,NA,NA,NA,NA,NA,NA,NA,NA,NA,NA,NA,NA,NA,NA,NA,0.544068044350276,-0.104735350520013,0.0377885608893997,NA,NA,NA,NA,NA,NA,NA,NA,NA,NA,NA,NA,NA,NA,NA,NA,NA,NA,NA
1,NA,NA,NA,NA,NA,NA,NA,NA,NA,NA,NA,NA,NA,NA,NA,NA,NA,NA,NA,NA,NA,0,0,0,NA,NA,NA,NA,NA,NA,NA,NA,NA,NA,NA,NA,NA,NA,NA,NA,NA,NA,NA
1,NA,NA,NA,NA,NA,NA,NA,NA,NA,NA,NA,NA,NA,NA,NA,NA,NA,NA,NA,NA,NA,0.137383556062558,NA,NA,NA,NA,NA,NA,NA,NA,NA,NA,NA,NA,NA,NA,NA,NA,NA,NA,NA,NA,NA
1,NA,NA,NA,NA,NA,NA,NA,NA,NA,NA,NA,NA,NA,NA,NA,NA,NA,NA,NA,NA,NA,NA,-0.825952483454305,-0.911362512957933,NA,NA,NA,NA,NA,NA,NA,NA,NA,NA,NA,NA,NA,NA,NA,NA,NA,NA,NA
1,NA,NA,NA,NA,NA,NA,NA,NA,NA,NA,NA,NA,NA,NA,NA,NA,NA,NA,NA,NA,NA,NA,-0.592916611888093,0.75966784468963,NA,NA,NA,NA,NA,NA,NA,NA,NA,NA,NA,NA,NA,NA,NA,NA,NA,NA,NA
1,NA,NA,NA,NA,NA,NA,NA,NA,NA,NA,NA,NA,NA,NA,NA,NA,NA,NA,NA,NA,NA,NA,-0.0579919469776867,0.433655560938572,NA,NA,NA,NA,NA,NA,NA,NA,NA,NA,NA,NA,NA,NA,NA,NA,NA,NA,NA
1,NA,NA,NA,NA,NA,NA,NA,NA,NA,NA,NA,NA,NA,NA,NA,NA,NA,NA,NA,NA,NA,NA,0,0.477121254719662,NA,NA,NA,NA,NA,NA,NA,NA,NA,NA,NA,NA,NA,NA,NA,NA,NA,NA,NA
1,NA,NA,NA,NA,NA,NA,NA,NA,NA,NA,NA,NA,NA,NA,NA,NA,NA,NA,NA,NA,NA,NA,NA,0.425968732272281,NA,NA,NA,NA,NA,NA,NA,NA,NA,NA,NA,NA,NA,NA,NA,NA,NA,NA,NA
1,NA,NA,NA,NA,NA,NA,NA,NA,NA,NA,NA,NA,NA,NA,NA,NA,NA,NA,NA,NA,NA,NA,NA,NA,NA,-0.0070666005902007,-0.00706660059020114,-0.00706660059020114,-0.00706660059020114,-0.00706660059020114,-0.0070666005902007,-0.00706660059020114,-0.00706660059020114,-0.00706660059020114,-0.0070666005902007,-0.00706660059020114,-0.00706660059020114,-0.00706660059020114,-0.00706660059020114,-0.0070666005902007,-0.00706660059020114,NA,NA
1,NA,NA,NA,NA,NA,NA,NA,NA,NA,NA,NA,NA,NA,NA,NA,NA,NA,NA,NA,NA,NA,NA,NA,NA,NA,NA,0.0188853441603736,-0.224939826593498,0.0843208857000359,NA,NA,NA,NA,NA,NA,NA,NA,NA,NA,NA,NA,NA,NA
1,NA,NA,NA,NA,NA,NA,NA,NA,NA,NA,NA,NA,NA,NA,NA,NA,NA,NA,NA,NA,NA,NA,NA,NA,NA,NA,NA,0,0,0,0,0,0,0,0.013421214740694,0.0134212147406942,0.013421214740694,0.013421214740694,NA,NA,NA,NA,NA
1,NA,NA,NA,NA,NA,NA,NA,NA,NA,NA,NA,NA,NA,NA,NA,NA,NA,NA,NA,NA,NA,NA,NA,NA,NA,NA,NA,NA,NA,0.0321316776277802,0.0321316776277802,0.0321316776277802,0.0321316776277802,0.0321316776277802,NA,NA,NA,NA,NA,NA,NA,NA,NA
1,NA,NA,NA,NA,NA,NA,NA,NA,NA,NA,NA,NA,NA,NA,NA,NA,NA,NA,NA,NA,NA,NA,NA,NA,NA,NA,NA,NA,NA,NA,-0.0565478168764,-0.0686973397771067,-0.0786063173252938,-0.0660362519643924,-0.0250031401754627,0.0268195432539424,0.0608272750500944,NA,NA,NA,NA,NA,NA
1,NA,NA,NA,NA,NA,NA,NA,NA,NA,NA,NA,NA,NA,NA,NA,NA,NA,NA,NA,NA,NA,NA,NA,NA,NA,NA,NA,NA,NA,NA,0.0135458980167202,0.0135458980167207,0.0135458980167207,0.0313146344426225,0.0313146344426225,-0.0138285229507296,-0.0138285229507296,-0.0138285229507296,0.0635130865068647,-0.0864741588979472,-0.0849802762956053,NA,NA
1,NA,NA,NA,NA,NA,NA,NA,NA,NA,NA,NA,NA,NA,NA,NA,NA,NA,NA,NA,NA,NA,NA,NA,NA,NA,NA,NA,NA,NA,NA,-0.0116620182606271,-0.0116620182606271,-0.011662018260628,-0.0116620182606271,-0.0116620182606271,-0.011662018260628,-0.0116620182606271,-0.0116620182606271,0.0473216841849968,0.0473216841849968,-0.00806977916629936,-0.00806977916629936,-0.00806977916629847
1,NA,NA,NA,NA,NA,NA,NA,NA,NA,NA,NA,NA,NA,NA,NA,NA,NA,NA,NA,NA,NA,NA,NA,NA,NA,NA,NA,NA,NA,NA,NA,0,0.212608092881444,NA,NA,NA,NA,NA,NA,NA,NA,NA,NA
1,NA,NA,NA,NA,NA,NA,NA,NA,NA,NA,NA,NA,NA,NA,NA,NA,NA,NA,NA,NA,NA,NA,NA,NA,NA,NA,NA,NA,NA,NA,NA,-0.0361735808283941,-0.0361735808283936,-0.0361735808283941,0.0335699950030413,-0.141845677824447,-0.0565233967809733,0.140293599815859,0.00754080453822237,0.00805695991619881,NA,NA,NA
