1,-0.0880382713224675,-0.0418686479625489,-0.0207255441879978,-0.0472017981383214,-0.0739644248101829,-0.0535285961352171,-0.00177824629240215,0.0202918888375796,0.0107228074485183,-0.000874225430972204,0.0168425653626601,0.0505457833874414,0.0629075663081631,0.0451464395879844,0.0275682681832418,0.0363195189803181,0.0581454908753496,0.0682811955118855,0.0384448304655296,0.00335519491049259,-0.00198558957543959,-0.00291934630345914,0.00560452409747988,0.0107265008733644,0.00593334877248519,-0.0255258003513983,0.117052360955074,0.0535029950783393,0.0299385426678206,-0.00467792418880299,0.0129499017426699,0.0270753663649311,0.0324410926060774,0.0290820949535412,0.0171858655425133,-0.0018739685522279,-0.0174717397522473,-0.000536740832515648,NA,NA,NA,NA,NA,NA
1,0.00787151595456639,0.0109023507840299,-0.0254136313533672,-0.0500056337369445,-0.0389576518914149,-0.00298485126181125,0.0289142948579026,0.0284485525098733,0.00807741679083814,0.0378458759112627,0.0444788044953586,0.0129167205896361,-0.00387509393797706,-0.0233180439161325,-0.0360246380625032,-0.0390797569567598,-0.0539169260302991,-0.0025254108988557,-0.0203317260727294,-0.0520382977111106,-0.0840528862518151,-0.0793122258211345,-0.0428430414008864,-0.00818180259756293,-0.00139183585157262,-0.0138125815852035,-0.0313399381260116,-0.0314763209448403,-0.0372048130633022,-0.0184873134955504,-0.000961720531258803,0.0114286587552001,-0.00100845066666285,-0.0185799607132912,-0.0153044562686798,0.0106725902905061,0.0258322763581616,0.0118604725549166,0.00113390355167271,0.00292426904822216,0.0603047478319467,0.0501176787524474,0.0403432986529618,0.0434095231299905
1,-0.117269066944462,-0.123203940453412,-0.0700221449580554,0.0145676582612903,0.0538710922462442,0.0455077721389811,0.0137597073300053,0.00402115018490043,0.020024412051943,0.0590220093438232,0.0624977587180007,0.0226687146565768,-0.0155371503035,-0.0153562972561644,0.00757544731234915,0.0117365252516003,-0.0111056928163505,-0.0594410944795245,-0.0856187470441886,-0.0773727984284779,-0.0439114445822133,0.00555276370526729,0.0596137948887776,0.0672767782729403,0.0620477374334597,0.0979610032400581,0.0609424355275153,-0.0118255746360781,-0.0646803463156944,-0.0112852705378449,0.0636675784879448,0.109692011578852,0.0736799946611675,0.00471686861491744,-0.052799630743311,-0.0316349059948932,0.00651901305900165,-0.0131159793047219,-0.0112420100620069,-0.0475143965297935,-0.0424698504881296,-0.025001322561951,-0.0789581493191037,-0.204919153708171
1,0.110331583110276,0.141354207407411,0.130234179587009,0.087107892427057,0.000735989332708131,0.00287410918507303,0.00629087341798096,-0.015503437227132,-0.0494504773491592,-0.0578112195210165,-0.0259252644916291,0.0213560533525977,0.0506301818677219,0.0531792990827892,0.0425038835921519,0.0293887249960582,0.0112810449719724,-0.0112652990791996,-0.0284049731381453,-0.0283876773239759,-0.0104872280949174,0.0118375231837518,0.021070744909408,-0.0536514885469421,-0.0677836435325421,-0.095502329245061,-0.109528868752391,-0.149327966658303,-0.0700170799622571,0.3259763975136,0.0130824572521234,0.0408401715068412,0.085390280600848,0.103722362886415,0.0711237631538746,0.0363956113475783,0.0585762600506186,0.122958301465234,0.360814900019715,0.392710393028058,0.377376826732429,0.35557262741946,NA,NA
1,-0.270972599957345,-0.154291493081001,-0.0063930618763198,0.0126405092083696,0.00283499743791468,-0.0065448387764761,-0.023761189995264,-0.0667053911350737,-0.120183284766415,-0.0971007406285038,-0.02606171679669,0.0421651627836795,0.0666148458861389,0.0592602201168097,0.0412716147398706,0.0287836324847533,0.0247972941841886,0.0328097800777154,0.0564181433280952,0.0790476599070128,0.0676773488837722,0.0100784823710923,-0.064487299158723,-0.112137054856883,-0.112699966707089,0.195105381976262,0.0175998199117481,0.0123955218882442,-0.192218209836882,0.051408346523125,-0.0104869751472199,-0.0598532367899253,-0.0797894087176326,-0.0735198022529804,-0.0570984972283061,-0.0426580195222428,-0.0391181816925406,-0.0213686820150333,-0.117535368189466,-0.172638954745676,NA,NA,NA,NA
1,-0.0259913088628232,0.00600176446685109,0.0308742250634526,0.0291023972690922,0.000843076708227836,-0.0335773642693068,-0.0546455384470771,-0.0589241146046673,-0.0526587280513944,-0.0387525921451941,-0.0168834199662323,0.00790666457272136,0.0257472556449881,0.0321850519756957,0.0319441137682652,0.0306222630395368,0.0280023411862348,-0.0126059249491454,-0.0172959649536348,-0.0197381076464192,-0.0224373508367315,-0.0236298384123386,-0.0201259359264051,-0.0125342719497724,-0.00458885322594715,0.00176432322247129,0.00716500476075087,0.0108524425401116,0.00965730593680347,0.002226695535607,-0.00879697467654113,-0.0204750958871707,-0.0325860896198608,-0.0446835241460475,-0.053120305572054,0.000876855073416838,0.000995272089844512,0.00421427674161245,0.00713923920136317,NA,NA,NA,NA,NA
1,-0.0222128014700054,-0.025706556354518,-0.0332645919325822,-0.0391222404517264,-0.0412456597554844,-0.0384036633681459,-0.0255548816272757,0.0111599601394417,0.00342289167449139,0.00629240962272426,0.0225166403806796,0.0141246997702143,0.019777342217076,0.0365928192054901,0.0449728351892335,0.0349204073941011,0.0176005770560831,0.00639925651114955,-0.00164843329021721,-0.0169509772198645,-0.0380582599664345,-0.0521170132208255,-0.0514507326046788,-0.0402782320549668,-0.0260126621594175,-0.012481703278435,-0.00231632029867631,0.00192735775511836,0.00159109031929809,0.0979916951289679,0.00133329749634115,-0.00120735485844074,-0.00625921313376687,-0.0074430533747268,-0.0066027816868699,0.00297002110562143,0.0117796772915742,0.0234985246046723,0.0331340470749215,0.0632125212558632,NA,NA,NA,NA
1,-0.0160584300806823,-0.0304623420073198,-0.025673535478244,-0.00629123528441367,0.0095803562897832,0.00411039010221299,0.00261643397830116,0.0128231411894324,0.0138874311154924,-0.00550658055431255,-0.0204428186689851,-0.00613091670925652,0.0235905549701754,0.0269239774025647,0.0292622502768465,0.0116601209628197,0.00297219092109802,0.0022742240064943,0.00578529386263282,0.0123600440222507,0.018866816612374,0.020541139283198,0.0152870952734872,0.00139466049900949,-0.0223211860447396,-0.0453309634392292,-0.0453998128026194,-0.0223963612257858,0.0134412522437414,0.0159511806679618,-0.00514837511404449,-0.00975831567473603,0.0100283717665923,0.0187437855028879,-0.00174155880869182,-0.0194169985134822,-0.00400862102437762,0.0227661928821735,NA,NA,NA,NA,NA,NA
1,-0.0243945574035052,-0.00360052740004813,-0.0201851145932821,-0.0507142962700176,-0.0738268094823135,-0.0962900523847012,-0.0748211673724344,-0.0149367614323392,-0.0153535562605617,-0.0208303167424124,-0.0497611456443146,-0.0370479895839218,0.210546122314507,0.227636339936627,0.172162811498684,0.0583329433316852,-0.00912247967025243,-0.033541093689244,0.0252822031777356,0.00576714254559418,-0.00339767868101394,-0.0138718280507433,-0.0086739097801921,0.00172639700074936,0.00777645504355149,-0.0857832148685764,-0.0049450308211172,0.077946230918033,-0.129058752334848,-0.000244185282487688,-0.0122726449161899,-0.00995423217669337,-0.0143090352327645,-0.0168159183502398,0.0022767745462007,0.0119634070373285,-0.00216567572483758,-0.0192494368240738,-0.0222374814929613,-0.0186257655739481,NA,NA,NA,NA
1,-0.00511152540132981,-0.00814118629373728,-0.0108663985228978,-0.0131205852725562,-0.0148716083861888,-0.0161851305626353,-0.0173309422824871,-0.0183577501475476,-0.0724035187699397,-0.0419486339788736,0.164061250278259,-0.105269919373015,0.072599998058308,0.0735646541057234,-0.14133541742682,0.00284639290952264,-0.0104329121682543,-0.00927976661951313,-0.00836155581272094,-0.00782085611857427,-0.00765598295841472,-0.00774933495447703,-0.00794810149466989,-0.00814232500782008,-0.00826362786515528,-0.00829236883245961,-0.00828366706390728,-0.00832741865467072,0.0422736437297686,0.00665955373831135,NA,NA,NA,NA,NA,NA,NA,NA,NA,NA,NA,NA,NA,NA
1,0.125649466061209,0.147715696366396,0.143080888421069,0.131278820648843,0.102443848741203,0.0405135555009588,-0.0389390829353427,-0.0923601247539407,-0.0131122355018173,-0.00732007124763342,-0.0048820457029346,-0.00287482010041643,0.00668205662612803,0.0172994885611762,0.0144596479500484,-0.0184828356739845,-0.0637827352241888,-0.0912013896287579,-0.088671465229896,-0.0686245821602139,-0.0492053193672388,-0.0220760211989223,-0.0165141435314894,-0.0116241379358984,-0.0338988053774238,-0.0278772916061491,0.00323517948275942,-0.0181983498381967,0.0632344628595776,-0.0844520773632461,0.0113257363184017,0.0274591228762682,0.0322123111944182,0.0257898565110486,0.0200748574377765,0.0107000828033161,0.0344690770896481,0.0293455981445395,0.0403119422009486,0.0452545929176487,NA,NA,NA,NA
1,-0.1193489394454,0.0190251368396377,0.0406023170923326,0.0493107224228908,0.0416383464483926,0.0301032202592914,0.0135862029542276,0.00187406513377438,0.00524609325362594,0.0166192738422413,0.0138918753726374,-0.0125515302454454,-0.0355109951235394,-0.0472196189605038,-0.0340388580264471,-0.00755307747468204,0.00694574691732264,-0.00175187804809965,-0.0202303434225906,-0.027574653793199,-0.0171082381599899,0.0268889692700067,0.0455035702065933,0.057681212882567,0.038357648723521,0.00985536865163635,-0.0152862216675916,-0.0343422592177053,-0.00591109576040712,0.0875539541242973,0.0417951749480851,0.0194511550391859,-0.0130172620227541,-0.0292887813079032,-0.0263963681296928,-0.0181550947990637,-0.0490135932562152,-0.029373105053017,0.108735912501299,0.152428336844677,NA,NA,NA,NA
1,0.0416565867832639,0.0354297450517599,0.0353873380780277,0.0418474454378787,0.0445717791386552,0.0354377429307445,0.0174413932204088,-0.00125670717896516,-0.0227984801027214,-0.0197337730305649,-0.0196717681674214,-0.0166080026313188,-0.0278625872655328,-0.0470707732763326,-0.0581060487227009,-0.0503768368601529,-0.0303723280815523,-0.0132868090175248,-0.020004257490853,-0.0384314860573562,-0.0730218214292398,-0.0748628610816156,-0.0622309171871567,-0.0448603462775032,-0.0310713748889879,-0.0209059366463883,-0.0101553844561262,-0.000410849486207991,0.000233893271353503,-0.0101200371290293,-0.0189799716206082,-0.0115135616873565,0.0105999117729642,0.0303614553036543,0.0362470358011324,0.0319546579212623,0.0263926911709787,0.0209742691558565,0.013341823670605,0.0164175165378466,NA,NA,NA,NA
1,0.0065952132576258,-0.00118998558414785,0.0163753319261602,0.00620918151910201,-0.0128474980799856,-0.0313991810744061,-0.0317876173498813,-0.0107705489928386,0.0145862401000052,0.0271350407235116,0.025581628000903,0.0167252593428597,0.0274347188472454,0.00278488795182893,-0.0203393065832371,-0.029320424261482,-0.0304298045073356,-0.0343319125252154,-0.0354437008850786,-0.022415922139576,-0.00320279046134364,0.000550759297696916,-0.0139624086236105,-0.0233207112761728,-0.011734051840394,0.0229204831163288,0.0277506653165938,0.00680470109872785,-0.00126943472130181,0.0175526530684834,0.0440723393963773,0.0522108524052489,0.0397603421461286,0.0245855093138271,0.0162588998358295,0.0192878086387361,0.0159766993947743,0.00723834169436059,0.0120735050192788,0.0117262273591914,NA,NA,NA,NA
1,-0.0180912166758295,-0.0104993984137005,-0.000391907036939698,0.00164579982422741,-0.00285674299410021,-0.00579384740422217,-0.00491720521234862,-0.00431805256569417,-0.00582835590616959,-0.00678122301547734,-0.00588157187709415,-0.00537526500029084,-0.00616336276254992,-0.00564872391306925,-0.002659786017849,-0.00052059031166718,-0.002232218028695,-0.00572238309671425,-0.0075295186837735,-0.00133994490405757,-0.00870791074876146,-0.0227772183014444,-0.0387828497579537,-0.0515918162409169,-0.0593892087101375,-0.062282677936849,-0.0604228914860363,-0.055285561675799,-0.0506591705529731,-0.0496827371317351,-0.033081017664701,-0.0159814527531319,0.000759922098299448,0.000759922098299892,0.000759922098299448,NA,NA,NA,NA,NA,NA,NA,NA,NA
1,0.0128905946362891,-0.041107826870322,-0.089578407205657,-0.0814506314467645,-0.0172361775068543,0.0523717618930241,0.0821227534978551,0.125631948612193,0.0981283002067764,0.0689754886963387,0.0389090174145511,0.0245770732945477,0.0271780209327093,0.0144785439332021,-0.0290756285753449,-0.0632778107016974,-0.0473069680921877,-0.0111902516513914,-0.0182499075878198,-0.0659227614620539,-0.0832737024496319,-0.0348342985473868,0.0290794661298649,0.0476292912077591,-0.0122932862116471,-0.0237508611669187,-0.00242295063848465,0.0207467115491771,0.0324816438730029,0.038144353233604,0.0244998706673472,-0.0244519148358826,-0.0864341051699137,-0.121874703609548,-0.127354896401399,NA,NA,NA,NA,NA,NA,NA,NA,NA
1,-0.0183358735176218,0.0019481526955217,0.0290181145568759,0.0354451106725846,0.0230230575126058,0.015196841560092,0.0195705167367141,-0.00842093990608466,-0.0217253006799756,-0.0350213184626199,-0.0276343688127207,0.00187676566268016,0.0281001720035737,0.0244894649338255,-0.00821467315829122,-0.0443935357169201,-0.0613886908547077,-0.058803155937317,-0.0503684206521325,-0.0436482705938992,-0.0330598967072043,-0.011262928634683,0.0176566034294543,0.0392677406659317,0.0153822330990085,0.00680484738943183,0.00433375890058315,0.0218315364690957,0.0511337150461364,0.0675507098469741,0.0703217947013119,0.0115012622657205,-0.0521327466322008,-0.0893148381783618,NA,NA,NA,NA,NA,NA,NA,NA,NA,NA
1,-0.0311076662569816,-0.0540301430731613,-0.0348371311395699,-0.0238827863354008,-0.0561691135932971,-0.015510598262038,-0.0294734904131602,-0.0210778106387934,-0.00245827229770246,0.00867644523407218,0.00858794028571497,0.00745481328633302,0.0136108718418106,0.0223171114887339,0.021177218898615,0.00503587518275994,-0.0168959046227783,-0.030273765815664,-0.0308084721015742,-0.027114916285901,-0.00330484338791163,-0.00527513605327871,-0.0019509301845871,0.00762826661373439,0.016306506317825,0.0185098191747208,0.0176798746537559,-0.00201166683565879,0.00341205817310286,0.0276354620913173,0.032710473747986,0.0321131207430098,0.0228855995124975,0.00538918594156742,-0.013031406880543,-0.0203835834339789,-0.0104175545462031,0.00919549797145613,0.0227714222423024,0.00780517018672566,0.00588729509328001,-0.017656976021684,NA,NA
1,-0.543019667994386,-0.841514230079255,-0.695310322556103,-0.41503426056248,NA,NA,NA,NA,NA,NA,-0.0186790097146707,-0.0167376535450133,-0.0128542587166586,-0.00717892429566907,0.000208732276691753,0.0087553558184642,0.0168886099490343,0.0226954814347784,0.025473494256059,0.0264144378510097,0.0274015260170743,0.0290911251047082,0.030489064787721,NA,NA,1,-1,0,0,NA,NA,NA,NA,NA,NA,NA,NA,NA,NA,NA,NA,NA,NA,NA
1,-0.0716482982065865,-0.0550983411855941,-0.0228398898820721,0.00792766151099533,0.0129309964804143,-0.0103727622821939,-0.0348224642934933,-0.0322803234173989,-0.027066675410533,-0.0118987607957853,-0.023892787918886,-0.0431769198265716,-0.0652037095839666,-0.077051916881705,-0.0738389107056111,-0.0594431631830576,-0.0435329064558533,-0.0361733885186767,-0.0407816781882421,-0.0361090295342419,-0.0927113337701602,-0.0949931310989078,-0.0855239041660204,-0.0670688476414126,-0.0826046557517556,-0.0263856914470644,0.021563951465512,0.0346599838163899,0.0135621213806144,-0.0109047581430674,0.0266394297398997,0.0309583010804704,0.0359996196158507,0.0391999956922258,NA,NA,NA,NA,NA,NA,NA,NA,NA,NA
1,0.0154130737396541,0.0324562485898379,0.0231524526745241,0.0113101491905502,0.00181830789672324,-0.0418374234097886,-0.0487945317907812,-0.000704058049940152,-0.00624840344652601,-0.00612712786267197,-0.0576437963634429,-0.0577110288551559,0.0749912604759243,-0.0286394383186866,-0.0727663734364419,-0.0716105127155297,-0.0673580711786311,0.0498544699127077,0.11390630206934,-0.322313222333966,0.0608800523102582,-0.12027122145075,-0.123668984724706,-0.0950073655075894,-0.056647605395401,-0.0260993393908043,-0.0116540650606174,-0.00651911135775443,-0.00454257683506609,-0.0102845280776048,-0.0280964804686457,-0.0476159066854437,-0.0500359868088976,-0.0294915518968049,-0.000294136415088131,0.0514338576702906,0.0653324429002385,NA,NA,NA,NA,NA,NA,NA
1,-0.0579344100204966,-0.0248297640704318,-0.0412940728209641,-0.109409441394813,-0.07695999491762,-0.0267062574443861,0.0128078201285271,0.0271693065837884,0.024294997652525,0.0184500034966829,0.0123611323484065,-0.00376997553887279,-0.0377784384558927,-0.0803831419390053,-0.103988853763239,-0.081219624535815,-0.0139768886178734,0.0550759224713756,0.0706320215142274,0.0158107317553886,-0.0650963435650181,-0.103176480942235,-0.0670316093322085,0.0151744176689844,0.0926365177051908,0.137889949113732,0.124087496470707,0.114679938337391,0.0579570332446811,0.0385985637534391,0.025957103266519,-0.141161472024277,-0.26805404615894,0.122317747275483,0.0266340833982611,0.328495067702938,0.0240649321585536,0.0208840359697725,0.00865264146284739,-0.000192348973245632,0.0023843836962634,0.00916679537918277,NA,NA
1,-0.0247214627285679,0.031148147204846,0.0285486028625152,0.287232879607384,-0.386358052697817,0.181896816829626,-0.343211452069768,-0.0603600592539583,0.104901173785296,0.057868417494956,-0.0205068680160849,-0.0771713332889425,-0.0672734841267348,-0.00456445036677966,0.0142054747951261,-0.00337914634539382,-0.0531313774886859,-0.0370652312213645,-0.0290481629074391,0.00819581722124093,0.0441351966176335,0.0519788634433563,0.0322254601250918,0.0628603983530138,0.0790728848428002,0.0892328467503074,0.283070338090949,0.0425755317136141,0.0354909730046458,0.017927484133185,0.0429169438310751,-0.000373704734064562,-0.146616277424304,-0.137449633468133,-0.0934566747019434,0.0638320281075841,0.0475133833811598,0.132624682987799,0.108065845691008,0.137464622960943,0.14980785873948,0.112806941799259,NA,NA
1,0.185991790250999,0.168202386738706,0.0903836349251459,-0.00225779858664721,-0.0689830647114018,-0.0953894497127652,-0.0757220717152021,-0.00700639033348072,0.0865482211805451,0.14743066381836,0.131344170113154,0.0586047211061151,-0.00126485393040365,-0.00224810468237946,0.0347008443761339,0.0572914596936118,0.0451785634537392,0.0213194782306245,0.00874189788177082,-0.000117710653604775,-0.0234026945025394,-0.0567448143193978,-0.0772609138081051,-0.0751585468382685,-0.0648074073249063,-0.0622011486432128,-0.0656077052603603,NA,NA,NA,NA,NA,NA,NA,NA,NA,NA,NA,NA,NA,NA,NA,NA,NA
1,-0.0331507310820143,0.0499501537807107,0.0800800854087846,0.0330556839955933,-0.0600953275030292,-0.122593560367862,-0.0863934482081585,0.0428224593983367,0.178356812422217,0.230469965309284,0.196745179713495,0.156546896767083,0.166776808197618,0.186793671286026,0.133392545102364,-0.00294635801496388,-0.136017828302642,-0.18572479204684,-0.163393612465627,-0.127533948464452,-0.085626491749047,0.00569211975932327,0.140577024641239,0.223593591782251,0.0471993756034408,0.414860376994025,0.0188836708629137,0.463185347456674,-0.413463085273454,0.206725372133328,-0.00959291011429442,-0.229281411149695,NA,NA,NA,NA,NA,NA,NA,NA,NA,NA,NA,NA
1,0.141101674295883,0.165008150701811,0.169399681733541,0.137223394731397,0.0772790845507608,0.0171374525211356,-0.0250744592746968,-0.0544891280863017,-0.0821958730236002,-0.10280323173323,-0.0982591587968263,-0.0607525831261423,-0.00322164538263403,0.0513968146160776,0.0827679527593089,0.0773955552604169,0.0352759684610642,-0.0209593007726521,-0.0556384215251504,-0.0516069349293443,-0.0279360344368986,-0.0159620127588377,-0.0216423796790826,-0.0235951543023427,-0.00598281102825649,0.0227034091510141,0.0479606795524561,0.0706750866495887,0.0976590509377761,0.119428052952796,0.113331965642499,0.0703087991866918,0.00849286271241071,-0.0434496088423688,-0.0709127981771321,-0.0790874244243355,NA,NA,NA,NA,NA,NA,NA,NA
1,0.0458500619402903,0.0296330379449835,-0.00412190282474647,0.00232363015101426,0.00991820224523502,-0.0303364473425326,-0.0285053537431513,-0.0276894354623943,-0.0121446639288937,-0.00419751989185449,-0.00828348861648252,-0.0186873967126483,-0.0387665619856022,-0.0506406946371761,0.00652994965564405,-0.00889727826335401,-0.032940449216821,-0.0554421169800796,-0.0692807117604081,-0.0735323406610371,-0.070776016366817,-0.0613514413281196,-0.0424146114671638,-0.0209663476632867,0.0366234391459721,0.101983849108949,0.0179855308208693,-0.00420573465306568,-0.0128549949334078,-0.0234803865673648,-0.00747963078020273,-0.0344266029641819,-0.00640970747932215,0.0707742108654062,0.121394155155586,0.0802192427938455,-0.0202606648311798,-0.0805037221127856,-0.055479983133063,0.0271434792173833,NA,NA,NA,NA
1,-0.0352354730278683,-0.0338077521476234,-0.0309523103871341,-0.0266691477463998,-0.0209582642254205,-0.0142058350841126,-0.00790353540139765,-0.00222543659423136,0.00288148729812732,0.00798847333940667,0.0155254617811507,0.026360981935929,0.0391258141893462,0.0518210007921003,0.0633624334838598,0.0737220768990049,0.0830177136667604,0.0908853590381209,0.0967939271519457,0.100691902292835,0.103085754617354,0.104518866780483,0.105206125406561,NA,NA,NA,NA,NA,NA,NA,NA,NA,NA,NA,NA,NA,NA,NA,NA,NA,NA,NA,NA,NA
1,-0.035302607363451,-0.0343116368822316,-0.0325803321472192,-0.0305178828964777,-0.0296770996220522,-0.0308985517831117,-0.0332678415192981,-0.0347439773533163,-0.0336576761031983,-0.0296240637672539,-0.0231926310180267,-0.0149884789233812,-0.00535791849377809,0.00541228281773898,0.0168711116325223,0.0284157099045435,0.0393605997098303,0.0490345709311779,0.0570330509395953,0.0634158110167559,0.0684493783543565,0.0720796279158891,0.0739385210152501,NA,NA,NA,NA,NA,NA,NA,NA,NA,NA,NA,NA,NA,NA,NA,NA,NA,NA,NA,NA,NA
1,0.105803106314923,0.108534401633713,0.112186470538111,0.108855126347485,0.0949114110011864,0.0742143105263693,0.052954969108194,0.0345795353896999,0.0197940938282017,0.00907609067767892,0.00312088512273456,0.001392788191316,0.00203225299752821,0.00261439023374661,0.00398103698953841,0.00620794983956889,0.00925437124332684,-0.037229300541346,-0.0396048265726653,-0.0439861584599477,-0.0451625014294803,-0.0372831456008122,-0.0188503737107667,-0.0105631759107245,0.0165971025784433,0.0341068835122611,0.0413844432403658,0.0404640789341719,0.0322465070756504,0.0179380877927129,0.00212930879779849,-0.00886876731869957,-0.0165186559994449,-0.0161152577640212,-0.015918493195757,-0.0163686777174614,-0.0155706398699229,-0.0131179620143283,-0.0111418241360004,-0.0112610814559795,-0.0123160517004648,-0.00125286463386143,-0.00125286463385521,NA
1,-0.0953331401218251,-0.0891905524486605,-0.0769053771023298,-0.0584776140828325,-0.036643138712763,-0.0223454522824846,-0.0183204301145894,-0.0242551106549742,-0.037556086368792,-0.0508105796271574,-0.0544906574542774,-0.0418543952367196,-0.011649704521393,0.0337278114093107,0.0821571945086736,0.1193869697714,0.135793149606115,0.12963509294672,0.106740277107344,0.0771134936268765,0.0504540677632486,0.0327525247760481,0.0250404140128879,NA,NA,NA,NA,NA,NA,NA,NA,NA,NA,NA,NA,NA,NA,NA,NA,NA,NA,NA,NA,NA
1,0.00446309757068375,0.00791803195813268,0.0153196564272856,0.0270981865152821,0.0408264137988248,0.049332859613501,0.0456463727547509,0.0315296353313155,0.017829305600558,0.0124849592766597,0.00959155326545869,-0.00408573597977635,-0.0296262672202336,-0.0482022231849991,-0.0394944098347495,-0.0075248661381862,0.0197305403310642,0.0462730557333028,0.0462730557335682,0.0462730557337978,0.0462730557339513,0.0462730557340233,0.0462730557340425,NA,NA,NA,NA,NA,NA,NA,NA,NA,NA,NA,NA,NA,NA,NA,NA,NA,NA,NA,NA,NA
1,0.0096240981070097,0.00962409810700071,0.00962409810696541,0.00962409810688947,0.00491523242348701,0.00491523242343178,0.00491523242339625,0.00491523242339093,0.00491523242341119,0.00491523242344588,0.00491523242348274,0.00491523242351777,0.00491523242355052,0.00491523242357983,0.00491523242360498,0.00491523242362768,0.00491523242364955,0.0049152324236702,0.0049152324236858,0.00491523242369102,0.00491523242368541,0.00491523242367586,0.00491523242366815,0.00491523242366471,0.000206366740194142,0.000206366740194142,0.000206366740193697,NA,NA,NA,NA,NA,NA,NA,NA,NA,NA,NA,NA,NA,NA,NA,NA,NA
1,0.0790569990114814,0.158933314367831,0.226246055343022,0.183506243016121,-0.0065583308494086,-0.0655600137678332,-0.0747831705479,-0.0473563605890898,-0.0241076811330416,-0.025311735181732,-0.0389692911988081,-0.0479900169879578,-0.0516026778433384,-0.0556252282632999,-0.0541578747573539,-0.033615540569743,0.00585070868024651,0.0419077607145985,0.0473709897133566,0.0138648061376089,-0.0426897062517393,-0.0967290426901579,-0.131129296532672,-0.144522271111709,-0.0601435790734237,-0.0601435790734239,-0.0601435790734237,NA,NA,NA,NA,NA,NA,NA,NA,NA,NA,NA,NA,NA,NA,NA,NA,NA
1,-0.0226949032905612,-0.0329847979968596,-0.0313280323304561,0.00405001700716712,0.0655790958369045,0.117576463288476,0.126765723974806,0.0888452973241494,0.0262036922877651,-0.0343586314481878,-0.0771776779155307,-0.0567530677172808,-0.0169534731886737,0.0279535910309734,0.0452696545691248,0.0026550146117057,-0.0595167898044582,-0.0658988288058258,-0.0366765226924742,-0.0255064750595408,-0.0569393340411768,-0.0973516757361362,-0.0984197857289691,-0.055514842747853,-0.00808587963637469,0.0127982161699017,0.0170753073794964,0.0275135012000875,0.0358357624075738,0.0103022958854312,-0.0516331553645819,-0.220413332577613,-0.123506863146416,0.00507994452466268,0.0328424602743932,-0.219415444330217,-0.502089296316749,-0.16383977779858,0.249581227102507,0.39284552645797,0.341962379221275,NA,NA,NA
1,-0.00108953354355457,-0.00108953354355457,-0.00108953354355501,-0.00108953354355457,-0.00108953354355457,0.0240076647495666,0.0240076647495666,0.0240076647495666,0.0240076647495666,0.0240076647495666,NA,NA,NA,NA,NA,NA,NA,NA,NA,NA,NA,NA,NA,NA,NA,NA,NA,NA,NA,NA,NA,NA,NA,NA,NA,NA,NA,NA,NA,NA,NA,NA,NA,NA
1,0.0634751385544483,0.0595083115560371,0.051964649426151,0.0435526343893047,0.0376150820908139,0.0347647214001494,0.0315789635646206,0.0233557023977724,0.00860299097065909,-0.00921793272430538,-0.0241959147872999,-0.0318665459055945,-0.0310799504966282,-0.0233555820950357,-0.0113872815912268,0.00213239430705947,0.0152174097720552,0.0266148710071947,0.0350275208310213,0.0384766561825911,0.0350507958231141,0.024541871510297,0.00887912562933124,-0.00945461672672376,-0.02910470335899,-0.0494834452725845,-0.0690744740836742,-0.0850353681745348,-0.0949833740631156,-0.0989311284074219,-0.0992007415062952,-0.190424244080955,0.109397965247006,-0.591822198473063,0.0111381973555761,0.630631434396247,NA,NA,NA,NA,NA,NA,NA,NA
1,0.0448545198023545,0.0442631438429928,0.043080391924268,0.0413062640461821,0.0389407602087336,0.0359838804119231,0.0324356246557508,0.0285341560565386,0.0254358649027481,0.0241938656033923,0.0250848383618003,0.0284138198289043,0.0342695575350057,0.042436747660316,0.0524598299619389,0.0637734190027971,0.0758902009472114,0.0885011322145014,0.101325823690116,0.113753636860785,0.12459676133628,0.132351705014349,0.1360936685511,NA,NA,NA,NA,NA,NA,NA,NA,NA,NA,NA,NA,NA,NA,NA,NA,NA,NA,NA,NA,NA
1,-0.0168209445956862,-0.00945177814092357,0.00761637602822574,0.0345531950346551,0.0684685406227907,0.102303994432868,0.127026229833625,0.137165108422101,0.134313928648158,0.124177906666233,0.1101679241231,0.0911093433579823,0.0655897181895514,0.0369983477105708,0.0126491957946927,-0.00182068684610076,-0.00597779227308842,-0.00273402457629729,0.00533838140471937,0.0168801862630279,0.0299539239649812,0.0410993711005949,0.0470859584463006,NA,NA,NA,NA,NA,NA,NA,NA,NA,NA,NA,NA,NA,NA,NA,NA,NA,NA,NA,NA,NA
1,0.137933944462809,0.128926591792199,0.105643986564607,0.0680772242814531,0.0241543965379182,-0.0118418206813147,-0.0287827283047565,-0.0282051531065226,-0.0216800456382373,-0.0173539162585095,-0.0117934459588853,0.0028414184346105,0.0274758259425012,0.0573030670580509,0.0917929460783617,0.134215369155191,0.177394998605173,0.198200376918177,0.176619431769615,0.120027424601284,0.0602984876450162,0.0242451167314386,0.0127942232489876,NA,NA,NA,NA,NA,NA,NA,NA,-0.301029995663981,NA,NA,NA,NA,NA,NA,NA,NA,NA,NA,NA,NA
1,-0.140637862511072,-0.140637862511072,-0.140637862511072,-0.140637862511072,0.0424377702561656,0.0424377702561658,0.0424377702561654,0.0424377702561656,0.048965341030232,0.0489653410302318,0.00404006520489597,0.00404006520489597,-0.0811872287452235,0.276206411938949,-0.151267675330649,-0.370541840090061,0.0700856450284434,-0.0767809603812745,0.190455009352302,0.0212925662711064,-0.0472425768099827,0.0698061911230458,0.00541259297658107,0.0745351780762846,0.0858658518628113,0.0951348729810301,0.101759564366745,0.105654728846105,0.0668303779279759,0.0642350893664783,0.0581304930019803,0.0499912895235853,0.0430119190060329,0.0399722902220659,0.041342911920995,0.0455610242769702,0.0493514489151753,0.0506971496949282,0.0501057110852574,0.0494137010469427,0.0534726649989535,0.0538523753972044,NA,NA
1,-0.00142930398043417,-0.00467819390775842,0.0134348640526806,0.0239287156162283,0.00415087833177545,-0.00969150010172903,-0.0133020737431412,-0.00903015173778893,-0.00635205196851272,-0.00426953692631121,0.00151752813036432,0.00404368100144746,-0.00509342519876492,-0.0173908182895105,-0.0171508898930148,-0.0069181714388857,-0.00401456955370187,-0.0109511554286228,-0.0104587194824713,0.00350730388749804,0.011297266014676,-0.00205471848260484,-0.0206166864512295,0.240468735988128,0.243895955853676,0.226256842764927,0.162040059163006,0.107678830373461,-0.157857975181139,0.207027287090913,-0.530745139416415,-0.587299390437429,NA,NA,NA,NA,NA,NA,NA,NA,NA,NA,NA,NA
1,0.165460056597653,0.163538817432746,0.157427294062882,0.137806340793595,0.103457209585824,0.0645025893609139,0.0327102177995243,0.0121693857776385,6.8338832116932e-05,-0.0060588197935319,-0.00583903844713396,-0.00124336713088968,0.000176828860398714,-0.0080070896742751,-0.0213065343229132,-0.0254115258141254,-0.00878469522937761,0.0061641521422863,0.021566331837518,0.0329626711032186,0.0405504346857648,0.045707309372131,0.0479620102079198,-0.0455425863958805,NA,NA,NA,NA,NA,NA,NA,NA,NA,NA,NA,NA,NA,NA,NA,NA,NA,NA,NA,NA
1,0.200662652739129,0.261593464333771,0.275670560014177,0.204115043650229,0.0174972248332266,-0.197135676339304,-0.303613727596332,-0.252779908589653,-0.116125793881116,-0.00405378659582939,0.0279472526007095,0.00130336903717865,-0.0336997378172584,-0.060304999549959,-0.0550946554393738,-0.00846335546120633,0.0632117280414628,0.120526804907594,0.126998424431522,0.0821345707253408,0.0225877864420588,-0.0147374651283735,-0.0251239002297929,NA,NA,NA,NA,NA,NA,NA,NA,NA,NA,NA,NA,NA,NA,NA,NA,NA,NA,NA,NA,NA
1,0.0242274485047025,0.0242274485047278,0.0242274485047824,0.0242274485048826,0.0242274485049969,0.0242274485050649,0.0242274485050542,0.0242274485049792,0.0242274485048675,0.0242274485047267,0.0242274485045528,0.0242274485043696,0.0242274485042016,0.0242274485040537,0.0242274485039007,0.0242274485037239,0.0242274485035501,0.0242274485034166,0.0242274485033513,0.0242274485033362,0.0242274485033462,0.0242274485033569,0.0242274485033609,-0.177301711001481,-0.0826582502436968,0.0884375011868778,0.241533372290722,0.252377515299095,0.0832487340685282,-0.149835510631874,-0.254725972686545,-0.137105063792507,0.0998117877008492,0.242731735157759,0.165231443643963,-0.0597537753400514,-0.242347594290661,-0.192086271671791,-0.14184721883423,-0.0922196574106305,NA,NA,NA,NA
1,0.0193934657873851,0.0193158219605216,0.01922355317083,0.0191767043176692,0.0191494519331106,0.0190617141782761,0.0188683931468225,0.018578371468648,0.018203249266576,0.0177445240416365,0.0172593005061328,0.0169105794937709,0.0169057526826999,0.0173581110233103,0.0182018510395037,0.0192461335212624,0.0203272218776591,0.0214302950683334,0.0226747742049472,0.0241770944025843,0.0259259766359112,0.0277978600627541,0.0296856013283699,0.0315785391717294,0.0334942014829773,0.0353588697019558,0.037009858287199,0.0383358542956165,0.039384797923216,0.040300871946975,0.0411618288873432,0.0419045529036574,0.0424132417076124,0.0426567718419903,0.0427233258498937,NA,NA,NA,NA,NA,NA,NA,NA,NA
1,-0.147837439357605,-0.147837439357605,0.0894602745372728,0.0894602745372728,-0.451124218559821,0,0,1,-0.623980589645718,-0.623980589645718,NA,NA,NA,0,0,0,0,0.0450752825486018,0.0426153477001322,0.0420502703742101,0.0464998715682431,0.0551168427629172,0.0638108421044672,0.069284914171543,0.071107215279755,0.0688359609178057,0.0626751726629994,0.0530333492924974,0.0418900264577642,0.31647840332262,0.0228067914968667,-0.135032111213859,0.00262523736701514,0.136197810402325,0.0202719053495541,-0.158747969758985,0.247328871583537,-0.209578092186035,NA,NA,NA,NA,NA,NA
1,0.0327739769316814,0.0328279661353024,0.0327174351719171,0.0322186419559423,0.0313659625478462,0.0304675337426305,0.0298766729969148,0.0297668966477761,0.0300812606638134,0.0306089660006256,0.031075879063835,0.0312269423609545,0.0309162862446852,0.0301524663840801,0.0290377909124502,0.0276554503510278,0.0260220675336199,0.0241201260612059,0.0219156857025961,0.0193320579470339,0.0162712711028225,0.0127222550555846,0.00883500848792755,0.00485541450670912,0.00101507511109412,-0.00247148304495672,-0.00535577461867066,-0.00743416289104436,-0.00872869258029881,-0.00949751463942874,-0.00997275467213754,-0.22194769615354,0.0520185247047548,0.0909437169369833,-0.284670612080482,0.585673247807746,-0.007458029346644,NA,NA,NA,NA,NA,NA,NA
1,-0.192934921074538,-0.130185551648404,-0.10233802862191,-0.0606653668077679,-0.0113111695164293,0.0315503144233463,0.0500516544740032,0.0383227908115793,0.0125456351181612,0.000654672933710632,0.0146267372317472,0.0397001824488283,0.050659346625723,0.0370204485531722,0.00989570272388596,-0.0126202140991762,-0.0201710113468077,-0.0102007934871157,0.0178619360408485,0.0607001084503491,0.105818294636219,0.136803147798372,0.147566558758233,0.235591645340803,NA,NA,NA,NA,NA,NA,NA,NA,NA,NA,NA,NA,NA,NA,NA,NA,NA,NA,NA,NA
1,0.0126561835554174,0.0126561835554476,0.0126561835554997,0.0126561835555472,0.0126561835555663,0.0126561835555503,0.0126561835555119,0.0126561835554737,0.0126561835554493,0.0126561835554448,0.0126561835554591,0.012656183555497,0.0126561835555686,0.01265618355568,0.0126561835558296,0.0126561835560066,0.0126561835561966,0.0126561835563849,0.0126561835565542,0.0126561835566898,0.0126561835567847,0.0126561835568392,0.0126561835568644,0.0126561835568727,NA,NA,NA,NA,NA,NA,NA,NA,NA,NA,NA,NA,NA,NA,NA,NA,NA,NA,NA,NA
1,-0.269769775575435,-0.264918857219038,-0.279855768393489,-0.309208781927057,-0.284047912442847,-0.130676064159932,0.13313177100559,0.383635414501379,0.487822758298924,0.412055950250886,0.235226482556407,0.0695410934628279,-0.0209442146609904,-0.0387558504853618,-0.0207484415758604,-0.000388080967794968,0.0114373801501698,0.0245668960671653,0.0482711570226043,0.0651028617604338,0.0326944026561884,-0.0726385357953357,-0.212508461856704,-0.306916807701909,NA,NA,NA,NA,NA,NA,NA,NA,NA,NA,NA,NA,NA,NA,NA,NA,NA,NA,NA,NA
1,-0.0369258399427622,-0.0460404359041614,-0.0662110765949975,-0.0896815251734145,-0.0972016038217081,-0.0699771623235212,-0.0061815819657926,0.0740279157523483,0.141708126040548,0.17854304785466,0.183636318331973,0.163336849515266,0.119429786625936,0.0515678995232296,-0.0304516991777819,-0.10424016769329,-0.150609853668738,-0.17086489173207,-0.18322866847897,-0.200419211798997,-0.215158486069064,-0.212153395542502,-0.191639294526664,-0.172982648009726,NA,NA,NA,NA,NA,NA,NA,NA,NA,NA,NA,NA,NA,NA,NA,NA,NA,NA,NA,NA
1,0.0442262110366113,0.0436380498873804,0.0425613275525129,0.041166033878212,0.0393908808278459,0.0369575927593315,0.0337021379555519,0.0297550703180292,0.0253030429410004,0.0202011303747918,0.0139523305654874,0.00623908914584362,-0.00238462335821804,-0.0102939139069704,-0.0154334258470853,-0.0164918029136655,-0.0138026160061434,-0.00924906156179425,-0.00515407583542596,-0.0029502443039586,-0.00261697465702698,-0.00319812416262433,-0.00377862746217097,-0.0040301365110301,NA,NA,NA,NA,NA,NA,NA,NA,NA,NA,NA,NA,NA,NA,NA,NA,NA,NA,NA,NA
1,0.203658359935779,0.19475165363645,0.176405670059204,0.149803747153779,0.121283017435628,0.0967827728529067,0.0783782628187787,0.0644782255397026,0.052330146092247,0.0404710400240922,0.0291463397144658,0.0190291913998013,0.0102426112901632,0.00288320343751924,-0.00191167870866682,-0.0021193741275769,0.00353132441535942,0.0141015822599548,0.0267806499291048,0.0386967147122352,0.0483616236748816,0.0555469414983778,0.0602827116127516,0.0625165061039252,NA,NA,NA,NA,NA,NA,NA,NA,NA,NA,NA,NA,NA,NA,NA,NA,NA,NA,NA,NA
1,0.0870981252524148,0.0862331873831819,0.0849527214225008,0.0831370317452089,0.0794865880068671,0.072147748879875,0.0605192033427682,0.0462625946456798,0.0321711333669499,0.0200306951779405,0.00970826311783224,0.000139389129317768,-0.0092134645096269,-0.0179889281135286,-0.0256187159695076,-0.0319782381717846,-0.037364858631997,-0.0421385620815133,-0.0465314465203217,-0.0506500112913355,-0.0544511037881001,-0.0576851698976102,-0.059974229018986,-0.0610782281383422,NA,NA,NA,NA,NA,NA,NA,NA,NA,NA,NA,NA,NA,NA,NA,NA,NA,NA,NA,NA
1,0.220941252358828,0.244806752003536,0.28812798219492,0.312026850871362,0.217886371962945,-0.0169806857627257,-0.209320440374208,-0.127777944028442,0.186717880585837,0.396857092805853,0.258463890662335,-0.0619024718680798,-0.187714267608067,-0.00189250274179276,0.239295078863797,0.273354183836191,0.147537558962922,0.0738320954662235,0.0982189240909632,0.0842996818825121,-0.0144741910794346,-0.0572394496565947,0.0521463101360837,0.191232513286422,NA,NA,NA,NA,NA,NA,NA,NA,NA,NA,NA,NA,NA,NA,NA,NA,NA,NA,NA,NA
1,0.271203522579912,0.256211943633746,0.227842432704444,0.18854058615627,0.147435008100828,0.110222813021702,0.0766626782351228,0.0447961811828615,0.0151398433185341,-0.00891763573123483,-0.0240859285490146,-0.0301356121185021,-0.030084617662965,-0.0277571114989267,-0.0251750632679777,-0.0220567407490948,-0.0174704498888171,-0.0116476133596812,-0.00607619448021679,-0.00205725731168938,0.00040850619492927,0.00214684191401548,0.00357295754170761,0.00439984801169668,NA,NA,NA,NA,NA,NA,NA,NA,NA,NA,NA,NA,NA,NA,NA,NA,NA,NA,NA,NA
1,0.091355381445988,0.0913553814460741,0.091355381446188,0.0913553814462493,0.0913553814462453,0.0913553814462356,0.0913553814462823,0.0913553814463716,0.0913553814464295,0.0913553814463809,0.091355381446205,0.0913553814459216,0.0913553814455574,0.091355381445122,0.0913553814446226,0.0913553814440867,0.0913553814435596,0.0913553814430905,0.0913553814427106,0.0913553814424286,0.0913553814422363,-0.0167916775830904,-0.308107397327938,0.0913553814420388,NA,NA,NA,NA,NA,NA,NA,NA,NA,NA,NA,NA,NA,NA,NA,NA,NA,NA,NA,NA
1,0.217575905147947,0.214607334454771,0.209632074549696,0.203398759803723,0.197829433012397,0.192256580072268,0.182879921707346,0.165823955573973,0.140474098132539,0.109901884903796,0.0782131168292999,0.0478377168756604,0.0193790074159266,-0.00668011091084886,-0.0290873159688552,-0.0467865080875032,-0.0601064856579175,-0.0704436629440079,-0.078938245764643,-0.0858625249685243,-0.0911654032773825,-0.0950268691975942,-0.097651625836807,-0.0989816196813307,NA,NA,NA,NA,NA,NA,NA,NA,NA,NA,NA,NA,NA,NA,NA,NA,NA,NA,NA,NA
1,-0.0203979265230889,-0.0210139628458341,-0.0169201940978225,-0.00162749083987812,0.0305038842845349,0.0884857442550766,0.179599303842875,0.288884430250048,0.3701218289987,0.374045909627994,0.291144256976033,0.15767136679543,0.0158103455895291,-0.119768988194041,-0.24611124991845,-0.336513821818163,-0.346255976502359,-0.260202353654545,-0.116199291233003,0.0337135318394433,0.174029695803434,0.318203644430569,0.456194494769599,0.541508759177669,NA,NA,NA,NA,NA,NA,NA,NA,NA,NA,NA,NA,NA,NA,NA,NA,NA,NA,NA,NA
1,-0.0307376896537208,-0.0267678513589085,-0.0224857393613289,-0.0242338407488596,-0.0356325473498378,-0.0531002818421566,-0.0677136752450331,-0.0730157505981813,-0.0712141991725601,-0.0704830039265572,-0.0755693494136893,-0.0818497698694065,-0.0791635371262527,-0.0606186671406619,-0.0269359992944291,0.0163139425355807,0.0629931886528385,0.107374898784007,0.143669250160638,0.167853473843508,0.18054057774165,0.186393053849387,0.189773528988711,0.191772611665029,NA,NA,NA,NA,NA,NA,NA,NA,NA,NA,NA,NA,NA,NA,NA,NA,NA,NA,NA,NA
1,0.0887991814622224,0.088799181462202,0.0887991814621585,0.088799181462097,0.0887991814620421,0.0887991814620035,0.0887991814619637,0.0887991814619007,0.0887991814618114,0.0887991814617222,0.0887991814616511,0.0887991814615832,0.0887991814614855,0.0887991814613431,0.0887991814611846,0.0887991814610378,0.0887991814609163,0.0887991814608093,0.0887991814607091,0.088799181460619,0.088799181460546,0.0887991814604871,0.0887991814604429,0.0887991814604195,NA,NA,NA,NA,NA,NA,NA,NA,NA,NA,NA,NA,NA,NA,NA,NA,NA,NA,NA,NA
1,0.0812240989091926,0.312570971086254,0.53245775714192,0.45054110891721,0.0762225597359495,-0.235703934416863,-0.137774999070792,0.313904527490718,0.657677079530938,0.465217375385677,-0.217323835408524,-0.894802432941698,-1,-0.750777131284597,-0.214326236171695,0.172968707808715,0.309906394363284,0.276450112985402,0.152052101112667,-0.0186915950793689,-0.147691992059045,-0.123828545628947,0.0472527763386904,0.205771828809953,NA,NA,NA,NA,NA,NA,NA,NA,0.516949274195757,0.441175191478288,0.297602709506425,0.125483916389488,-0.0249573938781369,-0.119813544159659,-0.155172370976073,-0.153069420447303,-0.143227023619789,NA,NA,NA
1,0.164677912093604,0.165961031084684,0.16984254299544,0.175000761565768,0.17554292109423,0.164450881518704,0.139371361069853,0.104537690167704,0.0670145866539,0.0317626349606681,0.000343020809405736,-0.0270655631774104,-0.0500382185819856,-0.0682901456200122,-0.0822598417515681,-0.0922654061356067,-0.0973946007122681,-0.0960523018012809,-0.0878060159090421,-0.0744139491549205,-0.0590993927791346,-0.0451875808460911,-0.0352519649609893,-0.0304950994868534,NA,NA,NA,NA,NA,NA,NA,NA,NA,NA,NA,NA,NA,NA,NA,NA,NA,NA,NA,NA
1,0.0922195802492505,0.0953509075586267,0.0998313349354452,0.10302525532591,0.104013734470178,0.103901577162159,0.103755313672982,0.103048834054357,0.100392333809474,0.0953499912427536,0.0890180272525756,0.0827941452154279,0.0769257234897185,0.0704294098886431,0.0622265774108332,0.0521429252703544,0.0409254782589753,0.0296178125980822,0.0190648838599516,0.00984692267334741,0.0024079774958814,-0.00291666294344095,-0.00603861536482619,-0.00729408357226802,NA,NA,NA,NA,NA,NA,NA,NA,NA,NA,NA,NA,NA,NA,NA,NA,NA,NA,NA,NA
1,-0.0301431175642953,-0.0129772096605379,0.0261784378141532,0.087636436820792,0.0838766668948416,-0.0450760434972814,-0.173154468206443,-0.104020074923042,0.128746785326413,0.226949793116571,-0.00528054374181797,-0.360680341800562,-0.442574773915921,-0.149108993714776,0.209891936374558,0.309628116737726,0.176748217170211,0.0652546594884097,0.0826341491689551,0.102855726646809,0.0213954563241254,-0.0808998307798305,-0.0906275887848627,-0.0435637767622569,NA,NA,NA,NA,NA,NA,NA,NA,0.10686589598313,0.085225116104473,0.0504766018971594,0.0173513835109684,-0.00511433148854668,-0.0183597798433031,-0.0287997463397085,-0.039384143153427,-0.0468231689886052,NA,NA,NA
1,0.0380544115542412,0.0380544115542119,0.0380544115541703,0.0380544115541379,0.0380544115541219,0.0380544115541113,0.0380544115540957,0.03805441155407,0.0380544115540278,0.0380544115539623,0.0380544115538675,0.0380544115537489,0.0380544115536272,0.0380544115535113,0.0380544115534017,0.0380544115533014,0.0380544115532199,0.0380544115531737,0.0380544115531654,0.0380544115531851,0.0380544115532184,0.0380544115532521,0.0380544115532794,0.0380544115532933,NA,NA,NA,NA,NA,NA,NA,NA,NA,NA,NA,NA,NA,NA,NA,NA,NA,NA,NA,NA
1,0.0270094401028693,0.0270094401027767,0.0270094401025991,0.0270094401023862,0.0270094401022201,0.0270094401021503,0.0270094401021705,0.0270094401022329,0.0270094401023071,0.0270094401024035,0.027009440102564,0.0270094401028075,0.0270094401031192,0.0270094401034682,0.0270094401038303,0.0270094401041966,0.0270094401045538,0.0270094401048758,0.0270094401051368,0.0270094401053249,0.0270094401054441,0.0270094401055087,0.0270094401055371,0.0270094401055451,NA,NA,NA,NA,NA,NA,NA,NA,NA,NA,NA,-0.015988494295156,-0.015684870582242,-0.00714302360064456,NA,NA,NA,NA,NA,NA
1,-0.0392525572947397,-0.0247939415733911,0.0282404652144642,0.0784337803438937,0.0478037286492162,-0.0591069037854911,-0.160710336902249,-0.145703374444647,0.0020024071163024,0.175059368219361,0.253336760544532,0.215699527376416,0.125241864354739,0.0364991449773207,-0.0396572021097068,-0.0906510699626366,-0.0800266426369941,-0.000173573386724635,0.0867158122255025,0.104674455836277,0.0545071811508237,0.0101737967614764,0.0199471675052556,0.0503594504996766,0.0641702387821257,0.0571212621932202,0.0487472289569797,0.0389952892453529,0.0288290568117147,-0.0227906545897956,0.00423567994294116,0.0650998744538313,0.153815251021971,0.254196833715699,0.341150980129641,0.793557713215055,NA,NA,NA,NA,NA,NA,NA,NA
1,1.5317629071112e-05,1.53176291096298e-05,1.53176291605092e-05,1.53176291913561e-05,1.53176292031418e-05,1.53176292291557e-05,1.53176292997312e-05,1.53176294211098e-05,1.5317629590287e-05,1.53176298149406e-05,1.53176301151345e-05,0.0283158416421874,-0.000226213694900798,-0.0367004869273349,-0.0540952106100967,-0.0461149687979403,-0.0303549800412189,-0.02715224492509,-0.0406384370079253,-0.0603230294180828,-0.0760110256246941,-0.0865347716951872,-0.0949017147871958,-0.100577167054528,NA,-0.173570214035756,-0.17826336519897,-0.175331265964302,-0.148695969138867,-0.0924325864590467,-0.0171710411784507,0.056150806972737,0.109384385905998,0.136266227688792,0.1412605075852,0.131600638676549,0.111198331117475,0.0812631478959316,0.0447347855096721,0.00849072752264657,-0.0190751653766313,-0.0327711992793326,NA,NA
1,-0.108197275486488,0.159019971210188,0.293217562293242,0.045062587696258,-0.237499415805239,-0.0562496196835061,0.505724836937917,0.843468227250319,0.614538655177969,0.146981598371209,-0.0647645386505403,-0.00814398516558001,-0.0398223214000823,-0.270083428968826,-0.403235513135314,-0.236839934092967,-0.0116433409567644,-0.0605789003647976,-0.292349530485679,-0.295930309075133,0.0869121294088928,0.558383460575115,0.788047140279484,0.80130985418882,NA,NA,NA,NA,NA,NA,NA,NA,NA,NA,NA,NA,NA,NA,NA,NA,NA,NA,NA,NA
1,-0.0986745732423935,-0.0958857336114112,-0.0902514750763572,-0.0816627868338395,-0.0692076103169221,-0.0521631886837468,-0.0316806681889777,-0.0106997372771888,0.0078334714133047,0.0221722195388973,0.0313949446560395,0.0349264012352201,0.0331659125169101,0.0280225020574127,0.0217546171232089,0.0151211415432915,0.00742335310239994,-0.00134014162885299,-0.00915093392083444,-0.0135771252955945,-0.0143763262917899,-0.0136448627850543,-0.0133560527008384,-0.0136094409591603,NA,NA,NA,NA,NA,-0.399886263237647,-0.3718207741709,-0.309083718452483,-0.212030062290158,-0.0960109306335036,0.00785911857719934,0.0666800745632125,NA,NA,NA,NA,NA,NA,NA,NA
1,0.0971146314839029,0.106982965517573,0.119881473439466,0.133756726977042,0.160228177870819,0.209808279913069,0.270322127895545,0.309568344824725,0.302801439603671,0.253384236279919,0.184321074557954,0.114821374875506,0.0501380783672108,-0.0100148233998749,-0.0630311190147957,-0.106848643209979,-0.145602508533011,-0.185418372456169,-0.225743527664104,-0.259592832485089,-0.282474884929089,-0.296853563804029,-0.306744829794371,-0.312325029240632,NA,NA,NA,NA,NA,NA,NA,NA,NA,NA,NA,NA,NA,NA,NA,NA,NA,NA,NA,NA
1,0.469239456266738,0.250784971801453,0.203900058517904,0.13985445739114,0.06980598484889,0.00815126230539935,-0.0313027538661155,-0.0449447338131018,-0.0448444604761217,-0.0487253124877207,-0.0611538740922888,-0.0677351286190667,-0.0520250113150797,-0.0169373459524726,0.0154408060936816,0.0267959019294263,0.0217619472866712,0.0210792692920264,0.0372712025087517,0.0607384270987899,0.0705260087254492,0.0563770410794266,0.0288374005708355,0.00847294679183502,0.0347081989936447,0.0323789711760827,0.0301452714379713,0.0280809752752134,0.026233084801471,0.0246400846143765,0.0233120110448671,0.0221819084813439,0.0211233114274285,0.0200415582629756,0.0189307002543219,0.0178344975592761,0.0167849004196383,0.0158059879436345,0.0149558538201749,0.0143193817816184,0.0139438532794701,0.0137946883441575,NA,NA
1,NA,2.36810565608092e-05,2.36810565519274e-05,2.36810565357182e-05,2.36810565095169e-05,2.36810564713252e-05,2.36810564209211e-05,2.36810563625234e-05,2.36810563232215e-05,2.3681056335878e-05,2.36810564220313e-05,2.36810565723555e-05,2.36810567557644e-05,2.36810569462786e-05,2.36810571361268e-05,2.36810573297497e-05,2.36810575238167e-05,2.3681057699676e-05,2.36810578413404e-05,2.36810579448132e-05,2.36810580187541e-05,2.36810580696023e-05,2.36810580955815e-05,NA,NA,NA,NA,NA,NA,NA,NA,NA,NA,NA,NA,NA,NA,NA,NA,NA,NA,NA,NA,NA
1,NA,0.0655286026389776,0.0637916249501789,0.0582414075047171,0.047750212763042,0.0339528103663731,0.0200858760681855,0.00835397511906621,-0.00126064700571304,-0.00989500252849562,-0.0180431829834589,-0.0248115717525159,-0.0377721062771758,-0.0526137644119149,-0.0596642697908319,-0.0442643352460823,-0.0221692187165977,-0.0223490034904249,-0.0486748649707427,-0.0719905094998611,-0.0649431359135582,-0.0348641706909255,-0.0118601040937799,-0.00932904620463071,-0.0104524787518964,-0.33079217491605,0.0184968832641836,0.0282735416987711,0.0297772187507956,-0.0688492070671346,-0.0377972140475548,-0.00108164132011886,0.132553268335659,-0.173221211953797,0.0141629532094665,0.441913722971829,-0.0254590565452577,-0.0303118060726968,-0.0351383964183047,-0.0399438775436018,-0.0430308091560485,NA,NA,NA
1,NA,-0.0138019699062284,-0.0138019699062401,-0.0138019699062354,-0.0138019699061971,-0.0138019699060863,-0.0138019699058951,-0.013801969905639,-0.01380196990534,-0.0138019699050079,-0.0138019699046614,-0.0138019699043328,-0.0138019699040565,-0.0138019699038522,-0.013801969903698,-0.013801969903539,-0.0138019699033247,-0.0138019699030475,-0.0138019699027552,-0.0138019699025133,-0.0138019699023668,-0.0138019699023095,-0.0138019699023001,NA,NA,NA,NA,NA,NA,NA,NA,NA,NA,NA,NA,NA,NA,NA,NA,NA,NA,NA,NA,NA
1,NA,-0.00769441562781464,-0.00785303274189228,-0.00811656436334182,-0.00848678275040549,-0.00911696126859313,-0.0101432659699608,-0.0114484516012038,-0.0126975820869447,-0.0136161586194514,-0.0141595859446123,-0.0143989225171293,-0.0143407098434683,-0.0139437469958937,-0.0132701136419173,-0.0125128622309997,-0.0205412469954447,-0.0201727410488274,-0.0197018109485855,-0.0190996355200585,-0.0184412166672277,-0.0178965372998999,-0.0176028885179871,-0.0174577668976564,-0.0170496241553777,-0.0158937140890422,-0.0137963325380789,-0.0109605200863062,-0.00772932457052599,-0.00431656549276669,-0.000862220485111715,0.00234404944383335,0.00489608449521981,0.0162871828978432,0.0184884202882126,0.0201233776115714,0.0214000479065347,0.0220708301432577,0.0220663911723702,0.0218243981963734,NA,NA,NA,NA
1,NA,0.204119982655925,-0.903089986991944,0.602059991327963,-0.200686663775988,-0.200686663775987,-0.200686663775987,0,0,1,-0.812913356642856,-0.301029995663981,0.301029995663981,0,0,0,0.132646669557346,0.132646669557346,0.132646669557346,-0.221848749616356,-0.477121254719662,0,0,0,0,0,0,0,0,0,0.100343331887994,0.100343331887994,0.100343331887994,-0.301029995663981,1,NA,NA,NA,NA,NA,NA,NA,NA,NA
1,NA,0.0195023553751037,-0.6353900647545,1,-1,-0.663396495020113,0.418805961974097,-1,0.45246586715006,1,-1,0.45246586715006,0.468581617630965,-0.921047484781025,1,0.273425955601413,0.0520837676425306,0.271016129351531,0.072489804830494,0.116426793408278,0.282053830397956,-0.23377610367303,-0.11565486423842,0.105380712535973,0.0301208327803785,0.216882911507035,0.152352694112137,-0.332071984344471,-0.122651674492061,-0.426509111292274,-0.0681437385260566,0.202652532095473,-0.134508793569416,0.122784691705138,0.309589776209737,-0.120024072909589,-0.133875089578207,0.0585859193012175,-0.178173726010914,0.109006381213865,-0.545539918023314,-0.0393468958324789,NA,NA
1,NA,0.419856761872045,0.30413462802232,0.0835436154928633,-0.154922686412968,-0.292746871795111,-0.276192402768689,-0.149307094358089,0.010314663994917,0.161406272260763,0.291162357957776,0.3743165407733,0.382521693026858,0.323750728958281,0.233919672360869,0.131339062220103,0.0169284219882549,-0.0776753434221246,-0.0893960492749798,0.000930952976744392,0.123092771780093,0.183559489756968,0.163320267392185,0.117439985543148,0.0866643059493339,0.0498069003997935,-0.0263118075219729,-0.122520350409434,-0.177852301480272,-0.153422328530465,-0.0687976445534301,0.0200519534620189,0.0669358902652843,0.0632421678113132,0.0314059227444589,-0.00476394044897777,-0.0415586217952174,-0.08373395775373,-0.118188376930113,-0.11855433801303,-0.0831698381110579,-0.0484126948852837,NA,NA
1,NA,NA,0.0305908686764792,0.0369072865002758,0.0425152939678292,0.0390914474788731,0.0262178176818441,0.010333064959248,-0.00446068707082198,-0.0209592417128514,-0.0435302615607654,-0.0702389217285804,-0.0914470869757181,-0.0957473394278989,-0.07816273874163,-0.0458730159963456,-0.0177367045978543,-0.0145135833083456,-0.0428552102731893,-0.0862102992038557,-0.11614633938035,NA,NA,NA,NA,0.0669508637691963,0.0669508637692522,0.111255586300734,0.0223169545897853,0.0669508637693407,0.0669508637692967,0.0669508637692654,0.0669508637692751,0.0669508637693175,0.0669508637693541,NA,NA,NA,NA,NA,NA,NA,NA,NA
1,NA,NA,0.0108022829622163,0.0107710264231482,0.0106741266829142,0.0104733005484121,0.0101454524272082,0.00969101040567777,0.00913365864345739,0.00851367192768127,0.00787620458910654,0.00725212452450652,0.00663533102957814,0.00597762025877913,0.00522235930824122,0.00436106378345524,0.00345741120116472,0.0026032363964732,0.00184693439687766,0.00117541989613557,0.000570681003678963,6.63825556665998e-05,-0.000273980482680347,-0.000433662607377983,-0.000474417920269588,NA,-0.0227953781422503,0.0736460119429967,0.0694278005160553,0.0285349479886311,-0.0119807934625432,-0.0230618123858878,0.0143743264447922,0.0532645212137924,0.0372433452273072,-0.0192634633912375,-0.0868930301016748,-0.0606231288050123,-0.0347909761627585,-0.0715372779136312,-0.127586893058915,-0.017038584454534,NA,NA
1,NA,NA,-0.0821508637572856,0.0253664986544875,0.32259243084106,0.699344340387341,0.790071331628591,0.339319826463071,-0.382152700978977,-0.724097846134616,-0.355066101277039,0.302263996657901,0.529943971519051,0.169945932508369,-0.224558860692084,-0.16185049901108,0.135580769160515,0.0977904817414563,-0.33657832688661,-0.603109330422219,-0.299687081876459,0.249046766138056,0.434843954668477,0.154894921780671,-0.14489660053559,-0.136031121092112,0.00926015995077867,-0.0273912179271729,-0.238950338516087,-0.357461541464791,-0.245434180860264,-0.0290373730714633,0.110160930524358,NA,NA,NA,NA,NA,NA,NA,NA,NA,NA,NA
1,NA,NA,-0.0613860354686058,-0.0623060669460049,-0.0653218972184666,-0.0746056587000157,-0.0940151280001233,-0.117809806018592,-0.127775656283301,-0.106431876873138,-0.0558518735546789,-0.000321804015327665,0.0326379443412601,0.0327225954881207,0.00754335069939005,-0.0317908740306647,-0.0778862839156873,-0.11935469470032,-0.135419828819469,-0.108283833558067,-0.0422035210072425,0.0343002244474997,0.086880653506856,0.0946747669584806,0.0552457376681228,-0.0190206580539143,-0.103213571332585,-0.165607375683714,-0.184208408499874,-0.163075587760352,-0.128172179904915,-0.1037598679019,-0.0950455060960875,NA,NA,NA,NA,NA,NA,NA,NA,NA,NA,NA
1,NA,NA,-0.0475681073322618,-0.0475681073322893,-0.04756810733232,-0.047568107332336,-0.0475681073323164,-0.0475681073322853,-0.047568107332232,-0.0475681073321681,-0.0475681073320819,-0.0475681073319949,-0.0475681073319061,-0.0475681073317995,-0.0475681073316672,-0.0475681073314851,-0.047568107331263,-0.0475681073310277,-0.0475681073307861,-0.0475681073305543,-0.047568107330342,-0.0475681073301626,-0.0475681073300249,-0.0475681073299334,-0.0475681073298668,-0.0475681073298206,-0.0475681073297824,-0.0475681073297478,-0.0475681073297105,-0.0475681073296883,-0.0475681073296697,-0.047568107329659,-0.0475681073296537,NA,NA,NA,NA,NA,NA,NA,NA,NA,NA,NA
1,NA,NA,-0.0343097948934989,-0.0344671129754406,-0.035463666663611,-0.0378400712183788,-0.0413765217181914,-0.0454529258146097,-0.0499143614288728,-0.0553200721377969,-0.062232172057511,-0.0703433022199687,-0.0783906322496881,-0.0849613511392864,-0.0894675450956419,-0.092458956080641,-0.0950089305265713,-0.0976945318753271,-0.100074861206412,-0.101109743915806,-0.100009188548749,-0.0966215140322015,-0.0911432572213191,-0.0837708708827409,-0.0747899272462038,-0.0648067884795855,-0.0546308578752019,-0.0449582828972974,-0.0363537980186162,-0.0294616520405171,-0.0248760899925364,-0.0226177061433139,-0.0219343116910338,NA,NA,NA,NA,NA,NA,NA,NA,NA,NA,NA
1,NA,NA,0.0191488337793375,0.0117874054828468,-0.000566267225245332,-0.0140201351929237,-0.0271174396297247,-0.0403561063583604,-0.0530070165203658,-0.0629857829481351,-0.069667845503151,-0.0748885955748166,-0.0807745752882609,-0.0882159233969428,-0.098304795075665,-0.113618678937788,-0.135649341265672,-0.160206097235915,-0.176603011917993,-0.173430962625615,-0.146918677987762,-0.104372340844647,-0.0587342827549917,-0.0185878454204493,0.0165687172602635,0.0504526063625033,0.0802517519753887,0.0957018538928605,0.089884888001531,0.0691418329366447,0.0488565233941411,0.0391594993302751,0.0377491343814857,NA,NA,NA,NA,NA,NA,NA,NA,NA,NA,NA
1,NA,NA,0.0498195743204812,0.0454217743424987,0.0389963307382,0.033485552132567,0.0287730070400198,0.0221669268397391,0.0120593408049245,-0.000759601790482733,-0.0156526819960732,-0.0311705935289979,-0.0469959673246438,-0.0634832596227892,-0.0801739063867051,-0.0954263680552692,-0.107124757574544,-0.113544214335985,-0.113994766981454,-0.109223802678275,-0.101152928351159,-0.0916771716382874,-0.0814340906070443,-0.0699361106988254,-0.0570141369482791,-0.0438168386234628,-0.0321114746160776,-0.0228303592194177,-0.0157013325514956,-0.0102023033989687,-0.00633991544356149,-0.00427517871355132,-0.00361036736548925,NA,NA,NA,NA,NA,NA,NA,NA,NA,NA,NA
1,NA,NA,0.245320768865184,0.208996957320442,0.153129541002517,0.103929873709447,0.0718387555461617,0.0490408728802327,0.0278096242361521,0.0115356486219929,0.00779646578477466,0.0176462001030253,0.0348915074695508,0.0521626881228516,0.0645728798425882,0.0699867667997309,0.069481706387468,0.0669542111782797,0.0653103481624242,0.0627773447935913,0.0549982219753793,0.0409395060737814,0.0248045604669271,0.0117881052942135,0.00401119056312926,0.00151485587268319,0.00507260711568835,0.0156895037977494,0.0317454220368436,0.0484882819448684,0.0610111181309561,0.0674045665489234,0.0692520878604643,NA,NA,NA,NA,NA,NA,NA,NA,NA,NA,NA
1,NA,NA,-0.00798366785308802,-0.00798366785328786,-0.00798366785398463,0.0288288312553415,0.0570368775595878,0.000502536790365956,0.0197823093693665,0.00738713510087965,-0.0375838535329726,-0.0797431933114421,-0.045473489607477,-0.0714564480349804,-0.0425836986857364,-0.357720108113326,-0.0421481937085784,-0.111829057884414,-0.113670884036778,-0.150801885990754,-0.196418966950717,-0.212150672487205,-0.150796930729966,-0.0860188496147555,-0.055966657553022,0.158684381088319,0.0565216413117804,0.0353253090585651,-0.043887071934717,-0.0100855075856075,-0.017523943670924,-0.00665413219608653,0.022810634816741,0.05389730206467,0.0642475599426744,0.0711698534818863,0.0468363013427154,0.0318318299121665,0.00212629976972317,0.0173925804496762,NA,NA,NA,NA
1,NA,NA,-0.755855467958736,0.488392819941023,1,-0.494478663612178,0.227262159938956,-0.114307426856056,-0.0204362940695649,-0.0185551031741727,-0.0127558235005972,-0.0126574828433555,-0.060749458286712,-0.092353835857188,0.395693269895235,0.0232056965853524,0.00255688826877426,-0.0375042593762596,-0.0989512816071094,-0.136884548436314,-0.117245224527904,-0.121207297225339,-0.12079192126556,-0.160757430038318,-0.0489232397084818,0.0477647588258248,0.0247702636635876,0.0422740293685204,0.065707258123975,0.0461400823516503,0.0247953121787221,0.00458199117825616,0.0284004381965484,0.0929974016290975,0.126151226969506,0.0665129730202054,-0.0437869892978819,-0.093099221752077,-0.0382431558801908,0.0333334063970537,NA,NA,NA,NA
1,NA,NA,NA,NA,-0.0835166620698647,-0.081255560511525,-0.0767333573948467,-0.069950052719829,-0.0610885511486875,-0.0508975963432751,-0.0395366871949052,-0.0266588814750581,-0.0123588689175881,0.0026703089999135,0.0181590211316748,0.0337631998691645,0.049553146053133,0.0652175232725206,0.0789972434003808,0.0882160215171882,0.091470405960423,0.0903493566573528,0.0884757396895166,NA,NA,NA,NA,NA,NA,NA,NA,NA,NA,NA,NA,NA,NA,NA,NA,NA,NA,NA,NA,NA
1,NA,NA,NA,NA,-0.845943342185561,-0.49556990917381,0.0417087260761788,0.456722342637525,0.54342915829177,0.346113707930651,0.080351121953571,-0.0646377232527089,-0.0703787621097972,-0.0272321731456271,-0.0206491090892621,-0.0488326818735458,-0.0537303380801113,-0.00766836304882967,0.0540402596545162,0.0793547168539314,0.0565103153474207,0.0170831374856357,-0.00595612028120168,NA,NA,NA,NA,NA,NA,NA,NA,NA,NA,NA,NA,NA,NA,NA,NA,NA,NA,NA,NA,NA
1,NA,NA,NA,NA,0.032066885297021,0.0320668852970346,0.0320668852970553,0.0320668852970774,0.0320668852971021,0.0320668852971331,0.0320668852971611,0.0320668852971645,0.0320668852971234,0.0320668852970349,0.0129702515755676,0.0196493945501421,0.0165152918578083,0.00490546958939743,-0.0098724730553739,-0.0165857442755094,-0.0132910843210276,-0.0081426465468255,-0.00597173801569526,-0.0180089899117655,0.000432758432979297,0.0195747789757907,0.0195516163229852,-0.00230259265160337,-0.0253426719972962,-0.0295915576477077,-0.0177360870170078,-0.0071379237125242,-0.00645644444943438,-0.00967527185771666,-0.0105560903297677,-0.0276058167512439,-0.0288980500033409,-0.023928117873766,0.000869073505460616,0.0427153408053562,0.0750476544132455,NA,NA,NA
1,NA,NA,NA,NA,0.477121254719662,-0.0511525224473813,0.503450193442012,NA,NA,NA,NA,NA,NA,NA,NA,NA,NA,NA,NA,NA,NA,NA,NA,NA,NA,NA,NA,NA,NA,NA,NA,0.954242509439325,NA,-0.015794267183232,-0.245727187197076,NA,NA,NA,NA,NA,NA,NA,NA,NA
1,NA,NA,NA,NA,0.0443552755818568,0.0443552755818573,0.0443552755818568,0.0443552755818573,0.0443552755818568,0.0443552755818573,0.0443552755818568,0.0443552755818573,0.0443552755818568,0.0443552755818573,0.0443552755818568,0.0443552755818573,0.0443552755818568,0.0443552755818573,0.0443552755818568,0.0443552755818568,0.0443552755818573,0.0443552755818573,0.0443552755818573,0.0443552755818564,0.0443552755818573,0.0443552755818573,0.0443552755818573,NA,NA,NA,NA,0,NA,NA,NA,NA,NA,NA,NA,NA,NA,NA,NA,NA
1,NA,NA,NA,NA,0.0218429803875337,0.0218429803875337,0.0218429803875333,0.0218429803875337,0.0218429803875337,0.0218429803875333,0.0218429803875337,0.0218429803875337,0.0218429803875333,0.0218429803875337,0.0218429803875337,0.0218429803875333,0.0218429803875337,0.0218429803875337,0.0218429803875333,0.0218429803875337,0.0218429803875333,0.0218429803875337,0.0218429803875337,0.0218429803875337,0.0218429803875333,0.0218429803875337,0.0218429803875333,NA,NA,NA,NA,NA,NA,NA,NA,NA,NA,NA,NA,NA,NA,NA,NA,NA
1,NA,NA,NA,NA,0.0777259377517336,0.0777259377517336,0.0777259377517336,0.0777259377517336,0.0777259377517336,0.0777259377517336,0.0777259377517336,0.0777259377517336,0.0777259377517336,-0.0444425841347649,-0.0371837209880186,-0.0215812784802547,0.000609858932739016,0.0250603600559263,0.0464530151156581,0.0600893313688744,0.0638466648807634,0.059868082436211,0.0539586076656391,0.0516448245223369,0.0535757870091285,0.055079287665234,0.051165595792914,0.00613350217266539,-0.013573464844348,-0.0277439836431599,-0.0401689576408772,-0.0585359579271634,-0.081457990561967,-0.0973339623216356,NA,NA,NA,NA,NA,NA,NA,NA,NA,NA
1,NA,NA,NA,NA,NA,0.100343331887994,0.100343331887994,NA,NA,1,-1,-0.100343331887994,-0.100343331887994,-0.100343331887994,0.349485002168009,0.349485002168009,NA,NA,-0.198970004336019,1,0.191885526238913,-0.301029995663981,0.154901959985743,NA,NA,NA,NA,NA,NA,NA,NA,NA,NA,NA,NA,NA,NA,NA,NA,NA,NA,NA,NA,NA
1,NA,NA,NA,NA,NA,-0.179141394227147,-0.109747176130299,0.00455632126277572,0.139539873483094,0.214237611592094,0.186646025632879,0.0891916828016609,-0.0678852976366802,-0.24874927684838,-0.302992470929628,-0.189447974279171,-0.0206638268885826,0.0635925453002897,0.0346111732628551,-0.0101345786594826,0.0358312341239646,0.167193399975891,0.276316515077278,NA,NA,NA,NA,NA,NA,NA,NA,NA,NA,NA,NA,NA,NA,NA,NA,NA,NA,NA,NA,NA
1,NA,NA,NA,NA,NA,NA,0.0116099145193456,0.0167712323161,0.0226435832755794,0.0259174043694648,0.0705738169738557,0.0715425028889727,0.0691020701966769,0.0609336381881787,0.0495879567967092,0.03895261724535,0.0283417235255592,0.0150240470579219,0.00268116103669769,0.00138870501057298,-0.0120372001993747,0.0239487926284641,0.0438124141410015,0.0413015024996843,0.0286735967682175,0.0152231201453024,-0.00522122108120193,-0.0405552443625323,-0.0822075464076111,-0.110472319859141,-0.116091153070323,-0.106948731370069,-0.0913394299984551,-0.064019985605082,-0.016509290766006,0.043650361381542,0.0941071729326941,0.119678485464646,0.125761828717726,NA,NA,NA,NA,NA
1,NA,NA,NA,NA,NA,NA,0.08136364874885,0.0813636487488498,0.00438815645372492,0.0043881564537247,0.00438815645372492,0.00438815645372492,0.0043881564537247,0.00438815645372492,0.0713562305833513,0.0713562305833513,0.0713562305833515,0.0713562305833513,-0.0438695248414454,-0.0438695248414451,-0.172862288925483,0.203742663289134,0.203742663289134,NA,NA,NA,NA,NA,-0.44328613810141,-0.675624181648126,-1,1,1,-0.298518579022092,0.260958929803465,-1,0.376902456695024,0.376902456695024,NA,NA,NA,NA,NA,NA
1,NA,NA,NA,NA,NA,NA,-0.0756934708195098,-0.0756934708195096,-0.0756934708195098,-0.0756934708195096,-0.0756934708195096,-0.0756934708195098,-0.0756934708195098,-0.0756934708195094,-0.0756934708195098,0.240823996531185,0.240823996531185,0.240823996531185,0.240823996531185,0.240823996531185,-1,1,0.198840068170822,-0.0775881969398775,-0.359062437380881,-0.356241198643305,-0.0503905315218368,0.169240021215139,0.109802244209728,0.0099048792253999,-0.0408396493995751,0.0655272159583252,-0.300999753147861,-0.178618971981608,0.30261984977981,0.0810664375663801,0.0571845740943547,0.111220195091612,0,0.378480975656853,NA,NA,NA,NA
1,NA,NA,NA,NA,NA,NA,0.00198624839294292,0.00215463446888642,0.00257613907006315,0.00325916976961393,0.00408800939961385,0.00490913058512166,0.00566706028744068,0.00645063906674681,0.00738913144944098,0.00849535805811874,0.00961227533020781,0.0105140138312372,0.0110616093434512,0.0112771275987973,0.0112963449307522,0.0112656840377714,NA,NA,NA,NA,NA,NA,NA,NA,NA,NA,NA,NA,NA,NA,NA,NA,NA,NA,NA,NA,NA,NA
1,NA,NA,NA,NA,NA,NA,NA,-0.380211241711606,-0.0551655365069039,-0.0551655365069044,-0.0551655365069039,-0.0551655365069039,-0.0551655365069044,-0.0551655365069039,0.301029995663981,-0.243038048686294,NA,NA,NA,NA,NA,NA,NA,NA,NA,NA,NA,NA,NA,NA,NA,NA,NA,NA,NA,NA,NA,NA,NA,NA,NA,NA,NA,NA
1,NA,NA,NA,NA,NA,NA,NA,0.05152395794166,0.0494290153834542,0.0492392056510704,0.0543037391402889,0.0623122011628512,0.0671483899977532,0.064625364519814,0.0542661137913892,0.0363127744612968,0.0105793440440229,-0.0198426805172254,-0.0462403320895075,-0.0596947659897092,-0.0598414699646186,-0.055639916630797,NA,NA,NA,NA,NA,NA,NA,0.359021942641668,NA,NA,NA,NA,NA,NA,NA,NA,NA,NA,NA,NA,NA,NA
1,NA,NA,NA,NA,NA,NA,NA,0.199976935172682,0.196345536779669,0.185858956974143,0.165447619572137,0.13479793363227,0.0977078785123893,0.0610736738689657,0.0314591251296275,0.0115501191182916,-0.000630742229303038,-0.00918357251462831,-0.0169086379027468,-0.0239449977816371,-0.0290091068459377,-0.0313580285780879,NA,NA,NA,NA,NA,NA,NA,NA,NA,NA,NA,NA,NA,NA,NA,NA,NA,NA,NA,NA,NA,NA
1,NA,NA,NA,NA,NA,NA,NA,-0.100595925974941,-0.100595925974966,-0.100595925975002,-0.100595925975032,-0.100595925975052,-0.100595925975083,-0.100595925975146,-0.100595925975241,-0.100595925975334,-0.100595925975392,-0.10059592597539,-0.100595925975345,-0.100595925975285,-0.100595925975224,-0.100595925975183,-0.100595925975164,0.256681644326255,NA,0.0128156266775091,-0.00782653405212135,-0.00059596428272965,0.00207106053725575,-0.0110042096245929,-0.0342863172313252,-0.0471412338298254,-0.0330001445010333,0.00376632334328815,0.040216370902398,0.05378340030424,0.0399350731986989,0.0137434253527742,-0.00438190437087794,NA,NA,NA,NA,NA
1,NA,NA,NA,NA,NA,NA,NA,0,0,0,0,0.39379038623631,0.39379038623631,0.39379038623631,0.364496759472102,0.364496759472102,0.868932722896102,-0.602101795916383,-0.892035231981367,-0.923199180336481,0.955659058479982,-0.477474959053506,0.209642522385588,NA,NA,NA,NA,NA,NA,NA,NA,NA,NA,NA,NA,NA,NA,NA,NA,NA,NA,NA,NA,NA
1,NA,NA,NA,NA,NA,NA,NA,NA,0.0984054823368012,0.083287508483191,0.0606164892686927,0.0413733290048155,0.0290541946683724,0.018898609676735,0.00495951291138552,-0.00603710065276863,-0.0196188588685158,-0.0333731686121932,-0.0325943818869604,-0.0213610242902447,-0.00470751753305907,0.00686079189841001,0.00642583483125349,0.118056692708231,0.106977754836641,0.091703014663133,-0.0736163343934164,-0.0367573971506574,0.121987883835041,-0.0443492457004609,-0.157841671753885,-0.189291907681214,0.0298315078866547,0.0248314808073693,0.0219171718485145,0.0153010109057479,0.00108315584603025,-0.0159275111365604,-0.0278950846598311,-0.0325411909945321,0.0170243634334386,0.017045911476274,NA,NA
1,NA,NA,NA,NA,NA,NA,NA,NA,-0.301029995663981,-0.309984838316907,-0.535113201697349,0.0545722347125341,0.0545722347125337,-0.477121254719662,0,0,0.010411561384025,0.010411561384025,0.010411561384025,0.010411561384025,0.010411561384025,0.010411561384025,0.010411561384025,0.010411561384025,0.010411561384025,-0.122673685178323,-0.115203777422646,-0.101729853888376,0.0305287392957673,-0.150432113034205,-0.119717797747243,-0.08788696116048,-0.0546299388113549,-0.0232392438318965,0.00072845098620955,0.0129507481986642,NA,NA,NA,NA,NA,NA,NA,NA
1,NA,NA,NA,NA,NA,NA,NA,NA,0.279069781730267,-0.087413592832567,0.300994959941803,-0.580561316612444,NA,NA,NA,NA,NA,NA,NA,NA,NA,NA,NA,NA,NA,0.628388930050311,-0.276206411938949,0.324511091513504,-0.500602350569185,NA,NA,NA,NA,NA,NA,NA,NA,NA,NA,NA,NA,NA,NA,NA
1,NA,NA,NA,NA,NA,NA,NA,NA,-0.0103539219827065,-0.00589601823697339,-2.01589226087595e-05,0.00253022591852181,-0.000161733948474296,-0.00544579314622773,-0.00888521172927526,-0.00829380017315473,-0.00520942514603329,-0.00317067799422599,-0.0049850409271508,-0.0108862621847228,-0.0179467404458553,-0.00479117657257522,-0.00312099674555995,0.00101744819833309,0.00546008655595983,0.00761230612879626,0.00658176955337675,0.0037753957343946,0.00135961740552792,0.000376896393357991,0.000475799872284632,0.00103563115137802,0.00193338453033413,0.00315965118232316,0.0042451472459483,0.0045217509238098,0.00384935494425738,0.00279142220851562,0.00209261866707822,0.000975022009665039,NA,NA,NA,NA
1,NA,NA,NA,NA,NA,NA,NA,NA,0.000109818418750462,0.00157089364297391,0.00263587789877495,0.000537464641175323,-0.00559359979492391,-0.0128997888683762,-0.0165526743346232,-0.0140271804883199,-0.00763607842740233,-0.00288826598119929,-0.00459870031319221,-0.0136553603834351,-0.0255044437947507,-0.00187483060807766,-0.000262256238993711,0.0022923579980146,0.00353957728383921,0.00537503397577677,0.009349728868423,0.0114648372251677,0.00623183609477869,-0.00441625009502659,-0.0108624965090394,-0.00638142550954379,0.0048746144936811,0.012806422240221,0.0123812662782387,0.00710635659152392,0.00302259949140075,0.00248942828962928,0.00227400260992631,-0.000939810966190224,NA,NA,NA,NA
1,NA,NA,NA,NA,NA,NA,NA,NA,-0.125915009696721,-0.125308415778059,-0.123579549781406,-0.120671464515449,-0.117322448540593,-0.114326037478564,-0.111401826291873,-0.106959394490531,-0.0992864716964692,-0.0882140548875427,-0.0757108890942106,-0.0648074754473429,-0.0577474222114369,-0.0548210989825728,-0.0545865118564,-0.0550799328013096,NA,0.209741829286433,0.0557683518040362,-0.0204153686075506,0.12393376696468,0.00974405451916072,0.130073269947617,NA,NA,NA,NA,NA,NA,NA,NA,NA,NA,NA,NA,NA
1,NA,NA,NA,NA,NA,NA,NA,NA,-0.0351086021492879,-0.0345438945684764,-0.0351501755254588,-0.040751096242011,-0.0547083569384572,-0.0746362800418474,-0.0901904155933129,-0.0895942984635449,-0.0714591760062886,-0.050050715116869,-0.0462364591511317,-0.0707435989569549,-0.115377780415928,-0.160434148825221,-0.190310232326601,-0.202437870193994,NA,0.129749279006241,0.107357856594252,0.140513496925452,0.0802987778109718,0.0117602694275687,-0.0202577769429291,-0.00013815232442882,0.0409430961053325,0.0539399368594262,0.0172712964970341,-0.0715504293134863,-0.0989388562557885,-0.0580332248273381,-0.0209438411600278,-0.0380325987395906,-0.0757407251979787,NA,NA,NA
1,NA,NA,NA,NA,NA,NA,NA,NA,NA,NA,0.0320328012336302,0.0339226588055987,0.0367902478877946,0.0388913662610342,0.0260282635321606,0.0252960246626094,0.0375265963393539,0.0287169406230257,0.0175622412996113,0.0110946748964783,0.0124181162846809,0.0172691322245396,0.0186936907646575,0.0139388035281993,0.00636769601314213,0.00141099113425075,-0.00627237716262556,-0.00313608035701093,-0.00223443065943367,-0.00505817871082429,-0.00855026125550884,-0.0115596035938619,-0.0826955809707683,-0.106695411283634,-0.0183605985655207,0.103515380272005,0.199576241347278,0.207047974831577,0.111327420165761,-0.0316786499604822,-0.131820169755061,0.0218868554795337,NA,NA
1,NA,NA,NA,NA,NA,NA,NA,NA,NA,NA,-0.0272861173562671,-0.0272861173562671,-0.0272861173562671,-0.0272861173562668,0,-0.073595357058919,-0.073595357058919,-0.0735953570589187,-0.073595357058919,-0.073595357058919,-0.0739495832054522,-0.073949583205452,-0.0739495832054522,0,0,0.262017913402603,0.517742555152381,-0.090677851912265,-0.235270344308508,NA,NA,NA,NA,NA,NA,NA,NA,NA,NA,NA,NA,NA,NA,NA
1,NA,NA,NA,NA,NA,NA,NA,NA,NA,NA,-0.0459669296846107,-0.0459669296846449,-0.0459669296847193,-0.045966929684831,-0.0459669296849719,-0.0459669296851368,-0.0459669296853206,-0.045966929685514,-0.045966929685701,-0.0459669296858661,-0.0459669296860021,-0.0459669296861154,-0.0459669296862164,-0.0459669296863084,-0.0459669296863845,-0.0229834648432185,-0.0229834648432335,0.477016535156758,-0.522983464843247,-0.045966929686499,NA,NA,NA,NA,NA,NA,NA,NA,NA,NA,NA,NA,NA,NA
1,NA,NA,NA,NA,NA,NA,NA,NA,NA,NA,0.112321248825058,0.10963444510704,0.102892763322497,0.0916446050444382,0.0770829278519813,0.0609712232058964,0.0441790717551373,0.0266216742404178,0.00849698357510981,-0.00911697225704439,-0.0252462192886667,-0.0400957025226356,-0.0544782521384234,-0.0683065786666019,-0.080430485618709,0.115030771863486,-0.549458272676527,0.446158096065353,-0.115808618722855,-0.120670872825809,NA,NA,NA,NA,NA,NA,NA,NA,NA,NA,NA,NA,NA,NA
1,NA,NA,NA,NA,NA,NA,NA,NA,NA,NA,NA,-0.127481440537811,-0.062395831946513,0.0151005635387049,0.0412588499770878,0.00725216313209831,-0.0463561006343873,-0.0774745653461375,-0.0631791581868253,0.000573231682455599,0.0841284891493546,0.121918111430139,0.0694941276128782,-0.0288866771037908,-0.0684638283831456,-0.00230630737196158,-0.448776891966607,-0.134738557074223,0.535967772245295,-0.438929974413978,0.029456498434568,0.0674699793878499,0.0701858578151526,0.0293002604179691,-0.0170334111442658,-0.050589016697665,-0.0838920411717385,-0.111765663954765,-0.0993372579475391,-0.0335176168512286,0.0469603332590633,0.0952714513312758,0.107726465515077,NA
1,NA,NA,NA,NA,NA,NA,NA,NA,NA,NA,NA,NA,0.0458671085944872,0.0931712616326831,0.148596465878899,0.14561921834308,0.0971194885434121,0.0264278654797615,-0.0224009303448914,-0.0344263047572302,-0.0287944600469564,-0.0307658569244091,-0.0448736203050978,-0.0559055306353169,-0.0462291622817911,-0.0405646202128099,-0.0425844193657974,-0.038426861075568,-0.0291038293162815,-0.021968894667739,-0.0204283438391888,-0.0214717089588574,NA,NA,NA,NA,NA,NA,NA,NA,NA,NA,NA,NA
1,NA,NA,NA,NA,NA,NA,NA,NA,NA,NA,NA,NA,NA,-0.0951972374758154,-0.0951972374758154,-0.0951972374758153,-0.0951972374758154,-0.0951972374758154,-0.0951972374758154,0.0767077591749001,0.0767077591749001,0.0767077591749,0.0767077591749001,0.0767077591749004,0.0767077591748999,0.4758845112833,-0.0981467564444188,0.258020226502581,0.421005312740731,NA,NA,NA,NA,NA,NA,NA,NA,NA,NA,NA,NA,NA,NA,NA
1,NA,NA,NA,NA,NA,NA,NA,NA,NA,NA,NA,NA,NA,-0.0225780916926057,-0.020911442944171,-0.0187660406791235,-0.0178252745694572,-0.0180538242945145,-0.0168647894714784,-0.0113049805785375,-0.00140705789562556,0.00904333903645682,0.0155454790999894,0.0164322602073383,0.0129782545216219,0.00653684866077686,-0.00311765283243481,-0.0161439889261397,-0.0304662380108525,-0.0425908277616278,-0.0505490077339221,-0.0550764670982691,-0.0577687687509298,-0.0591737586145173,NA,NA,NA,NA,NA,NA,NA,NA,NA,NA
1,NA,NA,NA,NA,NA,NA,NA,NA,NA,NA,NA,NA,NA,NA,-0.0248261667713106,-0.0248261667720842,-0.0248261667730381,-0.0248261667736287,-0.024826166774059,-0.0248261667751004,-0.024826166777185,-0.0248261667797305,-0.0248261667814411,NA,NA,NA,NA,NA,NA,NA,NA,NA,NA,NA,NA,NA,NA,NA,NA,NA,NA,NA,NA,NA
1,NA,NA,NA,NA,NA,NA,NA,NA,NA,NA,NA,NA,NA,NA,0.163303128443836,0.163303128443836,0.163303128443836,0.163303128443836,-0.528273777167044,-0.505149978319906,0.301029995663981,NA,NA,NA,NA,NA,NA,NA,NA,NA,NA,NA,NA,NA,NA,NA,NA,NA,NA,NA,NA,NA,NA,NA
1,NA,NA,NA,NA,NA,NA,NA,NA,NA,NA,NA,NA,NA,NA,NA,NA,0.0812303599684472,0.0402329936370802,-0.0164184224953332,-0.0506917485858009,-0.048584689120275,-0.0296569281850934,-0.0207931616270955,-0.0274385685618386,-0.0334879681680542,-0.0256954214191167,-0.0109031778526902,-0.00584848990794207,-0.0143562978880833,-0.0217774661235275,-0.0134719292880434,0.00692981316883934,0.0227853086280039,0.0253023796107761,0.0220626102169335,0.0228616083847561,0.0237613456204642,0.012594700726956,-0.0110538154978732,-0.0304771103108665,NA,NA,NA,NA
1,NA,NA,NA,NA,NA,NA,NA,NA,NA,NA,NA,NA,NA,NA,NA,NA,-0.0264770167671777,-0.0264770167659805,-0.0264770167654431,-0.0264770167674264,-0.0264770167717607,-0.0264770167762682,-0.0264770167786708,-0.0264770167785819,-0.0264770167776485,-0.0694822272655291,-0.0383488293141705,0.0113146133005537,0.0552506440657317,0.0758712139457196,0.0700997243562007,0.042286341478492,-0.0030326926319264,-0.0587622020079026,-0.109974164213654,-0.139179719910916,NA,NA,NA,NA,NA,NA,NA,NA
1,NA,NA,NA,NA,NA,NA,NA,NA,NA,NA,NA,NA,NA,NA,NA,NA,-0.925613069856223,NA,NA,NA,-0.0104534831646028,-0.0876155070679774,-0.0826226764796165,-0.0748263160458524,-0.0649665584970331,-0.122852143374842,0.233037111090112,0.191280099915427,-0.327748629335907,0.132974256165987,NA,NA,NA,NA,NA,NA,NA,NA,NA,NA,NA,NA,NA,NA
1,NA,NA,NA,NA,NA,NA,NA,NA,NA,NA,NA,NA,NA,NA,NA,NA,NA,0.0516512728034866,0.0553687433400974,0.0514378897704395,0.0233617733326267,-0.0386611107394019,-0.126343573373198,-0.210863548032454,-0.25503970453442,-0.2347756261149,-0.154930868614562,-0.0477636017730355,0.0447408758972695,0.0935264766483017,NA,NA,NA,NA,NA,NA,NA,NA,NA,NA,NA,NA,NA,NA
1,NA,NA,NA,NA,NA,NA,NA,NA,NA,NA,NA,NA,NA,NA,NA,NA,NA,-0.00176639017697156,-0.0297036267967167,-0.0356838922506048,-0.0276937439884339,-0.000404554696717963,0.021508530372045,0.0160968287200098,-0.00532113627292619,-0.0165155501150999,-0.0123854304241386,-0.00747410841639418,-0.00684504043982503,-0.00181674449788927,0.00607716791669688,0.00208532137120809,-0.0121625445895496,0.0266824246511932,0.0815446385362514,0.0968443626642086,0.0503090036129724,-0.0177473501710241,-0.0447939193121734,-0.0156394345235145,0.022110017550979,-0.000952984052437156,-0.0173973137876284,NA
1,NA,NA,NA,NA,NA,NA,NA,NA,NA,NA,NA,NA,NA,NA,NA,NA,NA,NA,0.466075040038509,0.275655718650305,0.0191901281535714,-0.136387483875223,-0.134915532708041,-0.0635123478347734,-0.0470333683670469,-0.120225892491691,-0.202931823441706,NA,NA,NA,NA,NA,NA,NA,NA,NA,NA,NA,NA,NA,NA,NA,NA,NA
1,NA,NA,NA,NA,NA,NA,NA,NA,NA,NA,NA,NA,NA,NA,NA,NA,NA,NA,-0.0311531619007031,-0.0311531619004033,-0.0311531618998392,-0.0311531618989713,-0.031153161897613,-0.0311531618956183,-0.0311531618931849,-0.0311531618909536,-0.0311531618896735,NA,NA,NA,NA,NA,NA,NA,NA,NA,NA,NA,NA,NA,NA,NA,NA,NA
1,NA,NA,NA,NA,NA,NA,NA,NA,NA,NA,NA,NA,NA,NA,NA,NA,NA,NA,-0.0293211917173228,-0.0293211917174099,-0.0293211917175438,-0.0293211917175471,-0.0293211917171657,-0.029321191716257,-0.0293211917149627,-0.0293211917137144,-0.029321191712989,NA,NA,NA,NA,NA,NA,NA,NA,NA,NA,NA,NA,NA,NA,NA,NA,NA
1,NA,NA,NA,NA,NA,NA,NA,NA,NA,NA,NA,NA,NA,NA,NA,NA,NA,NA,0.0765872371471531,0.0800212880038175,0.079600802308913,0.067540476982448,0.0433743268746779,0.0149785611520756,-0.00748817640911414,-0.0189934747438678,-0.0220741986735119,NA,NA,NA,NA,NA,NA,NA,NA,NA,NA,NA,NA,NA,NA,NA,NA,NA
1,NA,NA,NA,NA,NA,NA,NA,NA,NA,NA,NA,NA,NA,NA,NA,NA,NA,NA,0.0549102258615087,0.0504995053552634,0.0411618762688348,0.0286750563909351,0.0168807793224671,0.0095578951198505,0.00807234856387806,0.0104531725641355,0.0129296305050232,NA,NA,NA,NA,NA,NA,NA,NA,NA,NA,NA,NA,NA,NA,NA,NA,NA
1,NA,NA,NA,NA,NA,NA,NA,NA,NA,NA,NA,NA,NA,NA,NA,NA,NA,NA,NA,0.0317779397766915,0.0213101756531791,0.00595616199338989,-0.00476434917661955,-0.005342370385303,0.00280166237705526,0.0154006774176309,0.0300554061407223,0.0465925807271831,0.0645675948072484,0.0824693005407435,0.0995954797570138,0.117039925021222,0.135326729243008,0.151521862040725,0.160718293389859,NA,NA,NA,NA,NA,NA,NA,NA,NA
1,NA,NA,NA,NA,NA,NA,NA,NA,NA,NA,NA,NA,NA,NA,NA,NA,NA,NA,NA,0.181964982003322,-0.423929197722955,NA,NA,NA,NA,NA,NA,NA,NA,NA,NA,NA,NA,NA,NA,NA,NA,NA,NA,NA,NA,NA,NA,NA
1,NA,NA,NA,NA,NA,NA,NA,NA,NA,NA,NA,NA,NA,NA,NA,NA,NA,NA,NA,NA,0.893946607552074,-0.24073409377673,NA,NA,NA,NA,NA,NA,NA,NA,NA,NA,NA,NA,NA,NA,NA,NA,NA,NA,NA,NA,NA,NA
1,NA,NA,NA,NA,NA,NA,NA,NA,NA,NA,NA,NA,NA,NA,NA,NA,NA,NA,NA,NA,0.00289539306169773,0.00289539306169739,0.00289539306169762,0.00299778449744681,0.00299778449744681,0.00299778449744681,0.164802020692559,0.164802020692559,0.0977049601825451,0.0977049601825451,0.346075538819859,0.0359377723193531,-0.102448100887851,0.171657912774493,0.426310881820025,0.00867482307298419,-0.0472747986451442,-0.106352685088243,0.227003640782593,-0.166587718310938,NA,NA,NA,NA
1,NA,NA,NA,NA,NA,NA,NA,NA,NA,NA,NA,NA,NA,NA,NA,NA,NA,NA,NA,NA,-0.104926650375735,-0.0996728156771451,-0.085091828028236,-0.0447325799929612,0.0214282174864555,0.0886004683794124,0.0891865021989459,0.0837668266742857,0.0320513253723488,0.00857532400761252,-0.00507545233285134,-0.160088420740788,-0.0170161383165502,0.143417518999855,0.217455030104076,-0.0605462046429319,-0.00186193207031837,-0.0476126871235498,-0.109721988768022,-0.0643539790523335,NA,NA,NA,NA
1,NA,NA,NA,NA,NA,NA,NA,NA,NA,NA,NA,NA,NA,NA,NA,NA,NA,NA,NA,NA,-0.0346927483719113,-0.033203505864233,-0.0303845428941436,-0.0270308213188251,-0.0240246689291566,-0.0220013259226537,-0.134904207976937,-0.15664464476081,-0.126967630254156,-0.0245733046900785,-0.029899937750766,0.122923851379407,-0.0761237575799236,-0.121906127111984,-0.185309491494603,-0.10173096409705,-0.246310105042843,0.0649519293102196,0.19069076762597,-0.269811171072762,NA,NA,NA,NA
1,NA,NA,NA,NA,NA,NA,NA,NA,NA,NA,NA,NA,NA,NA,NA,NA,NA,NA,NA,NA,NA,0.0910178932527903,0.0838134576241023,0.0644738474736524,0.0323963859078697,-0.0021864111554989,-0.0160998055284845,0.480059693938965,-0.0128411537513133,0.00170636584317388,0.0284527981281265,0.0434858820665247,NA,NA,NA,NA,NA,NA,NA,NA,NA,NA,NA,NA
1,NA,NA,NA,NA,NA,NA,NA,NA,NA,NA,NA,NA,NA,NA,NA,NA,NA,NA,NA,NA,NA,-0.0146185458235477,-0.014618545823517,-0.0146185458236064,-0.0146185458239352,-0.0146185458244342,-0.0146185458249345,-0.0146185458253539,-0.0146185458257284,-0.0146185458260661,-0.0146185458262748,NA,NA,NA,NA,NA,NA,NA,NA,NA,NA,NA,NA,NA
1,NA,NA,NA,NA,NA,NA,NA,NA,NA,NA,NA,NA,NA,NA,NA,NA,NA,NA,NA,NA,NA,0.0188442494958116,0.018844249495789,0.0188442494957801,0.0188442494957977,0.0188442494957917,0.00727150821969713,0.161961820147608,-0.174083974568075,0.320620449611995,0.0188442494946948,0.0188442494941188,0.0188442494933825,0.0188442494926622,0.0188442494921459,0.0188442494919088,NA,NA,NA,NA,NA,NA,NA,NA
1,NA,NA,NA,NA,NA,NA,NA,NA,NA,NA,NA,NA,NA,NA,NA,NA,NA,NA,NA,NA,NA,NA,NA,0.0400604738157614,0.0432566429392726,0.0481020646327787,0.0520045729529116,0.0522104806060708,0.0451526445428944,0.0274940438153845,0.000760166005397023,-0.0253865809718415,-0.0375665153065645,-0.0288463807807017,-0.00460640733175138,0.0223887469923642,0.0423912128071839,0.0537858493172352,0.0596087263394646,0.0621900496437758,NA,NA,NA,NA
1,NA,NA,NA,NA,NA,NA,NA,NA,NA,NA,NA,NA,NA,NA,NA,NA,NA,NA,NA,NA,NA,NA,NA,NA,-0.0397216181941014,-0.0397216181941361,0.0971807939195662,0.0261542380845356,0.0261542380844278,-0.0836502254846774,-0.269281061303979,-0.00376846741192532,0.196966971371591,-0.508722611742148,-0.0397216181954379,-0.0397216181954036,-0.039721618195376,-0.0397216181953464,-0.0397216181952973,-0.0397216181952367,-0.03972161819519,-0.0397216181951694,NA,NA
1,NA,NA,NA,NA,NA,NA,NA,NA,NA,NA,NA,NA,NA,NA,NA,NA,NA,NA,NA,NA,NA,NA,NA,NA,NA,1,-1,0,0,NA,NA,NA,NA,NA,NA,NA,NA,NA,NA,NA,NA,NA,NA,NA
1,NA,NA,NA,NA,NA,NA,NA,NA,NA,NA,NA,NA,NA,NA,NA,NA,NA,NA,NA,NA,NA,NA,NA,NA,NA,-0.764662759941109,1,-1,-0.392800369019627,NA,NA,NA,NA,NA,NA,NA,NA,NA,NA,NA,NA,NA,NA,NA
1,NA,NA,NA,NA,NA,NA,NA,NA,NA,NA,NA,NA,NA,NA,NA,NA,NA,NA,NA,NA,NA,NA,NA,NA,NA,1,1,-1,1,NA,NA,NA,NA,NA,NA,NA,NA,NA,NA,NA,NA,NA,NA,NA
1,NA,NA,NA,NA,NA,NA,NA,NA,NA,NA,NA,NA,NA,NA,NA,NA,NA,NA,NA,NA,NA,NA,NA,NA,NA,-1,0,0,0,NA,NA,NA,NA,NA,NA,NA,NA,NA,NA,NA,NA,NA,NA,NA
1,NA,NA,NA,NA,NA,NA,NA,NA,NA,NA,NA,NA,NA,NA,NA,NA,NA,NA,NA,NA,NA,NA,NA,NA,NA,0,1,-1,0,NA,NA,NA,NA,NA,NA,NA,NA,NA,NA,NA,NA,NA,NA,NA
1,NA,NA,NA,NA,NA,NA,NA,NA,NA,NA,NA,NA,NA,NA,NA,NA,NA,NA,NA,NA,NA,NA,NA,NA,NA,-1,0,0,0,NA,NA,NA,NA,NA,NA,NA,NA,NA,NA,NA,NA,NA,NA,NA
1,NA,NA,NA,NA,NA,NA,NA,NA,NA,NA,NA,NA,NA,NA,NA,NA,NA,NA,NA,NA,NA,NA,NA,NA,NA,0,0,0,1,NA,NA,NA,NA,NA,NA,NA,NA,NA,NA,NA,NA,NA,NA,NA
1,NA,NA,NA,NA,NA,NA,NA,NA,NA,NA,NA,NA,NA,NA,NA,NA,NA,NA,NA,NA,NA,NA,NA,NA,NA,0.778151250383644,-0.477121254719662,0.477121254719662,0,NA,NA,0.246672333341388,0.810680475210564,NA,NA,NA,NA,NA,NA,NA,NA,NA,NA,NA
1,NA,NA,NA,NA,NA,NA,NA,NA,NA,NA,NA,NA,NA,NA,NA,NA,NA,NA,NA,NA,NA,NA,NA,NA,NA,-0.0649408069330146,0,-1,0.301029995663981,NA,NA,NA,NA,NA,NA,NA,NA,NA,NA,NA,NA,NA,NA,NA
1,NA,NA,NA,NA,NA,NA,NA,NA,NA,NA,NA,NA,NA,NA,NA,NA,NA,NA,NA,NA,NA,NA,NA,NA,NA,0.0579919469776867,-0.301029995663981,0.0969100130080565,0.0791812460476248,NA,NA,NA,NA,NA,NA,NA,NA,NA,NA,NA,NA,NA,NA,NA
1,NA,NA,NA,NA,NA,NA,NA,NA,NA,NA,NA,NA,NA,NA,NA,NA,NA,NA,NA,NA,NA,NA,NA,NA,NA,-1,1,-1,0,NA,NA,NA,NA,NA,NA,NA,NA,NA,NA,NA,NA,NA,NA,NA
1,NA,NA,NA,NA,NA,NA,NA,NA,NA,NA,NA,NA,NA,NA,NA,NA,NA,NA,NA,NA,NA,NA,NA,NA,NA,1,-1,0,0,NA,NA,NA,NA,NA,NA,NA,NA,NA,NA,NA,NA,NA,NA,NA
1,NA,NA,NA,NA,NA,NA,NA,NA,NA,NA,NA,NA,NA,NA,NA,NA,NA,NA,NA,NA,NA,NA,NA,NA,NA,-1,0,0,0,NA,NA,NA,NA,NA,NA,NA,NA,NA,NA,NA,NA,NA,NA,NA
1,NA,NA,NA,NA,NA,NA,NA,NA,NA,NA,NA,NA,NA,NA,NA,NA,NA,NA,NA,NA,NA,NA,NA,NA,NA,-1,0,0,0,NA,NA,NA,NA,NA,NA,NA,NA,NA,NA,NA,NA,NA,NA,NA
1,NA,NA,NA,NA,NA,NA,NA,NA,NA,NA,NA,NA,NA,NA,NA,NA,NA,NA,NA,NA,NA,NA,NA,NA,NA,NA,NA,NA,NA,NA,NA,NA,NA,NA,NA,NA,NA,NA,NA,NA,NA,NA,NA,NA
1,NA,NA,NA,NA,NA,NA,NA,NA,NA,NA,NA,NA,NA,NA,NA,NA,NA,NA,NA,NA,NA,NA,NA,NA,NA,0.301029995663981,0.602059991327962,-0.176091259055681,-1,NA,NA,NA,NA,NA,NA,NA,NA,NA,NA,NA,NA,NA,NA,NA
1,NA,NA,NA,NA,NA,NA,NA,NA,NA,NA,NA,NA,NA,NA,NA,NA,NA,NA,NA,NA,NA,NA,NA,NA,NA,-0.204119982655925,-0.221848749616356,-0.477121254719662,0,NA,NA,NA,NA,NA,NA,NA,NA,NA,NA,NA,NA,NA,NA,NA
1,NA,NA,NA,NA,NA,NA,NA,NA,NA,NA,NA,NA,NA,NA,NA,NA,NA,NA,NA,NA,NA,NA,NA,NA,NA,-0.903089986991944,1,-1,1,NA,NA,NA,NA,NA,NA,NA,NA,NA,NA,NA,NA,NA,NA,NA
1,NA,NA,NA,NA,NA,NA,NA,NA,NA,NA,NA,NA,NA,NA,NA,NA,NA,NA,NA,NA,NA,NA,NA,NA,NA,0,1,-1,0,NA,NA,NA,NA,NA,NA,NA,NA,NA,NA,NA,NA,NA,NA,NA
1,NA,NA,NA,NA,NA,NA,NA,NA,NA,NA,NA,NA,NA,NA,NA,NA,NA,NA,NA,NA,NA,NA,NA,NA,NA,0,1,-1,0,NA,NA,NA,NA,NA,NA,NA,NA,NA,NA,NA,NA,NA,NA,NA
1,NA,NA,NA,NA,NA,NA,NA,NA,NA,NA,NA,NA,NA,NA,NA,NA,NA,NA,NA,NA,NA,NA,NA,NA,NA,-1,1,0.26953230878308,-0.0145860231533255,NA,NA,NA,NA,NA,NA,NA,NA,NA,NA,NA,NA,NA,NA,NA
1,NA,NA,NA,NA,NA,NA,NA,NA,NA,NA,NA,NA,NA,NA,NA,NA,NA,NA,NA,NA,NA,NA,NA,NA,NA,1,-0.123507781501851,0.219556952836772,-1,NA,NA,NA,NA,NA,NA,NA,NA,NA,NA,NA,NA,NA,NA,NA
1,NA,NA,NA,NA,NA,NA,NA,NA,NA,NA,NA,NA,NA,NA,NA,NA,NA,NA,NA,NA,NA,NA,NA,NA,NA,-1,0,1,-0.188722406051404,NA,NA,NA,NA,NA,NA,NA,NA,NA,NA,NA,NA,NA,NA,NA
1,NA,NA,NA,NA,NA,NA,NA,NA,NA,NA,NA,NA,NA,NA,NA,NA,NA,NA,NA,NA,NA,NA,NA,NA,NA,0.367976785294594,0.359021942641668,-0.602059991327962,-0.301029995663981,NA,NA,NA,NA,NA,NA,NA,NA,NA,NA,NA,NA,NA,NA,NA
1,NA,NA,NA,NA,NA,NA,NA,NA,NA,NA,NA,NA,NA,NA,NA,NA,NA,NA,NA,NA,NA,NA,NA,NA,NA,NA,NA,0.134698573897456,NA,NA,NA,NA,NA,NA,NA,NA,NA,NA,NA,NA,NA,NA,NA,NA
1,NA,NA,NA,NA,NA,NA,NA,NA,NA,NA,NA,NA,NA,NA,NA,NA,NA,NA,NA,NA,NA,NA,NA,NA,NA,1,0.286097238365549,0.590513514466888,0.350010179729808,NA,NA,NA,NA,NA,NA,NA,NA,NA,NA,NA,NA,NA,NA,NA
1,NA,NA,NA,NA,NA,NA,NA,NA,NA,NA,NA,NA,NA,NA,NA,NA,NA,NA,NA,NA,NA,NA,NA,NA,NA,1,-1,1,-0.813815318507873,NA,NA,NA,NA,NA,NA,NA,NA,NA,NA,NA,NA,NA,NA,NA
1,NA,NA,NA,NA,NA,NA,NA,NA,NA,NA,NA,NA,NA,NA,NA,NA,NA,NA,NA,NA,NA,NA,NA,NA,NA,-1,0,0,0,NA,NA,NA,NA,NA,NA,NA,NA,NA,NA,NA,NA,NA,NA,NA
1,NA,NA,NA,NA,NA,NA,NA,NA,NA,NA,NA,NA,NA,NA,NA,NA,NA,NA,NA,NA,NA,NA,NA,NA,NA,0,1,-1,0,NA,NA,NA,NA,NA,NA,NA,NA,NA,NA,NA,NA,NA,NA,NA
1,NA,NA,NA,NA,NA,NA,NA,NA,NA,NA,NA,NA,NA,NA,NA,NA,NA,NA,NA,NA,NA,NA,NA,NA,NA,-1,0,0,0,NA,NA,NA,NA,NA,NA,NA,NA,NA,NA,NA,NA,NA,NA,NA
1,NA,NA,NA,NA,NA,NA,NA,NA,NA,NA,NA,NA,NA,NA,NA,NA,NA,NA,NA,NA,NA,NA,NA,NA,NA,0,1,-1,0,NA,NA,NA,NA,NA,NA,NA,NA,NA,NA,NA,NA,NA,NA,NA
1,NA,NA,NA,NA,NA,NA,NA,NA,NA,NA,NA,NA,NA,NA,NA,NA,NA,NA,NA,NA,NA,NA,NA,NA,NA,0.0434656937810904,0.497324640807949,-0.0486919238997244,-0.0896107742665571,NA,NA,NA,NA,NA,NA,NA,NA,NA,NA,NA,NA,NA,NA,NA
1,NA,NA,NA,NA,NA,NA,NA,NA,NA,NA,NA,NA,NA,NA,NA,NA,NA,NA,NA,NA,NA,NA,NA,NA,NA,-1,0,0,0,NA,NA,NA,NA,NA,NA,NA,NA,NA,NA,NA,NA,NA,NA,NA
1,NA,NA,NA,NA,NA,NA,NA,NA,NA,NA,NA,NA,NA,NA,NA,NA,NA,NA,NA,NA,NA,NA,NA,NA,NA,1,-1,0,0,NA,NA,NA,NA,NA,NA,NA,NA,NA,NA,NA,NA,NA,NA,NA
1,NA,NA,NA,NA,NA,NA,NA,NA,NA,NA,NA,NA,NA,NA,NA,NA,NA,NA,NA,NA,NA,NA,NA,NA,NA,-0.296751197684706,0.471406771195233,-1,0,NA,NA,NA,NA,NA,NA,NA,NA,NA,NA,NA,NA,NA,NA,NA
1,NA,NA,NA,NA,NA,NA,NA,NA,NA,NA,NA,NA,NA,NA,NA,NA,NA,NA,NA,NA,NA,NA,NA,NA,NA,0,1,-1,0,NA,NA,NA,NA,NA,NA,NA,NA,NA,NA,NA,NA,NA,NA,NA
1,NA,NA,NA,NA,NA,NA,NA,NA,NA,NA,NA,NA,NA,NA,NA,NA,NA,NA,NA,NA,NA,NA,NA,NA,NA,0,1,0.144816462067113,-0.240582088426432,NA,NA,-0.617776392639807,0.670413100485271,-0.587649736544979,-0.786127504850958,1,NA,NA,NA,NA,NA,NA,NA,NA
1,NA,NA,NA,NA,NA,NA,NA,NA,NA,NA,NA,NA,NA,NA,NA,NA,NA,NA,NA,NA,NA,NA,NA,NA,NA,-0.176091259055681,0.511883360978874,0.0321846833714012,-0.104735350520013,NA,NA,NA,NA,NA,NA,NA,NA,NA,NA,NA,NA,NA,NA,NA
1,NA,NA,NA,NA,NA,NA,NA,NA,NA,NA,NA,NA,NA,NA,NA,NA,NA,NA,NA,NA,NA,NA,NA,NA,NA,0.00073792204957468,0.000737922049574458,0.0740930184124079,-0.033115738192507,0.0236536185441996,0.0236536185441995,NA,NA,NA,NA,NA,NA,NA,NA,-0.109548700339171,NA,NA,NA,NA
1,NA,NA,NA,NA,NA,NA,NA,NA,NA,NA,NA,NA,NA,NA,NA,NA,NA,NA,NA,NA,NA,NA,NA,NA,NA,-0.0281194777805042,-0.0281194777805042,0.0611977600257432,0.199434014722541,0.064364638965794,0.064364638965794,NA,NA,NA,NA,NA,NA,NA,NA,NA,NA,NA,NA,NA
1,NA,NA,NA,NA,NA,NA,NA,NA,NA,NA,NA,NA,NA,NA,NA,NA,NA,NA,NA,NA,NA,NA,NA,NA,NA,-0.0606431672633296,-0.0606431672633296,-0.0606431672633296,0.0268975194918692,0.0268975194918692,0.0268975194918692,NA,NA,NA,NA,NA,NA,NA,NA,0.0362121726544447,NA,NA,NA,NA
1,NA,NA,NA,NA,NA,NA,NA,NA,NA,NA,NA,NA,NA,NA,NA,NA,NA,NA,NA,NA,NA,NA,NA,NA,NA,NA,-0.110147460773867,-0.110147460773867,-0.082964597778449,-0.0829645977784488,-0.0829645977784488,-0.291313830201691,0.597229079648517,-0.344956153685313,0.0977691517291943,-1,0.602059991327962,0.322827124758826,-0.215816784846443,0.3505153587439,NA,NA,NA,NA
1,NA,NA,NA,NA,NA,NA,NA,NA,NA,NA,NA,NA,NA,NA,NA,NA,NA,NA,NA,NA,NA,NA,NA,NA,NA,NA,0.0944460515398866,-0.202776974230057,-0.202011487143763,0.0959770257124735,0.0959770257124735,0.0199357560188461,-0.0238484247748244,0.25856563780151,0.0990853250713618,-0.200407973616321,-0.00461241354028077,0.0354408640723268,-0.123238951730406,0.615623261978368,NA,NA,NA,NA
1,NA,NA,NA,NA,NA,NA,NA,NA,NA,NA,NA,NA,NA,NA,NA,NA,NA,NA,NA,NA,NA,NA,NA,NA,NA,NA,0.234094716926368,-0.168957903335461,0.253417615456736,0.173665541698452,0.173665541698452,0.173665541698452,-0.0906495707652937,-0.0906495707652937,-0.0906495707652937,0.639013113889563,-0.504172497641894,-0.135267022253355,-0.738234833782824,0.716362413090477,NA,NA,NA,NA
1,NA,NA,NA,NA,NA,NA,NA,NA,NA,NA,NA,NA,NA,NA,NA,NA,NA,NA,NA,NA,NA,NA,NA,NA,NA,NA,-0.430169003285497,-0.696556895412676,0.129040889137219,0.387122667411658,0.387122667411658,-0.462397997898956,-0.0705810742857073,0.493826948222515,-0.362548033583196,0.507503883713383,-0.144955850130187,0.321047109185868,-0.153228376096177,0,NA,NA,NA,NA
1,NA,NA,NA,NA,NA,NA,NA,NA,NA,NA,NA,NA,NA,NA,NA,NA,NA,NA,NA,NA,NA,NA,NA,NA,NA,NA,-0.250627467218191,-0.159419053316301,0.0470965350512716,-0.0884381477991489,-0.0884381477991488,-0.0837769977367739,-0.717855348496393,1,-0.444120994616737,-0.290564561985816,0.749662712572206,-0.00742401807920712,-0.559308010907012,0.704365036222725,NA,NA,NA,NA
1,NA,NA,NA,NA,NA,NA,NA,NA,NA,NA,NA,NA,NA,NA,NA,NA,NA,NA,NA,NA,NA,NA,NA,NA,NA,NA,0.0432082407378906,-0.388957001055637,0.193209442367178,-0.0291899955846378,-0.0291899955846378,0.0623018845848495,-0.584411286029091,0.120107824928854,-0.2541081760362,-0.14822608073393,-0.428429330819938,0.616618711498887,-0.0195221397024751,NA,NA,NA,NA,NA
1,NA,NA,NA,NA,NA,NA,NA,NA,NA,NA,NA,NA,NA,NA,NA,NA,NA,NA,NA,NA,NA,NA,NA,NA,NA,NA,NA,0.332287689394423,-0.425968732272281,NA,NA,NA,NA,NA,NA,NA,NA,NA,NA,NA,NA,NA,NA,NA
1,NA,NA,NA,NA,NA,NA,NA,NA,NA,NA,NA,NA,NA,NA,NA,NA,NA,NA,NA,NA,NA,NA,NA,NA,NA,NA,NA,-0.282574513765352,-0.127565416719692,NA,NA,NA,NA,NA,NA,NA,NA,NA,NA,NA,NA,NA,NA,NA
1,NA,NA,NA,NA,NA,NA,NA,NA,NA,NA,NA,NA,NA,NA,NA,NA,NA,NA,NA,NA,NA,NA,NA,NA,NA,NA,NA,-0.430253073077471,0.396615113884802,NA,NA,NA,NA,NA,NA,NA,NA,NA,NA,0.0996039174129278,NA,NA,NA,NA
1,NA,NA,NA,NA,NA,NA,NA,NA,NA,NA,NA,NA,NA,NA,NA,NA,NA,NA,NA,NA,NA,NA,NA,NA,NA,NA,NA,0.651033409946675,-0.952063405610656,NA,NA,NA,NA,NA,NA,NA,NA,NA,NA,NA,NA,NA,NA,NA
1,NA,NA,NA,NA,NA,NA,NA,NA,NA,NA,NA,NA,NA,NA,NA,NA,NA,NA,NA,NA,NA,NA,NA,NA,NA,NA,NA,0.0544140083704792,0.0321550608775654,NA,NA,NA,NA,NA,NA,NA,NA,NA,NA,-0.485090184390938,NA,NA,NA,NA
1,NA,NA,NA,NA,NA,NA,NA,NA,NA,NA,NA,NA,NA,NA,NA,NA,NA,NA,NA,NA,NA,NA,NA,NA,NA,NA,NA,1,-1,NA,NA,NA,NA,NA,NA,NA,NA,NA,NA,NA,NA,NA,NA,NA
1,NA,NA,NA,NA,NA,NA,NA,NA,NA,NA,NA,NA,NA,NA,NA,NA,NA,NA,NA,NA,NA,NA,NA,NA,NA,NA,NA,-0.231237255404313,0.0133762465547856,NA,NA,NA,NA,NA,NA,NA,NA,NA,NA,NA,NA,NA,NA,NA
1,NA,NA,NA,NA,NA,NA,NA,NA,NA,NA,NA,NA,NA,NA,NA,NA,NA,NA,NA,NA,NA,NA,NA,NA,NA,NA,NA,-0.634306503567456,0.277302207371996,0.0337833075986256,-0.103018758533301,NA,NA,NA,NA,NA,NA,NA,NA,NA,NA,NA,NA,NA
1,NA,NA,NA,NA,NA,NA,NA,NA,NA,NA,NA,NA,NA,NA,NA,NA,NA,NA,NA,NA,NA,NA,NA,NA,NA,NA,NA,0.176634806876288,-0.261044120196414,NA,NA,NA,NA,NA,NA,NA,NA,NA,NA,1,NA,NA,NA,NA
1,NA,NA,NA,NA,NA,NA,NA,NA,NA,NA,NA,NA,NA,NA,NA,NA,NA,NA,NA,NA,NA,NA,NA,NA,NA,NA,NA,-1,0.5,NA,NA,NA,NA,NA,NA,NA,NA,NA,NA,NA,NA,NA,NA,NA
1,NA,NA,NA,NA,NA,NA,NA,NA,NA,NA,NA,NA,NA,NA,NA,NA,NA,NA,NA,NA,NA,NA,NA,NA,NA,NA,NA,1,-1,NA,NA,NA,NA,NA,NA,NA,NA,NA,NA,-0.104398034400606,NA,NA,NA,NA
1,NA,NA,NA,NA,NA,NA,NA,NA,NA,NA,NA,NA,NA,NA,NA,NA,NA,NA,NA,NA,NA,NA,NA,NA,NA,NA,NA,-0.213079640055746,-0.0911962933806191,NA,NA,NA,NA,NA,NA,NA,NA,NA,NA,NA,NA,NA,NA,NA
1,NA,NA,NA,NA,NA,NA,NA,NA,NA,NA,NA,NA,NA,NA,NA,NA,NA,NA,NA,NA,NA,NA,NA,NA,NA,NA,NA,-1,-0.168531914493415,NA,NA,NA,NA,NA,NA,NA,NA,NA,NA,NA,NA,NA,NA,NA
1,NA,NA,NA,NA,NA,NA,NA,NA,NA,NA,NA,NA,NA,NA,NA,NA,NA,NA,NA,NA,NA,NA,NA,NA,NA,NA,NA,1,0.903435625276724,NA,NA,NA,NA,NA,NA,NA,NA,NA,NA,NA,NA,NA,NA,NA
1,NA,NA,NA,NA,NA,NA,NA,NA,NA,NA,NA,NA,NA,NA,NA,NA,NA,NA,NA,NA,NA,NA,NA,NA,NA,NA,NA,-1,-0.0965622991772308,NA,NA,NA,NA,NA,NA,NA,NA,NA,NA,NA,NA,NA,NA,NA
1,NA,NA,NA,NA,NA,NA,NA,NA,NA,NA,NA,NA,NA,NA,NA,NA,NA,NA,NA,NA,NA,NA,NA,NA,NA,NA,NA,-0.903435625276724,-1,NA,NA,NA,NA,NA,NA,NA,NA,NA,NA,NA,NA,NA,NA,NA
1,NA,NA,NA,NA,NA,NA,NA,NA,NA,NA,NA,NA,NA,NA,NA,NA,NA,NA,NA,NA,NA,NA,NA,NA,NA,NA,NA,-0.354089003061421,0.370181344747122,NA,NA,NA,NA,NA,NA,NA,NA,NA,NA,NA,NA,NA,NA,NA
1,NA,NA,NA,NA,NA,NA,NA,NA,NA,NA,NA,NA,NA,NA,NA,NA,NA,NA,NA,NA,NA,NA,NA,NA,NA,NA,NA,-1,-0.5,NA,NA,NA,NA,NA,NA,NA,NA,NA,NA,NA,NA,NA,NA,NA
1,NA,NA,NA,NA,NA,NA,NA,NA,NA,NA,NA,NA,NA,NA,NA,NA,NA,NA,NA,NA,NA,NA,NA,NA,NA,NA,NA,0.0188942804446999,-0.150514997831991,NA,NA,NA,NA,NA,NA,NA,NA,NA,NA,NA,NA,NA,NA,NA
1,NA,NA,NA,NA,NA,NA,NA,NA,NA,NA,NA,NA,NA,NA,NA,NA,NA,NA,NA,NA,NA,NA,NA,NA,NA,NA,NA,0,1,NA,NA,NA,NA,NA,NA,NA,NA,NA,NA,0.425968732272281,NA,NA,NA,NA
1,NA,NA,NA,NA,NA,NA,NA,NA,NA,NA,NA,NA,NA,NA,NA,NA,NA,NA,NA,NA,NA,NA,NA,NA,NA,NA,NA,1,-1,NA,NA,NA,NA,NA,NA,NA,NA,NA,NA,NA,NA,NA,NA,NA
1,NA,NA,NA,NA,NA,NA,NA,NA,NA,NA,NA,NA,NA,NA,NA,NA,NA,NA,NA,NA,NA,NA,NA,NA,NA,NA,NA,-1,0,NA,NA,NA,NA,NA,NA,NA,NA,NA,NA,NA,NA,NA,NA,NA
1,NA,NA,NA,NA,NA,NA,NA,NA,NA,NA,NA,NA,NA,NA,NA,NA,NA,NA,NA,NA,NA,NA,NA,NA,NA,NA,NA,NA,-0.0219302053887929,-0.196913034087838,0.0982693082707815,-0.032120448127344,-0.0321204481273445,0.0148491210389192,0.324703129757581,-0.282978795494347,0.141201212912637,0.141201212912637,NA,NA,NA,NA,NA,NA
1,NA,NA,NA,NA,NA,NA,NA,NA,NA,NA,NA,NA,NA,NA,NA,NA,NA,NA,NA,NA,NA,NA,NA,NA,NA,NA,NA,NA,0.285235728480749,-0.732393759822969,0.477121254719662,0,0,-0.273001272063738,-0.1249387366083,0.176091259055681,0.079850421433756,0.0798504214337559,NA,NA,NA,NA,NA,NA
1,NA,NA,NA,NA,NA,NA,NA,NA,NA,NA,NA,NA,NA,NA,NA,NA,NA,NA,NA,NA,NA,NA,NA,NA,NA,NA,NA,NA,-0.425968732272281,0.0457574905606751,0.447158031342219,-0.246457760951447,-0.246457760951447,0.537119184394948,-0.0289636959353166,-0.183644396946127,0.126362658044713,0.126362658044713,NA,NA,NA,NA,NA,NA
1,NA,NA,NA,NA,NA,NA,NA,NA,NA,NA,NA,NA,NA,NA,NA,NA,NA,NA,NA,NA,NA,NA,NA,NA,NA,NA,NA,NA,NA,NA,-0.131463831683315,0.209691631723618,0.106911587992776,-0.381107618669457,-0.267373668441119,-0.256103690968318,NA,NA,NA,NA,NA,NA,NA,NA
1,NA,NA,NA,NA,NA,NA,NA,NA,NA,NA,NA,NA,NA,NA,NA,NA,NA,NA,NA,NA,NA,NA,NA,NA,NA,NA,NA,NA,NA,NA,0.181292452741489,0.130078376260712,0.117855941669887,-0.442508982680292,-0.62704227941504,-0.977723605288848,NA,NA,NA,NA,NA,NA,NA,NA
1,NA,NA,NA,NA,NA,NA,NA,NA,NA,NA,NA,NA,NA,NA,NA,NA,NA,NA,NA,NA,NA,NA,NA,NA,NA,NA,NA,NA,NA,NA,NA,0.397940008672038,NA,-0.880813592280791,0.230448921378274,NA,NA,NA,NA,NA,NA,NA,NA,NA
1,NA,NA,NA,NA,NA,NA,NA,NA,NA,NA,NA,NA,NA,NA,NA,NA,NA,NA,NA,NA,NA,NA,NA,NA,NA,NA,NA,NA,NA,NA,NA,-0.477121254719662,NA,NA,NA,NA,NA,NA,NA,NA,NA,NA,NA,NA
1,NA,NA,NA,NA,NA,NA,NA,NA,NA,NA,NA,NA,NA,NA,NA,NA,NA,NA,NA,NA,NA,NA,NA,NA,NA,NA,NA,NA,NA,NA,NA,0,NA,NA,NA,NA,NA,NA,NA,NA,NA,NA,NA,NA
1,NA,NA,NA,NA,NA,NA,NA,NA,NA,NA,NA,NA,NA,NA,NA,NA,NA,NA,NA,NA,NA,NA,NA,NA,NA,NA,NA,NA,NA,NA,NA,0.573187125358737,0.0162787370574466,-0.835829916786592,0.577741769779818,0.660767149700033,NA,NA,NA,NA,NA,NA,NA,NA
1,NA,NA,NA,NA,NA,NA,NA,NA,NA,NA,NA,NA,NA,NA,NA,NA,NA,NA,NA,NA,NA,NA,NA,NA,NA,NA,NA,NA,NA,NA,NA,NA,NA,NA,NA,NA,NA,NA,NA,-0.680506579524984,NA,NA,NA,NA
1,NA,NA,NA,NA,NA,NA,NA,NA,NA,NA,NA,NA,NA,NA,NA,NA,NA,NA,NA,NA,NA,NA,NA,NA,NA,NA,NA,NA,NA,NA,NA,NA,NA,NA,NA,NA,NA,NA,NA,-0.388180171382881,NA,NA,NA,NA
1,NA,NA,NA,NA,NA,NA,NA,NA,NA,NA,NA,NA,NA,NA,NA,NA,NA,NA,NA,NA,NA,NA,NA,NA,NA,NA,NA,NA,NA,NA,NA,NA,NA,NA,NA,NA,NA,NA,NA,0.12057393120585,NA,NA,NA,NA
