1,-0.0204690927897795,-0.019680408701294,-0.0262890552127129,-0.038389817541172,-0.0468640923828028,-0.0443305398663179,-0.0307485760758837,-0.0126005797867074,0.0764849988747315,0.0629681622673957,0.0301159557155024,-0.00431151396672014,-0.0108425347441025,0.0144473435681258,0.0504022315341608,0.195257840370361,0.20833863381785,0.198392750919108,NA,NA,NA,NA,NA,NA,NA,NA,NA,-0.00543022991466549,-0.0153643205793591,-0.0402697988601518,-0.0774688280866959,-0.112211296827595,-0.12686638170697,-0.114860074215912,-0.0848070412555652,-0.0513241011222276,-0.0236661869900935,-0.00324801707936562,0.0113649762244764,0.0208097686218911,0.0255277990360647,0.0263744083820444
1,0.0280106145400922,-0.0268901808995732,-0.0435534048886323,-0.0439331312892434,0.00737752187354335,0.0405160192716652,0.0543610714412053,0.034437633282602,0.062776507665246,0.0798005433223012,0.0234576574460427,0.0933530613514102,0.0896901564594235,0.126446486207463,0.164037968732371,0.150683537433015,0.0868323431675266,-0.0287043663320814,NA,0.0319175910898984,0.0319175910898984,0.0319175910898984,-0.0738536263657687,-0.0773529520745376,-0.0842512248869506,-0.0921910711090535,-0.0970445835860163,0.00507514869639577,-0.143895168399178,-0.104758674702953,-0.0902163618049023,-0.0762689987888501,-0.064607947076813,-0.0709645626127201,0.0551257465460802,-0.0456171756697773,0.0325055003411481,0.0209004169300062,-0.0486387959187213,-0.077626683836602,-0.000836149572706746,-0.0322057762170721
1,-0.0240141790344895,0.0191693582513233,0.0684264142151865,-0.0254287343773711,-0.0163188115847483,0.0126134931572977,0.0499453096215676,-0.007003208839227,-0.0169955725231358,0.0407150130766122,0.0701307585681827,-0.014270248364283,-0.0230964358024844,-0.0008333010856907,0.0564310751248802,-0.0134133895613223,-0.0262821225666361,-0.00164885083539039,0.0513053134951281,-0.00460804627929639,-0.018798611876856,-0.0162914006743913,0.0377408841813021,-0.011439474666275,-0.00180821741059155,-0.000791656641015881,0.165344764917136,-0.0500074191674737,-0.106264268965823,-0.0456854831889792,0.0577382153301397,0.0587468884390054,0.0995145439024529,-0.18319840213524,0.026746947986993,0.0544223696473588,0.10038105177079,-0.131755160456121,0.135714564119753,NA,NA,NA
1,0.237019630411666,0.392325539225331,0.145058706069759,-0.169884531306644,0.0125472280045204,-0.0716419035205062,0.355226788354831,-0.212208306731494,-0.304904803896866,-0.0621239448012765,0.158036232249386,0.0248534508027779,-0.209396816535078,0.121504847701193,0.0926942479030671,-0.0228913007844584,-0.0217487173970049,0.0515297643764618,0.048861853044425,-0.056686836789513,-0.0527253721252449,-0.0405935551561443,0.0034520958928161,0.0276676084307665,0.0172693021620671,0.007175835422563,-0.000509830249708132,-0.00777954420535265,-0.015792478582787,-0.0194535161829951,-0.0151492711472613,-0.00155948499460828,-0.00850860406375618,0.0327522906514386,0.0150940937709118,0.170915568972908,0.151336239470649,0.035904339205192,-0.0583578226629951,-0.019978557422067,0.00910883437988727,0.0179021023402067
1,0.0621392285379603,0.0240172976303645,-0.025373857657597,-0.0409139050085563,-0.014250864278377,0.0127644247800496,0.0102986979749747,-0.00224363903669363,-0.00203443319340198,-0.00850451356167089,-0.0455871042760791,-0.083621133977699,-0.0686816023271847,-0.00530812918218704,0.0382148361720763,0.0186459915250243,-0.0284866952540486,-0.0449730666260919,-0.0104824560521095,-0.00349409365075615,-0.0180717854086582,-0.0205039373833982,-0.0508007560910505,-0.100002273568486,-0.113420488252449,-0.128854147714999,-0.144900998288985,-0.160098303034342,-0.168761290163533,-0.16309392298439,-0.14083387776713,-0.108819292186017,-0.0771281264832572,-0.0506269700347237,-0.0281247396304385,-0.00899746203914439,0.00274145619168009,0.00285227529519996,-0.00649504989010355,-0.017365438329908,-0.023498957796984,-0.0250134865827047
1,-0.201561687567686,-0.0675012941003802,-0.0193899088409074,0.0124222434719642,0.118992569148678,-0.036194974497235,0.0560682742738646,0.0204633615681047,-0.0468751180154528,0.0166436527244911,-0.189056236220049,NA,NA,NA,NA,NA,NA,NA,NA,NA,NA,NA,-0.0592252852553095,-0.0609969384298797,-0.0873384809192403,-0.148517194588965,-0.214439278228575,-0.234861970834895,-0.187433507286659,-0.0979394741801822,-0.0134350705968337,0.0352900704832605,0.0432246327719898,0.0188839217256053,-0.020472529058672,-0.0443344705980001,-0.02055979762338,0.0534425368936465,0.137170221438176,0.180031313970589,0.171608380735961,0.148743833934181
1,0.0621959730524026,-0.0801779151177796,-0.10612520242976,-0.0522933585166425,-0.000262360686151577,0.0221272358075108,0.0304862384798594,0.044267623107856,0.0448779216043409,0.0185348321850985,-0.0172793282901937,-0.0722041587657263,-0.00566954872005835,0.0165220552402746,0.00563966041146245,-0.0116282378329672,-0.00976901284411786,-0.00919551635394383,0.0212828484452947,-0.00846980980418441,-0.0138328429593044,0.0253182295804222,0.0315973957826511,0.0623341260933222,0.0351890144982707,-0.0366174222682094,-0.0104403601497181,-0.100186457652855,-0.0687760804191427,-0.0418472090478467,0.0824354041552822,0.0505965156167859,0.0724222885257392,0.053676569010313,-0.0800542202817958,-0.0534527748626439,-0.144768355915664,-0.137943352724951,-0.00503430392574633,-0.00969359121670577,-0.0342402843430286,-0.0598709076845585
1,0.0352663101864414,-0.00690391007216431,-0.0348967921862691,-0.0417804341817536,-0.0305258238470233,-0.00767123663495009,0.0119733130124996,0.0184590173136175,0.0240549066490854,0.0297052814158761,0.0350823166336294,0.0392141127258978,0.0459071422755792,-0.0403699747977399,0.144839229303081,0.0100217102898642,0.00731762249187879,0.0158045553598159,0.0244980903319109,0.0278598255452045,0.0239485032919274,0.0338884770784962,-0.0031302987069464,-0.0209675742741463,-0.0367626659927641,-0.210708029268074,-0.228047983236507,-0.220213677351913,-0.18720511161429,-0.129022286023642,-0.451856674580513,0.438017530328602,0.305335147997433,0.200473052115896,0.294303418727371,-0.100934470845207,-0.450959640639994,-0.367447778962194,0.111746243215102,NA,NA,NA
1,0.028829158050482,0.0330270018663177,0.0279501086345141,0.0212363506467476,0.012344176485052,0.00413585225519801,0.000358970462254504,0.00117849742174947,0.00224559427959496,-0.00123911737982656,-0.00463148375969458,-0.016755131781536,0.0552618892761226,0.0329165320821182,0.0419729103718067,0.00190045809455448,-0.0142177990206944,0.00600975676005402,0.0432569496779976,0.0557142266550384,0.0189820650655061,-0.0616087174024652,-0.364253525910332,-0.286099670219079,-0.0206303465287659,0.0843856702092249,0.0966045905371539,0.0374996713468356,-0.0207529541421694,-0.0299996076165786,0.000561536172014654,0.0307375128510816,0.0331145123151235,0.00972667387288539,-0.0212454009893251,-0.0432247462292252,-0.02256317477547,-0.00626239729699685,0.0243274319175403,0.0468881189938369,NA,NA
1,0.789671673413455,0.120009034839673,-0.159448162551764,0.256218281409042,-0.326145824100421,-0.142961715672742,0.107996821719679,-0.118868014754606,-0.339242894604943,0.175392909048515,0.161316666245292,0.0632265594036779,-0.037247022834469,-0.0441831602170017,-0.116674803805335,-0.231830209427861,0.0174730450565409,-0.0908231142898191,-0.0800425634220834,-0.0771130481091667,0.0510192479926177,0.071810456208528,-0.0426986984994025,-0.0748345316211861,-0.0884146173299822,0.0541146542051661,-0.201059598218409,-0.0222656179934105,-0.112206896417553,-0.105733218260248,-0.0873241994839675,-0.0576338465189713,-0.0757180206985864,-0.00128173334366079,-0.0584041066665424,0.0294941748715823,0.0258449583667032,-0.109735761226849,0.0162993050950823,0.0177404286319766,-0.0471603416457174,0.283145260149849
1,-0.0132923527378323,-0.0870920638816206,0.0219394254656844,-0.0313641184900186,0.0814210747462551,-0.0338640079819996,-0.0141296688833782,0.028682987246833,0.0200431627974173,0.0585536175717868,0.0145364011784984,0.0223488972067061,0.046815933455592,0.0549644205399392,-0.0530595111635746,-0.00543409151581082,-0.0565216616901195,-0.0020662754964583,0.000384561171617804,-0.000110032336869386,0.0028648605671453,0.0106142527559664,0.0244583342794544,0.0576114569919051,0.0212668996650423,-0.0658930787180917,-0.114066531281953,-0.112139302090377,-0.0728788330647231,-0.0184803521433485,0.0470282218357767,0.0796017104716513,0.0671803286861041,0.0817831036007141,0.0716156874377824,0.0395741421922691,-0.0377413290056525,-0.159309782602716,-0.00672874553166748,-0.0236141789373919,NA,NA
1,-0.104534218650887,-0.104534218650888,-0.104534218650887,-0.104534218650887,-0.104534218650888,-0.104534218650887,-0.104534218650887,1,-0.0103125038018281,-0.0103125038018281,-0.0103125038018281,-0.0103125038018281,-0.0103125038018281,-0.0103125038018281,-0.0103125038018281,-0.0103125038018281,-0.0103125038018281,-0.0103125038018281,-0.0103125038018281,-0.0103125038018281,-0.0103125038018281,-0.0103125038018281,-0.0103125038018281,-0.0103125038018281,-0.0103125038018286,-0.0103125038018277,-1,1,-1,0,0,1,-1,1,-1,NA,NA,NA,NA,NA,NA,NA
1,0.0377095176669152,0.0196120830057971,-0.0143867931569895,-0.00684125882145622,0.00964772628590057,0.0185809587518014,0.0141750829663821,-0.000927746520306943,-0.00268317421146665,0.0122313843450214,0.0214309774603936,0.0347021850548578,0.0321030066006079,0.0224877507251571,0.0167705890040592,0.0126080641976214,0.00370765531208466,-0.00551174269552934,-0.00555786353489645,-0.00446815441098776,-0.00174423805949633,-0.012372163788861,-0.0413492970596772,-0.0439921926898919,-0.0362737876443043,-0.0365284899930237,-0.0330323115305023,-0.0261670189448326,-0.0163669961445209,-0.00516017688359397,0.00479931921933385,0.0898962808469388,0.0123463911358073,-0.0127523289629033,0.046508457627273,0.0701291966240135,0.0683657685298007,0.0795094937272415,-0.00891325986800773,-0.0159033594872554,-0.0180161759953492,0.0502968015814772
1,0.138513141855774,-0.163926138669967,0.0745972279949091,0.0590372065483717,0.153898489352749,-0.0728673578196552,0.109499621996785,-0.0557105070084427,0.0538821260294068,-0.0682908049616904,0.112232345040865,0.0412891876828853,-0.0477758678448562,0.068765504605845,0.0853437300738361,-0.167606184611595,0.195886225582083,-0.082203590719483,-0.0539367602512351,-0.0891835565506552,0.0285407019695487,0.0119616897183294,0.0150461854537404,0.0538508229862518,-0.0582671958799516,-0.0195936509502106,-0.0487282990359216,-0.0561576170652505,-0.0878357133879223,0.0273762033301453,0.101012188428713,0.0243673757567211,-0.0128630907542471,-0.0307550222388465,-0.111557399674696,-0.0356097589102817,-0.0436327674994683,0.0379098514430517,-0.0548605544195147,NA,NA,NA
1,0.0142429190383546,0.0142429190383544,0.0142429190383546,-0.030121909330699,-0.030121909330699,-0.030121909330699,-0.030121909330699,-0.030121909330699,-0.030121909330699,-0.030121909330699,-0.1249387366083,NA,NA,NA,0.000561873547757608,-2.92454683850085e-05,-0.00100144736785479,-0.0015145876193744,-0.0013573020482911,-0.00853461584881715,-0.00793425294124062,-0.00779919971670723,-0.0084154107686778,-0.0102775436608574,-0.0133610450763461,-0.0170730441838456,-0.0212653232755298,-0.0259320980446887,-0.0306589854853827,-0.0295435309231749,-0.0304590862696659,-0.0357222023644155,-0.0345017332853983,-0.0291822882050755,-0.0294950464575759,0.0377718006490853,-0.0565227469595478,-0.0120044473803243,-0.0599282189110901,-0.00888870862655835,-0.030242958839673,-0.0320231488232896
1,0.0376287494579977,0.0376287494579977,0.0376287494579977,0.0316926785166224,0.0316926785166223,0.0316926785166224,0.0316926785166223,0.0316926785166224,0.0316926785166223,0.0316926785166224,-0.0457574905606751,NA,NA,NA,-0.00465915108304232,-0.00465915108303194,-0.00465915108301024,0.0542950411233266,0.0502697939946104,0.0429658478580504,0.0353693951972268,-0.0158960305287395,-0.142979935994614,-0.0436514344837727,-0.0267585162123506,-0.0200432131550728,-0.00912502256174977,0.0124187267928935,0.03727584921473,0.0462544802606276,0.0280484412152141,-0.00649955553865962,-0.0318404472093286,-0.000321066761874114,0.0130467408674372,0.0267882612333923,0.0186308926620658,0.00959262844800121,0.00493398459508064,-0.0010794305437601,-0.0228895553786094,-0.0266694890116142
1,-0.108333086569402,-0.166793582433026,-0.0794499195012532,0.0736554835590626,0.137336295638522,0.0539260162415802,-0.0681998957968104,-0.085365041949407,0.0123755681576205,0.105977012011991,0.10803061817393,0.0597552572896638,0.0441771600155727,0.0688420931196423,0.113354538820188,0.0564080953968955,-0.120408531296536,-0.241781816970099,-0.170605924521688,0.100751433126026,0.197533943546299,0.00746413899136122,-0.186498323140217,-0.129094367532313,0.0821926844301606,0.203900126495081,0.194433128638188,0.181617268023577,0.196011381465505,0.145544249267234,0.0247825649887936,-0.0581081209452687,-0.0995229499596766,-0.253405544554858,-0.567434588716023,-0.832311730639696,NA,NA,NA,NA,NA,NA
1,0.0799912805754293,0.0843993249607905,0.089943267846469,0.0956475326153049,0.101061337119502,0.106557644418659,0.112703224982365,0.119352846549836,0.125450567743363,0.129762652182054,0.131798930395538,0.132070262595022,0.131587836943798,0.131181152847752,NA,NA,NA,NA,NA,NA,0.342962534904721,0.268304694890587,0.123161757069999,-0.0319729964641939,-0.107399379587794,-0.0694529946020738,0.0205189343235908,0.0691498781799655,0.0395760296889687,-0.033827862149825,-0.0944183107454942,-0.106148083422813,-0.0737543432840778,-0.0526949748485028,-0.116513167902059,-0.268105857693606,-0.393388165053917,-0.359262940212359,-0.169011752516479,0.0304796796079351,0.11718270827272,0.116333879117937
1,0.0480987063755776,NA,NA,NA,NA,NA,NA,NA,NA,NA,NA,NA,NA,NA,NA,NA,NA,NA,NA,NA,NA,NA,NA,NA,NA,NA,NA,-0.185889320731062,-0.172302400941025,-0.15139870340109,-0.131993176209164,-0.114738887283959,-0.0912234308845618,-0.0548174294221494,-0.0111780083519674,0.0228240266257272,0.0309929441091968,0.00950193293396917,-0.0311671984748974,-0.0735535825048398,-0.103619408304706,-0.11865232120464
1,NA,NA,-0.00171479311103909,0.0104554698940695,0.0384944789009393,0.0800644048754881,0.125119870923864,0.16096458747522,0.179872677248708,0.183772511033835,0.181755679028285,NA,NA,NA,NA,NA,NA,NA,NA,NA,NA,NA,NA,NA,NA,NA,NA,NA,NA,NA,NA,NA,NA,NA,NA,NA,NA,NA,NA,NA,NA,NA
1,NA,NA,0.0252703930356555,0.0273959881831916,0.0297537339188505,0.0294426686264146,0.0251148969944683,0.0180530522066249,0.0107101588863019,0.004520524158933,-0.000623502656079911,-0.00493572983641632,-0.00741888019422587,-0.00648084846776831,-0.00175865843133938,0.00511036695285627,0.0116455393489905,0.0161367879220107,0.0179931105672857,0.0169766243758014,0.0127509463625519,0.00534609521762786,-0.00426726015802403,-0.0143283230127151,-0.0229747657931441,-0.0288567012497407,-0.0315531928010206,NA,NA,NA,NA,NA,NA,NA,NA,NA,NA,NA,NA,NA,NA,NA
1,NA,NA,NA,-0.200705520938933,-0.152285547767685,0.00211581645721803,0.233090111612256,0.395688658736365,0.390757293879415,0.290152570811273,0.233491955726445,0.245173855866993,0.235302511443108,0.158704869246038,0.0782602378831379,0.0561064942423384,0.0651020090861771,0.0489807792333852,0.00879480468662575,-0.022103030267457,-0.0442506076692748,-0.0745358041841948,-0.0924315040556429,-0.0690650111078988,-0.0384643575888499,-0.0726285554560415,-0.175681943552023,-0.260456794960799,-0.252473320316148,-0.170308764766639,-0.0771950662923959,0.000403232001261467,0.06682262869524,0.109808701751185,NA,NA,NA,NA,NA,NA,NA,NA
1,NA,NA,NA,NA,-0.0366853133589393,-0.033862536988597,-0.0285144924970717,-0.0215190914161389,-0.0135728717612403,-0.0459478698713314,0.0945756566859342,-0.119452332638808,-0.196460445153433,0.0058195513351566,0.00867104299672294,0.0086710429963559,0.00867104299565047,0.00867104299434152,0.00867104299247612,0.00867104299040045,0.0086710429884822,0.00867104298683086,0.00867104298531918,0.218482625419846,0.0752381385478416,-0.110542406599446,-0.199477271442358,-0.136505511443818,0.0136098314257158,0.139080276556342,0.354693467475145,0.336654806089613,NA,NA,NA,NA,NA,NA,NA,NA,NA,NA
1,NA,NA,NA,NA,0.0497768656687088,0.335961648863431,0.242116854351944,0.0193146236398831,0.341545160411044,0.0160531991456485,0.232833785812839,-0.228105717398424,0.0985383590226956,0.126954720501201,0.126954720501202,NA,NA,NA,NA,NA,NA,NA,NA,NA,NA,NA,NA,NA,NA,NA,NA,NA,NA,0.0884427197738851,NA,NA,NA,NA,NA,NA,NA,NA
1,NA,NA,NA,NA,NA,-0.215688440911538,NA,NA,NA,NA,0.0321944204362899,0.0321944204362899,0.0321944204362899,0.0321944204362899,0.0359460057226497,0.0359460057226503,0.0359460057226518,0.0359460057226558,0.0359460057226626,0.0359460057226734,0.0359460057226885,0.0359460057227071,0.0767615728063901,0.0760445288311917,0.073133170070321,0.0670434760042146,0.0587341586088769,0.0504766334730461,0.0439326428439335,0.0391451422396791,0.0432135881114531,0.0323410591133042,0.0253554886100145,0.0237246482032887,0.0276430489204596,0.0371467719946868,0.0561595534518578,0.0528208168297645,0.0653716682031277,0.073667062726326,0.165088872637032,0.165200450273236
1,NA,NA,NA,NA,NA,NA,-0.0206485023039944,-0.0206485023039953,-0.0206485023039944,-0.0206485023039944,-0.0206485023039953,-0.0206485023039944,-0.0206485023039953,-0.0206485023039944,-0.0206485023039953,-0.0206485023039944,-0.0206485023039944,-0.0206485023039953,-0.0206485023039944,-0.0206485023039953,-0.0206485023039944,-0.0206485023039944,-0.0206485023039953,NA,NA,NA,NA,NA,NA,NA,NA,NA,NA,NA,NA,NA,NA,NA,NA,NA,NA,NA
1,NA,NA,NA,NA,NA,NA,-0.00269223802354635,-0.00269223802354646,-0.00269223802354623,-0.00269223802354646,-0.00269223802354635,-0.00269223802354646,-0.00269223802354635,-0.00269223802354646,-0.00269223802354635,-0.00269223802354635,-0.00269223802354646,-0.00269223802354635,-0.00269223802354635,-0.00584886228902581,-0.00584886228902631,-0.00584886228902587,-0.00584886228902581,-0.00584886228902581,-0.00584886228902604,-0.00900548655450573,0.0483360133104127,0.04797005774971,-2.22133482115083e-05,-0.00339267936025056,-0.00733873041898558,-0.0107650970009265,-0.0942813423495028,-0.144008599298399,-0.0624292366326893,0.37418901422797,NA,NA,NA,0.0514905386651736,NA,NA
1,NA,NA,NA,NA,NA,NA,-0.0150124067621448,-0.0150124067621447,-0.0150124067621447,-0.0150124067621448,-0.0150124067621447,-0.0150124067621447,-0.0150124067621448,-0.0150124067621447,-0.0150124067621448,-0.0150124067621447,-0.0150124067621448,-0.0150124067621447,-0.0150124067621447,-0.0150124067621447,-0.0150124067621448,-0.0150124067621447,-0.0150124067621448,-0.262871131231444,0.492493796618928,-0.845098040014257,-0.602059991327963,NA,NA,NA,NA,NA,NA,NA,NA,NA,NA,NA,NA,NA,NA,NA
1,NA,NA,NA,NA,NA,NA,0.211706469425803,-0.114524827479552,-0.114524827479552,-0.114524827479552,-0.114524827479552,-0.114524827479552,-0.114524827479552,0.0448517665996511,0.0978157369690804,-0.15759996031234,-0.15759996031234,-0.15759996031234,-0.0476727945774393,0.0446210180428929,0.044621018042893,0.0446210180428928,0.0446210180428929,0.237779351593332,-0.136122903560814,0.143803511347274,0.143803511347275,0.000648201200584508,0.000648201200584397,-0.028939850293429,-0.028939850293429,-0.0289398502934292,-0.028939850293429,-0.168947712113117,-0.168947712113117,-0.168947712113117,0.185046101708608,0.106378253181916,NA,NA,NA,NA
1,NA,NA,NA,NA,NA,NA,NA,NA,-0.0602866254799993,-0.0669885886610609,-0.0780893510155219,-0.0875245231645376,-0.0891496250242659,-0.0816101361359705,-0.0686361114176576,-0.0512342455049719,-0.0311126386759344,-0.0154285245452582,-0.0071893334014958,-0.00574339335016627,-0.0278118725711736,-0.0264676340652724,-0.0248942575532486,-0.0240313414331336,-0.0207772497378301,0.381259685092965,0.13728377283141,0.033693356208358,-0.411261758109146,0.0693994197574292,0.24477712969602,0.267886902549877,0.269289571757942,0.263243757512179,NA,NA,NA,NA,NA,NA,NA,NA
1,NA,NA,NA,NA,NA,NA,NA,NA,-0.27630210564484,-0.27630210564484,-0.151478022259474,0.280635808573676,0.228283978188174,0.228283978188174,0.228283978188174,-0.352925509732526,-0.352925509732526,-0.352925509732526,0.486673030562946,0.0099552697358678,0.00995526973586802,0.00995526973586813,0.00995526973586802,0.239042671438232,-0.177752850083153,-0.177752850083153,NA,NA,NA,NA,NA,NA,NA,NA,NA,NA,NA,NA,NA,NA,NA,NA
1,NA,NA,NA,NA,NA,NA,NA,NA,NA,0.126841205682258,0.038309705420623,0.0688901999002987,-0.0306661238716397,-0.0705677364196417,-0.00761970309277431,-0.137459104873483,-0.0356737863356287,-0.0011955072067593,-0.00625805468665501,-0.0155448238253907,-0.020250036248129,-0.0255543766654689,0.0626070321420512,-0.0471302520451072,0.00135509952637833,0.279144156133681,0.152357044527399,0.126653285555256,0.0747957147255902,0.00813388269514714,-0.0287537440429229,-0.0287537440429229,NA,NA,NA,NA,NA,NA,NA,NA,NA,NA
1,NA,NA,NA,NA,NA,NA,NA,NA,NA,-0.0248235837250322,-0.32735893438633,-0.602059991327962,NA,NA,NA,NA,NA,NA,NA,NA,NA,NA,NA,NA,NA,NA,NA,NA,NA,NA,NA,NA,NA,NA,NA,NA,NA,NA,NA,NA,NA,NA
1,NA,NA,NA,NA,NA,NA,NA,NA,NA,-0.301029995663981,0.0221673378213281,-0.0787766814448031,-0.0982716492676406,-0.0418837307788475,-0.0418837307788475,-0.0418837307788475,-0.0418837307788474,-0.0418837307788475,-0.0418837307788475,-0.0418837307788474,-0.0418837307788475,-0.0418837307788474,-0.0418837307788475,-0.0418837307788474,-0.0418837307788475,-0.0418837307788475,-0.0418837307788474,-0.0418837307788475,-0.0418837307788474,-0.0418837307788475,NA,NA,NA,NA,NA,NA,NA,NA,NA,NA,NA,NA
1,NA,NA,NA,NA,NA,NA,NA,NA,NA,-0.403692337561129,0.238882088915137,-0.636822097587174,-0.477121254719662,NA,NA,NA,NA,NA,NA,NA,NA,NA,NA,NA,NA,NA,NA,NA,NA,NA,NA,NA,NA,NA,NA,NA,NA,NA,NA,NA,NA,NA
1,NA,NA,NA,NA,NA,NA,NA,NA,NA,-0.720159303405957,0.0263289387223491,-0.385350881364017,-0.146128035678238,NA,NA,NA,NA,NA,NA,NA,NA,NA,NA,NA,NA,NA,NA,NA,NA,NA,NA,NA,NA,NA,NA,NA,NA,NA,NA,NA,NA,NA
1,NA,NA,NA,NA,NA,NA,NA,NA,NA,-0.230448921378274,0.0154163325635274,-0.0404418639052363,-0.0167711004955496,-0.0167186527349034,-0.0167186527349034,-0.0167186527349035,-0.0167186527349034,-0.0167186527349034,-0.0167186527349035,-0.0167186527349034,-0.0167186527349034,-0.0167186527349034,-0.0463118112955848,-0.0471247278207041,-0.0472389441344494,-0.0445567098847067,-0.0381357273047441,-0.0291314411854841,-0.0200748167371174,-0.0130638546235555,0.0325988630192635,0.050511868911753,0.0629010949141674,0.068110308630263,0.0637945679860263,0.05370114242493,0.122676265640064,0.0686993080255243,0.0679815402950925,0.0632655049496205,-0.0194045185894482,-0.0256914307132564
1,NA,NA,NA,NA,NA,NA,NA,NA,NA,-0.681241237375587,0.003729939862175,0.003729939862175,0.00372993986217499,0.003729939862175,0.00372993986217501,0.003729939862175,0.00372993986217498,0.00372993986217503,0.003729939862175,0.00372993986217496,0.00372993986217501,0.003729939862175,0.00372993986217501,0.00372993986217498,0.00372993986217498,0.00372993986217505,0.00372993986217497,0.00372993986217498,0.00372993986217499,0.00372993986217502,NA,NA,NA,NA,NA,NA,NA,NA,NA,NA,NA,NA
1,NA,NA,NA,NA,NA,NA,NA,NA,NA,NA,NA,NA,NA,NA,NA,NA,NA,NA,NA,NA,NA,NA,NA,NA,NA,NA,NA,NA,NA,NA,NA,NA,NA,NA,NA,NA,NA,NA,NA,NA,NA,NA
1,NA,NA,NA,NA,NA,NA,NA,NA,NA,-0.0192050255623293,-0.0178736509441322,-0.0156510693744623,-0.0129745756239938,-0.0093559313455458,-0.00368655720104361,0.00452154855723386,0.0143915024072729,0.0240261534688249,0.0858426472087178,0.0878111777827801,0.0880828092927303,0.0872755999992685,0.0860992674997426,0.0847711150918197,0.0829516611932012,0.0803266136067639,0.0771594389287332,0.0741248103115021,0.0716368586689599,0.0695240097441316,0.0674192805153182,0.0653220616776721,0.0636534452265268,-0.0146476128223256,NA,NA,NA,NA,NA,NA,NA,NA
1,NA,NA,NA,NA,NA,NA,NA,NA,NA,NA,0.144982278120254,0.175905444811224,0.19558284357544,0.146049016289532,0.0122859406008704,-0.150716031233708,-0.256383685250628,NA,NA,NA,NA,NA,NA,NA,NA,NA,NA,NA,NA,NA,NA,0.0833890805849151,0.0833890805852779,0.0833890805859476,0.0833890805867967,0.0833890805877548,0.083389080588816,0.0833890805899498,0.0833890805909812,0.0833890805917192,0.0833890805921058,0.0833890805922344
1,NA,NA,NA,NA,NA,NA,NA,NA,NA,NA,0.0958553862244194,0.0951725413838727,0.0942977934791017,0.0935392299233644,0.0922296421266491,0.0891673673658521,0.0839066925643956,0.0773480763929808,0.0708771122647243,0.0649782269926644,0.0588138290515854,0.0511397478472415,0.0415279192058162,0.0307328440987436,0.020086566311436,0.0107042369451227,0.00317197546661263,-0.00230224689854008,-0.0056908539775038,-0.00717825369313618,NA,NA,NA,NA,NA,NA,NA,NA,NA,NA,NA,NA
1,NA,NA,NA,NA,NA,NA,NA,NA,NA,NA,0.41290698059908,0.238414885840571,-0.0382154476348819,-0.24547425500609,-0.238432570154833,-0.0442187399338532,0.137394781527463,0.119117757694508,-0.0760062104959014,-0.235018293078785,-0.192757029789973,-0.0170373111341965,0.128827320130791,0.079997133895956,-0.00609772527150254,-0.0379780126695975,-0.00280719566437304,0.0353358845634037,0.0332945473685921,0.0225407679835812,-0.00229525033826317,0.0609405943965386,0.101761155685502,0.103648068391483,0.0728041344790369,0.0299004056568628,-0.503083007575527,0.285714168389327,0.280044606742688,0.276910929898545,0.115115124403912,0.113934774393426
1,NA,NA,NA,NA,NA,NA,NA,NA,NA,NA,0.0084870226498851,0.00848702264988508,0.00848702264988503,0.00848702264988512,0.0084870226498851,0.00848702264988499,0.0084870226498851,0.00848702264988501,0.0084870226498851,0.00848702264988515,0.00848702264988501,0.00848702264988503,0.0433097031782457,0.0432424307445547,0.0426448548453541,0.0412358367023753,0.0392810918033699,0.0370793853476786,0.0342586088588588,0.0299993752018328,0.102342283017675,0.0641833937732054,0.0332402624467308,0.0148846819134431,0.00653600239883312,0.00217979108919275,0.431850141221407,-0.0930705196373409,-0.0938550083925597,-0.0943385062417399,0.0599281565956301,0.0593784079824869
1,NA,NA,NA,NA,NA,NA,NA,NA,NA,NA,0.0146413084601099,0.01464130846011,0.0146413084601099,0.01464130846011,0.0146413084601099,0.01464130846011,0.0146413084601099,0.0146413084601099,0.01464130846011,0.0146413084601099,0.01464130846011,0.0146413084601099,0.0146413084601099,0.0146413084601099,0.01464130846011,0.0146413084601099,0.01464130846011,0.0146413084601099,0.0146413084601099,0.01464130846011,NA,NA,NA,NA,NA,NA,NA,NA,NA,NA,NA,NA
1,NA,NA,NA,NA,NA,NA,NA,NA,NA,NA,0.0483608141142185,0.0483608141142184,0.0483608141142184,0.0483608141142184,0.0483608141142185,0.0483608141142184,0.0483608141142184,0.0483608141142185,0.0483608141142184,0.0483608141142185,0.0483608141142184,0.0483608141142184,0.0483608141142184,0.0483608141142184,0.0483608141142185,0.0483608141142185,0.0483608141142184,0.0483608141142185,0.0483608141142184,0.0483608141142185,NA,NA,NA,NA,NA,NA,NA,NA,NA,NA,NA,NA
1,NA,NA,NA,NA,NA,NA,NA,NA,NA,NA,-0.0889340663357673,-0.0889340663357672,-0.0889340663357672,-0.0889340663357672,-0.0889340663357672,-0.0889340663357672,-0.0889340663357672,-0.0889340663357673,-0.0889340663357672,-0.0889340663357672,-0.0889340663357673,-0.0889340663357671,-0.0889340663357673,-0.0889340663357671,-0.0889340663357673,-0.0889340663357673,-0.0889340663357671,-0.0889340663357673,-0.0889340663357671,-0.0889340663357673,NA,NA,NA,NA,NA,NA,NA,NA,NA,NA,NA,NA
1,NA,NA,NA,NA,NA,NA,NA,NA,NA,NA,NA,NA,-0.190451202569627,-0.190451202569627,-0.190451202569627,0.349091441134221,0.0675372648839172,-0.460337633903544,0.271978198606159,0.0383193442594107,-0.229699347822338,0.168959826535645,NA,NA,NA,NA,NA,NA,NA,NA,NA,NA,NA,NA,NA,NA,NA,NA,NA,NA,NA,NA
1,NA,NA,NA,NA,NA,NA,NA,NA,NA,NA,NA,NA,NA,NA,-0.180051791864766,-0.180051791864766,-0.180051791864766,-0.180051791864766,-0.180051791864766,-0.180051791864766,NA,NA,NA,NA,NA,NA,NA,NA,NA,NA,NA,NA,NA,NA,NA,NA,NA,NA,NA,NA,NA,NA
1,NA,NA,NA,NA,NA,NA,NA,NA,NA,NA,NA,NA,NA,NA,-0.0172745539785325,0.000132330479327639,-0.175076672927002,-0.19507422505158,-0.0680863348180334,0.256987116681487,NA,NA,NA,NA,NA,NA,NA,NA,NA,NA,NA,NA,NA,NA,NA,NA,NA,NA,NA,NA,NA,NA
1,NA,NA,NA,NA,NA,NA,NA,NA,NA,NA,NA,NA,NA,NA,-0.00198591555818417,-0.00190909334103206,-0.00186160304537908,-0.00198669716472522,-0.00235473783456208,-0.00294796099692263,-0.00372682034698302,-0.00467120272228072,-0.0057514672747796,-0.0068873174784494,-0.00796079521500503,-0.00887147010897926,-0.00957400406696707,-0.0100728000621405,-0.0103991928111229,-0.0105962844301621,-0.0107080510094049,-0.0107668474054494,-0.0107905339614378,NA,NA,NA,NA,NA,NA,NA,NA,NA
1,NA,NA,NA,NA,NA,NA,NA,NA,NA,NA,NA,NA,NA,NA,0.0389605874138546,0.0384428326341382,0.0373614822850137,0.0355331732077133,0.032909461899755,0.0294799375099792,0.0252706456857352,0.0203961798675758,0.0149297974836791,0.00904993480620364,0.00285658272266076,-0.00342873148906819,-0.00975062600951304,-0.016109100838674,-0.022419515104326,-0.0283433053175719,-0.0337109718901358,-0.00165613612463195,-0.00337761237388363,-0.00448703414161454,-0.0049742663482915,-0.00489624537285485,-0.00432239453082502,-0.00347347070544703,-0.00247178995020714,-0.00158585959586781,-0.000910914696269305,-0.000559388135900812
1,NA,NA,NA,NA,NA,NA,NA,NA,NA,NA,NA,NA,NA,NA,-0.059608547840897,-0.0587688211334468,-0.0566808855591207,-0.0517108124801912,-0.04336202423821,-0.0312821388371237,-0.0158510090110195,0.00105957230770415,0.0114299602947916,0.0182466093335957,0.0231777994830969,0.0262430657251382,0.0272843627568554,0.0255759029515651,0.0206221544838378,0.0134786962537737,0.00500608531654099,-0.00395510394103346,-0.0134961319573313,-0.0250386133079335,-0.0392737045763571,-0.056510176162738,-0.16482708474124,-0.0895519481614739,-0.100111087310981,-0.107774914035896,0.142939413966362,0.140518653958461
1,NA,NA,NA,NA,NA,NA,NA,NA,NA,NA,NA,NA,NA,NA,-0.0430081140755765,-0.0470027815455319,-0.0534646681368924,-0.0562839804554217,-0.0532408205862092,-0.0415653902639199,-0.0220065908891592,-0.000329826329683591,0.0197440496790481,0.025698655202017,0.0266927684282493,0.0237727556333574,0.0172002083862616,0.00697512668696956,-0.00479524686396066,-0.00968194186426613,-0.00533686478680931,0.00920338807474005,0.0321046658094882,0.0550669610674341,0.0738366113469321,0.0796989739914323,0.225373989414129,0.0720307595562832,0.0500036896263811,0.0281818620184526,0.0140308924655258,0.00412751634869783
1,NA,NA,NA,NA,NA,NA,NA,NA,NA,NA,NA,NA,NA,NA,-0.0327744542544756,-0.0327744542544593,-0.0327744542544278,-0.0327744542543855,-0.0327744542543368,-0.0327744542542929,-0.032774454254259,-0.0327744542542439,0.104745319180288,0.101174337703759,0.0940339611807232,0.0839495654758781,0.0709620540907082,0.0540220417903464,0.0320768106829531,0.00582514152309455,-0.0212977752045315,-0.0438392548161411,-0.0566173044348873,-0.0574299934549868,-0.048575283105071,-0.0360309465865748,0.0987210987223852,-0.0524423858346455,-0.055531002195699,-0.0609732120151822,0.00722770160153891,0.00462427246551931
1,NA,NA,NA,NA,NA,NA,NA,NA,NA,NA,NA,NA,NA,NA,-0.115847229312902,-0.104617467682678,-0.082781814810475,-0.0528357522492635,-0.031261605157764,-0.0144192406268177,-0.000148339071750492,0.00876099320405746,-0.00711808452205605,-0.00868416428337029,-0.0131052986102641,-0.0179367562645778,-0.0225673544367612,-0.0178718107354863,-0.0236108651647476,-0.0260273084581661,-0.024759455488992,-0.0333842784208745,-0.0296059504134534,-0.0267991563555155,-0.0258250016051379,-0.0280326004436444,-0.0251449789538804,-0.00594672558673978,-0.0129706264260007,-0.0193057080109425,-0.0493398708200949,-0.0519348594243203
1,NA,NA,NA,NA,NA,NA,NA,NA,NA,NA,NA,NA,NA,NA,NA,0.0150289903651196,-0.0168892131889793,-0.0168892131889793,0.0425523506854637,0.00288568823748825,-0.0683872369939205,0.0165150880655586,0.0575866324527913,NA,NA,NA,NA,NA,NA,NA,NA,NA,NA,NA,NA,NA,NA,NA,NA,NA,NA,NA
1,NA,NA,NA,NA,NA,NA,NA,NA,NA,NA,NA,NA,NA,NA,NA,0.602059991327962,-0.0717110711511566,-0.0717110711511566,-0.00608478579672392,0.307114781460705,-0.185636576961912,-0.273001272063738,-0.0431471062382577,-0.0862942124764144,-0.0862942124761883,-0.0862942124757407,-0.0862942124748802,-0.0862942124734507,-0.0862942124715311,-0.0862942124694657,-0.086294212467654,-0.0862942124662742,-0.0862942124652093,-0.0778302381091194,-0.0862942124631387,-0.0862942124620296,-0.0862942124610409,-0.0862942124603063,-0.0862942124598711,-0.0862942124596882,-0.0862942124596566,-0.0862942124596731
1,NA,NA,NA,NA,NA,NA,NA,NA,NA,NA,NA,NA,NA,NA,NA,0.0377885608893997,0.0140143618001217,0.0140143618001219,-0.329058719264225,0.239076153519577,0.0893291580094648,-0.29852882180795,-0.132251988388846,0.00833029106099092,0.00833029106099092,0.00833029106099081,0.00833029106099081,0.00833029106099092,-0.0142698963551058,-0.0142698963551057,-0.0142698963551059,-0.0142698963551058,-0.0142698963551057,-0.0964926496184679,-0.0142698963551058,-0.0142698963551058,-0.0142698963551057,-0.0142698963551058,-0.0142698963551058,0.0810459503368632,0.176361797028832,0.176361797028832
1,NA,NA,NA,NA,NA,NA,NA,NA,NA,NA,NA,NA,NA,NA,NA,0.0828425520002782,0.0828425520003493,0.0828425520005649,0.0828425520009497,0.0828425520014235,0.0828425520018194,0.0828425520020037,0.0828425520019496,0.0828425520017484,0.0828425520015381,0.0828425520014187,NA,NA,NA,NA,NA,NA,NA,NA,NA,NA,NA,NA,NA,NA,NA,NA
1,NA,NA,NA,NA,NA,NA,NA,NA,NA,NA,NA,NA,NA,NA,NA,NA,-0.3505153587439,-0.0118561624820346,-0.0118561624820346,-0.0118561624820344,-0.0118561624820346,0.0474246499281381,0.0147232568207063,0,NA,NA,NA,NA,NA,NA,NA,NA,NA,NA,NA,NA,NA,NA,NA,NA,NA,NA
1,NA,NA,NA,NA,NA,NA,NA,NA,NA,NA,NA,NA,NA,NA,NA,NA,NA,0.00223439189257546,0.00220879422052001,0.00217438535184233,0.00219831118827174,0.00229735820524124,0.00247152640275106,0.00272081578080102,0.00304522633939058,0.00344475807852063,0.00391941099819054,0.00446703984310565,0.00508198499949353,0.00578123369589367,0.00659749475652044,0.00754021893886103,0.00861197312816647,0.00978273680044295,0.0109972859884745,0.0122065124931213,0.0133873320885444,0.0145298221965648,0.0155998912687994,0.0165132440942792,0.0171568171317312,0.0174640533860252
1,NA,NA,NA,NA,NA,NA,NA,NA,NA,NA,NA,NA,NA,NA,NA,NA,NA,0.143617691193944,0.136467202371922,0.120210731589037,0.0876838821341174,0.043439669046794,0.00364848737798052,-0.0278114580706473,-0.0509401672990911,-0.0657376403073488,-0.0722038770954208,-0.0702878749449287,-0.060714952368583,-0.0480117014330153,-0.0365485604847881,-0.0271858067639796,-0.0185811865442544,0.0188176316610912,0.0290489991531797,0.040319129343333,0.0492874064993485,0.0548395010325052,0.058723250782523,0.0631270587562053,0.0679980405432462,0.071214284521233
1,NA,NA,NA,NA,NA,NA,NA,NA,NA,NA,NA,NA,NA,NA,NA,NA,NA,-0.0189613532816698,-0.0188095822384296,-0.0185305154729887,-0.0182220542695045,-0.0179086739490158,-0.0175903745115229,-0.017267155957026,-0.016939018285525,-0.0166059614970193,-0.01626798559151,-0.0159201889449828,-0.0155363525190555,-0.015080493352769,-0.0145274742332802,-0.0138754776330464,-0.0131409572893741,0.0297985913502776,0.0302000356518304,0.0305893025209992,0.0309458599310038,0.0312505827528113,0.0314890324644159,0.0316547776825866,0.0317510360304876,0.0317906366869932
1,NA,NA,NA,NA,NA,NA,NA,NA,NA,NA,NA,NA,NA,NA,NA,NA,NA,NA,NA,-0.0479308720416314,-0.0450385004860949,-0.0393439891034677,-0.0321929539282104,-0.0253241187776873,-0.0194432869815322,-0.0138527453720814,-0.00768001061613766,-0.00153811497488154,0.00231640720770443,0.00178931594975507,-0.00303208272416011,0.104173028437906,0.112267517868416,-0.159485124036162,NA,NA,NA,NA,NA,NA,NA,NA
1,NA,NA,NA,NA,NA,NA,NA,NA,NA,NA,NA,NA,NA,NA,NA,NA,NA,NA,NA,NA,NA,-0.150514997831991,-0.396454246607914,0.506618723882905,NA,NA,NA,NA,NA,NA,NA,NA,NA,NA,NA,NA,NA,NA,NA,NA,NA,NA
1,NA,NA,NA,NA,NA,NA,NA,NA,NA,NA,NA,NA,NA,NA,NA,NA,NA,NA,NA,NA,NA,0.381645925328871,-0.271804388528334,0.212594253267716,NA,NA,NA,NA,NA,NA,NA,NA,NA,NA,NA,NA,NA,NA,NA,NA,NA,NA
1,NA,NA,NA,NA,NA,NA,NA,NA,NA,NA,NA,NA,NA,NA,NA,NA,NA,NA,NA,NA,NA,0.148333602197439,-0.122223150994547,-0.179199034045469,NA,NA,NA,NA,NA,NA,NA,NA,NA,NA,NA,NA,NA,NA,NA,NA,NA,NA
1,NA,NA,NA,NA,NA,NA,NA,NA,NA,NA,NA,NA,NA,NA,NA,NA,NA,NA,NA,NA,NA,0.056397998800447,0.150765890331543,0.69201048944923,NA,NA,NA,NA,NA,NA,NA,NA,NA,NA,NA,NA,NA,NA,-0.9974377832354,0.176208117097532,0.176208117097532,0.176208117097532
1,NA,NA,NA,NA,NA,NA,NA,NA,NA,NA,NA,NA,NA,NA,NA,NA,NA,NA,NA,NA,NA,-0.163862512006302,0.0526423908369045,-0.0350579999009838,0.0174773239254553,0.0174773239254595,0.01747732392549,0.0174773239255788,0.0174773239257247,0.0174773239258894,0.0174773239260253,0.0174773239261232,0.0174773239262074,0.017477323926308,0.0174773239264334,0.0174773239265782,0.0174773239267298,0.0174773239268748,0.0174773239269945,0.0174773239270702,0.0174773239271008,0.017477323927106
1,NA,NA,NA,NA,NA,NA,NA,NA,NA,NA,NA,NA,NA,NA,NA,NA,NA,NA,NA,NA,NA,-0.180427683021043,-0.142263350797249,-0.0791364556973396,-0.228058782757609,-0.0512538551484212,0.0201319172115731,-0.0205581805827802,0.143414577024844,0.129471015266034,0.235242305600938,NA,NA,NA,NA,NA,NA,NA,NA,NA,NA,NA
1,NA,NA,NA,NA,NA,NA,NA,NA,NA,NA,NA,NA,NA,NA,NA,NA,NA,NA,NA,NA,NA,-0.0626182147427327,0.20559037259194,0.14232947750926,0.0507458447921887,-0.0171924409672961,-0.042128475078549,-0.0438280205084733,-0.0468273797053759,-0.0581485996670466,-0.0779863416157027,-0.1129553453477,-0.164079607190778,-0.208616958538653,-0.211882935468389,-0.116398177732342,-0.0478009147864717,-0.0573116353271575,0.00438504277296192,-0.000670172975995106,-0.00143825839568801,0.0580806788304412
1,NA,NA,NA,NA,NA,NA,NA,NA,NA,NA,NA,NA,NA,NA,NA,NA,NA,NA,NA,NA,NA,0.150726704826953,0.138604417791739,0.115116028908705,0.0822433665716029,0.0483128481097814,0.01988338178516,-0.00178101464216618,0.029232894596825,-0.205113571720802,0.0614220035074362,0.0629991809941705,-0.0100241893386794,-0.115579030047849,0.0346255687409047,0.0570263447787467,0.06957936830464,0.0739609543503839,NA,NA,NA,NA
1,NA,NA,NA,NA,NA,NA,NA,NA,NA,NA,NA,NA,NA,NA,NA,NA,NA,NA,NA,NA,NA,NA,0.588045629527841,-0.00212096089867428,0.0263153039823538,NA,NA,NA,NA,NA,NA,NA,NA,NA,NA,NA,NA,NA,NA,NA,NA,NA
1,NA,NA,NA,NA,NA,NA,NA,NA,NA,NA,NA,NA,NA,NA,NA,NA,NA,NA,NA,NA,NA,NA,0.712984366136141,0.207486673985409,-0.150514997831991,NA,NA,NA,NA,NA,NA,NA,NA,NA,NA,NA,NA,NA,NA,NA,NA,NA
1,NA,NA,NA,NA,NA,NA,NA,NA,NA,NA,NA,NA,NA,NA,NA,NA,NA,NA,NA,NA,NA,NA,0.821616944164734,0.104629811154168,-0.615224460689137,NA,NA,NA,NA,NA,NA,NA,NA,NA,NA,NA,NA,NA,NA,NA,NA,NA
1,NA,NA,NA,NA,NA,NA,NA,NA,NA,NA,NA,NA,NA,NA,NA,NA,NA,NA,NA,NA,NA,NA,0.778151250383644,0.167059259016813,-0.185953539461513,NA,NA,NA,NA,NA,NA,NA,NA,NA,NA,NA,NA,NA,NA,NA,NA,NA
1,NA,NA,NA,NA,NA,NA,NA,NA,NA,NA,NA,NA,NA,NA,NA,NA,NA,NA,NA,NA,NA,NA,0.5,0.514981611688722,0.126501095394659,NA,NA,NA,NA,NA,NA,NA,NA,NA,NA,NA,NA,NA,NA,NA,NA,NA
1,NA,NA,NA,NA,NA,NA,NA,NA,NA,NA,NA,NA,NA,NA,NA,NA,NA,NA,NA,NA,NA,NA,-0.0131794160199936,0.00200307917735171,0.0128991455278459,0.00370173918575882,-0.0129898567525532,-0.0188837295093553,0.125646644394309,0.0147886703428208,0.0313161490767971,0.366402473290831,0.418024989848527,0.6166992584374,0.400350110436384,-0.0258575246392806,-0.295001686848222,-0.23339210992026,-0.00116619792709312,0.0971438429358913,-0.0360741654901584,-0.207601782719387
1,NA,NA,NA,NA,NA,NA,NA,NA,NA,NA,NA,NA,NA,NA,NA,NA,NA,NA,NA,NA,NA,NA,0.0123090228916696,0.00627382304285784,-0.00339024051688686,-0.0121435731668966,-0.017275541945114,-0.0198238919433515,-0.0225867313670711,-0.026712718113131,-0.0302317754949897,-0.029631373031145,-0.0225963912636407,-0.00926888003348481,0.00867581648124216,0.0295343157795764,-0.378922030680608,-0.133336555228408,-0.124078561861594,-0.117740610653284,0.413479124344118,0.414456545448321
1,NA,NA,NA,NA,NA,NA,NA,NA,NA,NA,NA,NA,NA,NA,NA,NA,NA,NA,NA,NA,NA,NA,-0.0820431057418156,-0.0823971621157069,-0.0826874452863759,-0.0820366730571307,-0.0793658225213292,0.00846429525947734,0.0127742696647983,0.0182288464510825,0.0241297535775321,0.0299160781603221,0.0355195742547718,-0.0247939480755706,-0.0209875025167749,0.318312976780278,0.0976657030299128,0.0979925324586789,-0.224680473514529,0.118804168665133,0.117557578655924,0.1169755599163
1,NA,NA,NA,NA,NA,NA,NA,NA,NA,NA,NA,NA,NA,NA,NA,NA,NA,NA,NA,NA,NA,NA,0.0614400027958777,0.0531415851579881,0.0372185977875432,0.0196944959690676,0.00946740774447874,0.0116238647824247,0.0234372128348341,0.0377548562278818,0.0502874393064867,0.0619928594204706,0.0734519840529848,0.0786571465173411,0.0673426594423385,0.0348335958383728,0.0329402819459897,-0.0596413208071693,-0.0744955891170501,-0.0809867925091979,-0.080135179678992,-0.0796671195595479
1,NA,NA,NA,NA,NA,NA,NA,NA,NA,NA,NA,NA,NA,NA,NA,NA,NA,NA,NA,NA,NA,NA,-0.00480741185874822,-0.00536278687842606,-0.00624766025432955,-0.00690992337999097,-0.00676620593727284,-0.00551050503740091,-0.00321297223065775,-0.000205417232417515,0.00313537033275324,0.00831214314944795,0.0100133937801213,0.0116789142076301,0.012009213704356,0.0133799993725056,0.0144646480408305,0.225808220995733,-0.0333431364789476,-0.302422590212016,0.14393354077028,0.166151679763213
1,NA,NA,NA,NA,NA,NA,NA,NA,NA,NA,NA,NA,NA,NA,NA,NA,NA,NA,NA,NA,NA,NA,0.469828605927288,0.634134958104871,0.621575826378045,0.175054758993377,-0.456603345334991,-0.706985855083056,-0.314499716203503,0.346326110410302,0.621469554142411,0.235947241481911,-0.455392991721435,-0.858272015855468,-0.714745516744632,-0.272895227220228,0.0484998367653073,0.0836846566712157,0.00600961643621156,0.0614965503576703,0.281789858364091,0.477285552252197
1,NA,NA,NA,NA,NA,NA,NA,NA,NA,NA,NA,NA,NA,NA,NA,NA,NA,NA,NA,NA,NA,NA,0.343721410017266,0.33843961491173,0.255819807597894,0.042569219968228,-0.241964991709166,-0.440584620626233,-0.418053243478115,-0.172192750830205,0.16148160070007,0.403920882482556,0.443677075069843,0.294237576536802,0.0761935725028799,-0.061966696532815,-0.522619511211844,0.282169841349578,0.319046372337115,0.285097153941677,-0.046533593667968,-0.112978740453605
1,NA,NA,NA,NA,NA,NA,NA,NA,NA,NA,NA,NA,NA,NA,NA,NA,NA,NA,NA,NA,NA,NA,0.0652999931297884,0.0652999931297754,0.0652999931297373,0.0652999931296669,0.0652999931295739,0.0652999931294831,0.0652999931294196,0.0652999931293927,0.0652999931293912,0.0652999931293939,0.0652999931293834,0.0652999931293549,0.0652999931293131,0.0652999931292646,0.065299993129211,0.0652999931291512,0.0652999931290863,0.0652999931290232,0.0652999931289748,0.0652999931289504
1,NA,NA,NA,NA,NA,NA,NA,NA,NA,NA,NA,NA,NA,NA,NA,NA,NA,NA,NA,NA,NA,NA,0.381485557232552,0.271652895218216,-0.0278212774632011,-0.349705491095596,-0.430678827061098,-0.221738499128233,0.0794877613231949,0.175026912285393,-0.000450567213290953,-0.190571085350798,-0.116059472393547,0.182145384242146,0.378388102736941,0.238899649360751,-0.206381861306281,-0.269581933685093,-0.259274219394793,-0.165825237448496,0.233180409268204,0.26295343186146
1,NA,NA,NA,NA,NA,NA,NA,NA,NA,NA,NA,NA,NA,NA,NA,NA,NA,NA,NA,NA,NA,NA,NA,-0.871647053556452,-0.0709867674323532,-0.089864525066591,-0.0496575313604302,NA,NA,NA,NA,NA,NA,NA,NA,NA,NA,NA,NA,NA,NA,NA
1,NA,NA,NA,NA,NA,NA,NA,NA,NA,NA,NA,NA,NA,NA,NA,NA,NA,NA,NA,NA,NA,NA,NA,0.632549313475863,0.293605977584774,-0.380960671547107,-0.705773712390964,NA,NA,NA,NA,NA,NA,NA,NA,NA,NA,NA,NA,NA,NA,NA
1,NA,NA,NA,NA,NA,NA,NA,NA,NA,NA,NA,NA,NA,NA,NA,NA,NA,NA,NA,NA,NA,NA,NA,0.0791295781536965,0.815864451240794,-0.646805400408056,-1,NA,NA,NA,NA,NA,NA,NA,NA,NA,NA,NA,NA,NA,NA,NA
1,NA,NA,NA,NA,NA,NA,NA,NA,NA,NA,NA,NA,NA,NA,NA,NA,NA,NA,NA,NA,NA,NA,NA,0.0903755286726486,0.0572845116006975,-0.46718209145123,0.349127027860971,NA,NA,NA,NA,NA,NA,NA,NA,NA,NA,NA,NA,NA,NA,NA
1,NA,NA,NA,NA,NA,NA,NA,NA,NA,NA,NA,NA,NA,NA,NA,NA,NA,NA,NA,NA,NA,NA,NA,NA,NA,-0.126465256569772,0.148741651280925,0.0119931146592571,-0.160734765940182,0.00848021747807159,NA,NA,NA,NA,NA,NA,NA,NA,NA,NA,NA,NA
1,NA,NA,NA,NA,NA,NA,NA,NA,NA,NA,NA,NA,NA,NA,NA,NA,NA,NA,NA,NA,NA,NA,NA,NA,NA,NA,NA,NA,NA,0.127473505288116,-0.599094859462121,-0.404277383075777,0.583029535683729,0.0885947298534564,-0.0545912167686105,NA,NA,NA,NA,NA,NA,NA
1,NA,NA,NA,NA,NA,NA,NA,NA,NA,NA,NA,NA,NA,NA,NA,NA,NA,NA,NA,NA,NA,NA,NA,NA,NA,NA,NA,NA,NA,-0.114405198214783,-0.112785762508558,-0.273714895211696,-0.0110587803284208,-0.00681594344128333,0.290051124774634,NA,NA,NA,NA,NA,NA,NA
1,NA,NA,NA,NA,NA,NA,NA,NA,NA,NA,NA,NA,NA,NA,NA,NA,NA,NA,NA,NA,NA,NA,NA,NA,NA,NA,NA,NA,NA,NA,0.157607853361668,-0.282546589969968,0,0.0669467896306131,-0.243038048686294,-0.903089986991944,NA,NA,NA,NA,NA,NA
1,NA,NA,NA,NA,NA,NA,NA,NA,NA,NA,NA,NA,NA,NA,NA,NA,NA,NA,NA,NA,NA,NA,NA,NA,NA,NA,NA,NA,NA,NA,NA,-0.21636703158129,-0.21636703158129,-0.21636703158129,0.0508735369731831,0.0508735369731831,0.124483005402932,0.124483005402932,-0.404654024367106,0.689585506458252,-0.342326217382302,-0.413878383465857
1,NA,NA,NA,NA,NA,NA,NA,NA,NA,NA,NA,NA,NA,NA,NA,NA,NA,NA,NA,NA,NA,NA,NA,NA,NA,NA,NA,NA,NA,NA,NA,0.0512869921089121,0.0508811255470758,0.0499605983598511,0.0483071011354297,0.0455660761884424,-0.286969073291331,0.14471210177284,0.141937059640771,0.13961587848251,0.00163979968873369,0.00100451137388732
1,NA,NA,NA,NA,NA,NA,NA,NA,NA,NA,NA,NA,NA,NA,NA,NA,NA,NA,NA,NA,NA,NA,NA,NA,NA,NA,NA,NA,NA,NA,NA,0.602963867024189,0.528266161273688,0.398970524561772,0.258012446732768,0.137498023636683,0.0457088753981073,-0.018187461084989,-0.060709609773152,-0.0864302492734229,-0.0992474085105526,-0.103999753738945
1,NA,NA,NA,NA,NA,NA,NA,NA,NA,NA,NA,NA,NA,NA,NA,NA,NA,NA,NA,NA,NA,NA,NA,NA,NA,NA,NA,NA,NA,NA,NA,0.682612001667648,0.620595783152847,0.488505036602533,0.307108972315346,0.126181900577953,-0.00601054299433945,-0.081378414059105,-0.111707379024662,-0.12187681058526,-0.129931915482079,-0.136867340401908
1,NA,NA,NA,NA,NA,NA,NA,NA,NA,NA,NA,NA,NA,NA,NA,NA,NA,NA,NA,NA,NA,NA,NA,NA,NA,NA,NA,NA,NA,NA,NA,0.121180408623836,0.121180408623675,0.121180408623487,0.121180408623446,0.121180408623608,0.121180408623905,0.121180408624303,0.121180408624726,0.121180408625111,0.121180408625402,0.121180408625551
1,NA,NA,NA,NA,NA,NA,NA,NA,NA,NA,NA,NA,NA,NA,NA,NA,NA,NA,NA,NA,NA,NA,NA,NA,NA,NA,NA,NA,NA,NA,NA,0.0120876512142958,0.0120876512139401,0.0120876512129411,0.0120876512111578,0.0120876512088461,0.0120876512065051,0.0120876512043671,0.0120876512029577,0.0120876512025019,0.0120876512027013,0.0120876512029957
1,NA,NA,NA,NA,NA,NA,NA,NA,NA,NA,NA,NA,NA,NA,NA,NA,NA,NA,NA,NA,NA,NA,NA,NA,NA,NA,NA,NA,NA,NA,NA,-0.077311193066727,-0.0773111930667279,-0.0773111930668011,-0.0773111930669751,-0.077311193067151,-0.538655596533589,0.335950186994284,0.335950186994418,0.335950186994556,-0.119806892598307,-0.11980689259827
1,NA,NA,NA,NA,NA,NA,NA,NA,NA,NA,NA,NA,NA,NA,NA,NA,NA,NA,NA,NA,NA,NA,NA,NA,NA,NA,NA,NA,NA,NA,NA,NA,-0.238405655069835,NA,NA,NA,NA,NA,NA,NA,NA,NA
1,NA,NA,NA,NA,NA,NA,NA,NA,NA,NA,NA,NA,NA,NA,NA,NA,NA,NA,NA,NA,NA,NA,NA,NA,NA,NA,NA,NA,NA,NA,NA,NA,NA,NA,NA,NA,NA,NA,NA,NA,NA,NA
1,NA,NA,NA,NA,NA,NA,NA,NA,NA,NA,NA,NA,NA,NA,NA,NA,NA,NA,NA,NA,NA,NA,NA,NA,NA,NA,NA,NA,NA,NA,NA,NA,-0.324832910336606,NA,NA,NA,NA,NA,NA,NA,NA,NA
1,NA,NA,NA,NA,NA,NA,NA,NA,NA,NA,NA,NA,NA,NA,NA,NA,NA,NA,NA,NA,NA,NA,NA,NA,NA,NA,NA,NA,NA,NA,NA,NA,0.783111461083725,NA,NA,NA,NA,NA,NA,NA,NA,NA
1,NA,NA,NA,NA,NA,NA,NA,NA,NA,NA,NA,NA,NA,NA,NA,NA,NA,NA,NA,NA,NA,NA,NA,NA,NA,NA,NA,NA,NA,NA,NA,NA,0.306912177889936,NA,NA,NA,NA,NA,NA,NA,NA,NA
1,NA,NA,NA,NA,NA,NA,NA,NA,NA,NA,NA,NA,NA,NA,NA,NA,NA,NA,NA,NA,NA,NA,NA,NA,NA,NA,NA,NA,NA,NA,NA,NA,-0.0134627866534068,NA,NA,NA,NA,NA,NA,NA,NA,NA
1,NA,NA,NA,NA,NA,NA,NA,NA,NA,NA,NA,NA,NA,NA,NA,NA,NA,NA,NA,NA,NA,NA,NA,NA,NA,NA,NA,NA,NA,NA,NA,NA,0.258796861811635,NA,NA,NA,NA,NA,NA,NA,NA,NA
1,NA,NA,NA,NA,NA,NA,NA,NA,NA,NA,NA,NA,NA,NA,NA,NA,NA,NA,NA,NA,NA,NA,NA,NA,NA,NA,NA,NA,NA,NA,NA,NA,-0.894346783097686,NA,NA,NA,NA,NA,NA,NA,NA,NA
1,NA,NA,NA,NA,NA,NA,NA,NA,NA,NA,NA,NA,NA,NA,NA,NA,NA,NA,NA,NA,NA,NA,NA,NA,NA,NA,NA,NA,NA,NA,NA,NA,-0.00477157850439019,NA,NA,NA,NA,NA,NA,NA,NA,NA
1,NA,NA,NA,NA,NA,NA,NA,NA,NA,NA,NA,NA,NA,NA,NA,NA,NA,NA,NA,NA,NA,NA,NA,NA,NA,NA,NA,NA,NA,NA,NA,NA,0.744230874508784,NA,NA,NA,NA,NA,NA,NA,NA,NA
1,NA,NA,NA,NA,NA,NA,NA,NA,NA,NA,NA,NA,NA,NA,NA,NA,NA,NA,NA,NA,NA,NA,NA,NA,NA,NA,NA,NA,NA,NA,NA,NA,NA,-0.162024681480052,0.0922773759029647,0.116043956916073,0.0198182791947863,0.0198182791947863,-0.150051934223174,0.0294475730318733,0.0431100862017689,0.0877740004721598
1,NA,NA,NA,NA,NA,NA,NA,NA,NA,NA,NA,NA,NA,NA,NA,NA,NA,NA,NA,NA,NA,NA,NA,NA,NA,NA,NA,NA,NA,NA,NA,NA,NA,NA,0.491128492818153,-0.374233953975607,-0.267058172613351,0.559300162854323,-0.391291134230484,-0.219244506426714,0.207396366968071,0.160087278405158
