1,-0.0379642279787081,-0.17411356153785,-0.0306094596666715,-0.0724317425529497,-0.0199306627881719,0.0552581776617784,0.218142916539872,-0.206763545748705,0.074173895927021,-0.0863072539737039,-0.0793876655091514,0.0664581386613498,0.0655624320142087,0.0421770771410779,0.0213000756587296,0.0191987538762362,0.050752863245718,0.101369877346425,0.0866363745188569,0.0715762711195618,0.0539924342037593,0.00696990111417931,-0.0236605616772936,-0.0286975556437176,-0.0367756712891115,-0.052499269842405,-0.0521054020303562,-0.0414922303168171,-0.0113464830590466,0.00810010070745705,0.041565115438906,0.0826186243637853,0.0764917156730692,0.117270185235174,0.117701581169365,0.0787352516083746,0.0487347157767613,0.0407085280415316,-0.0552446230102975,-0.080325696416955,NA,NA,NA
1,0.0193820026016114,0.0193820026016114,0.0193820026016112,0.0193820026016114,0.0193820026016112,0.0310339477311699,0.0341007408316443,-0.0699741009881621,-0.0760593146602069,-0.0739885932413079,-0.0672933174658463,-0.0115684747600906,0.0456606600132112,0.0606822400100044,0.0591148876830941,0.0567044152835179,0.0428906266308144,0.034897352992471,0.0312062301521464,0.0708096715802296,0.04017871379672,0.0143361153293429,-0.00971652873524887,-0.0160590785762258,0.00136129742399888,0.0307005678764746,0.0502322008359076,0.0467299522824545,0.0261131558092239,0.00576692631748025,-0.0524860224528016,-0.0513115403830778,0.00220741204946521,0.00323907683671565,0.0120097475004066,NA,NA,NA,NA,NA,NA,NA,NA
1,0.0443697499232714,0.0443697499232711,0.0443697499232714,0.0443697499232714,0.0253189793458386,0.0587963048525161,0.050912031244068,0.045164092791028,0.0400548949772114,0.0357553624478278,0.00186268565342769,-0.000832207986015687,-0.00272478218048448,-0.00381503692997698,-0.00353607510931186,-0.00750655375581943,-0.000771853238798063,-0.0177082816190449,-0.0111705517620722,-0.00521574104695085,-0.0121194702733205,-0.0146317048642084,-0.0288516238011306,-0.0451216875167676,-0.0522300880783664,-0.0490066969545839,-0.180234911145159,0.00642083061798232,0.146675820046225,-0.272886993380323,0.0523705055355238,-0.0305159911741887,-0.000282444420625694,-0.127049736478875,-0.0481436381817891,-0.00791266325951301,-0.00791266325955375,-0.00791266325956941,-0.0667469678657626,NA,NA,NA,NA
1,0.040823996531185,0.0547533724360835,0.0491862426021786,0.0376395955490832,0.0233072162219393,0.0197287079802782,0.0176562080342123,0.0194735182684929,0.0210841033248702,-0.0934942375669339,0.0343614980987501,0.034463309331151,0.0249939946378384,-0.00231704649064898,0.0594677451368009,0.0708413794512515,0.0902257479194306,0.108681989481518,0.0436542245340388,0.0392827978410592,0.049258241019232,0.0194442803726393,-0.0020656336854646,-0.0220194854055528,-0.0760811634633079,0.130009104022314,0.0347699198718222,-0.0788956995876051,0.0121800175194169,0.0041044876941022,-0.0209731365965025,0.0229426692720411,-0.0665869259590885,-0.0154152014556412,-0.0178106778904021,NA,NA,NA,NA,NA,NA,NA,NA
1,0.139847218704569,-0.0398414162247539,-0.043518947264715,-0.0130491914744755,-0.00829561383961528,-0.0177579588928854,-0.0246125034561267,-0.0146789031003203,-0.00428271554536533,0.00495588899505884,-0.0164927885132607,-0.0227667270269257,0.0125281476298786,-0.0123199011023237,-0.000256589231175432,-0.0785953753213224,0.0598193863420488,0.0755887249328257,0.15343918458389,-0.116916392276823,0.0078512293385935,-0.014155459736748,-0.00177293193119678,0.0473353432502642,0.113524111980056,-0.0150085293166285,0.0634025193529268,0.00994918662255944,0.106521864453028,0.113425138983234,0.063410209476904,0.0675758471733309,0.229524599269864,0.21755787866636,0.173162000177497,-0.388416111286718,0.0849632595844054,0.120839281557519,0.105236002003564,0.0866115245142702,0.0992559584658864,0.123276805863838,NA
1,0.109997197368259,0.0620634876092724,0.0403755525594359,0.067296794776073,0.0920994457441324,0.0769017056153389,0.0476078419809036,-0.0585940650583645,-0.0485040910858731,-0.038540735156729,-0.0273891563995877,-0.0059265729456854,0.0033489415525404,-0.024919410792579,-0.0582674414650719,-0.0251767530044615,0.122519928386549,0.196059018129976,0.186996352735566,0.106910121291668,0.0721922727077702,0.155633539415649,0.273895282761688,0.223117039855263,0.122513799220271,0.22587506306716,0.0118091420066261,0.0641925469197722,0.0746053992273394,0.0585575336490023,0.0486977945773743,0.0270758072272565,0.0167432868503973,0.00867930550988782,0.0272439235856653,0.0358676846242334,0.0140128558878592,0.00424260248726838,0.0344406468056699,0.0477862241292968,0.0544782202932876,0.0561560136654125,NA
1,0.0100511328337454,0.00257802161832858,0.00862754899156348,-0.0239111592213241,0.000894691850107857,-0.0290973479689657,0.00827314909883406,-0.00533651299986823,0.00840187973561285,-0.00898828612236624,-0.0180276415883871,-0.0125028521278376,-0.0154146940429714,0.064853961149065,0.0654202856484028,-0.0319607428525632,-0.0610957875825413,0.140884292484031,-0.122656657574196,0.144762819327222,0.0554703619116902,0.0714773910320743,0.095794335755232,0.0901183953447067,0.0774157273584426,0.110876114474942,0.00703727787571106,0.119438497500626,0.071232075990699,0.0267655838943599,0.0348810750361945,0.0706982602942214,0.0519349428116819,0.0352483977403528,0.0129735429058767,0.0809778198329965,0.0809778198328319,0.0809778198327629,NA,NA,NA,NA,NA
1,0.207684104359852,0.146767721926201,-0.120834291665198,0.029943211024839,0.0477108596865663,0.0445114157072587,0.0424700840963815,0.0432358547490019,0.04254395712527,0.0383885538982509,0.0188986428786491,0.0191330439589467,0.0185328461566838,0.0157921613535871,0.0131772618441334,0.0140346054239574,-0.00911846402998662,-0.0374976302720378,-0.0371892875012732,0.00264495236021094,-0.00350845512497972,0.0685978852654413,0.0538383729292236,0.00694169837444035,-0.00628160203593573,0.0473417383715276,0.00548405348178399,0.0361181402982,0.0442908428969091,0.0862484298932466,0.157553342563792,0.0564463296675732,0.052103522675228,-0.0268555861457465,0.0190949651430044,0.022253231725106,-0.090019623190538,0.0312460177148699,NA,NA,NA,NA,NA
1,-0.114419202046628,-0.00447293005128978,0.0622500680510736,0.0422543435629315,0.0438758783471533,0.0563955947732629,0.0342620029762099,0.0158291079161129,0.00788226505900283,4.77987567400057e-05,0.0179470437479359,0.00721073908949865,-0.00280395651957125,0.0411877156800662,0.0124526447136472,-0.0150839892862535,-0.011388571027977,0.0434996889069808,0.0903800222894828,0.0640017224411606,0.0496028504481917,0.0354513509637643,0.025598416770936,-0.0491739669211774,-0.00402402924949033,0.085072319752477,-0.0462286641606837,0.00382160631974512,0.063628171790891,0.0220601567473285,0.00117529497607852,-0.0104175066034839,-0.00896420931598829,0.00841972968647708,-0.0184312030148835,0.507130094752974,0.0181710009151539,0.0199509252963694,NA,NA,NA,NA,NA
1,0.0566258823642989,0.0518970742305345,0.0475040137822762,-0.0299727222081998,-0.0319679226099936,-0.033929667032202,-0.035855817643087,-0.0377378231156866,-0.0395735456182611,-0.041337770512766,-0.0429296392470313,-0.0443239371830115,-0.04550877783008,0.0839909283937927,0.0807236801354467,0.0594590281680606,0.0134190148865549,-0.0399224892779597,-0.0735100254413075,-0.0782851329401079,-0.0690210923963467,-0.0626058288811662,-0.0924248569746453,-0.0109744492614516,-0.304247560925923,0.00239733883840851,0.0442019609264694,0.140991226542158,-0.00210149233577717,-0.00250044761459733,NA,NA,NA,NA,NA,NA,NA,NA,NA,NA,NA,NA,NA
1,-0.0443262987458695,-0.0443262987458695,-0.0443262987458695,-0.0443262987458697,-0.0132584456345731,-0.013658908439672,-0.0144598340498786,-0.0156612224651848,-0.0172630736855922,-0.0192653877111023,-0.0216681645417162,-0.0244714041774298,-0.0276751066182463,-0.00430929573086059,-0.00883836396856411,-0.00531499032874494,-0.00119417310167743,0.00104068470136468,0.000864871883690258,0.00034769196954143,-0.0191927684704392,-0.0166409630855027,-0.0157964406776629,-0.0242149551578579,-0.0592554363576712,-0.0308086238601403,-0.0367052627858529,-0.0382801758080865,-0.04007101839334,-0.0455923647706212,-0.0998734454681836,-0.108032264308981,-0.204139283238332,-0.204703471592094,-0.205295325177481,NA,NA,NA,NA,NA,NA,NA,NA
1,0.00354772251946689,0.00354772251946689,0.00354772251946689,0.00354772251946689,0.00354772251946689,0.00354772251946711,0.00354772251946689,0.00354772251946689,0.00427606367939755,-0.00134085395861068,-0.00176693722390227,0.0176628125868634,-0.036573220673148,0.0301955547733992,-0.0296253550045239,-0.00443244063403833,-0.00115185896194236,0.00849193453855675,0.011938651441452,0.0651446797637792,0.082566707405471,0.0598967258378161,-0.0386453069255305,-0.0760418207494666,-0.0646958553361086,-0.107801444199721,0.0126074894251127,-0.0191569067480653,-0.0967606816405049,0.0264042944110676,0.0351647761886322,0.0404428409543866,0.114789349382292,0.113984878160964,0.113477247350211,-0.0222763947111524,NA,NA,NA,NA,NA,NA,NA
1,-0.00225243174344586,-0.00969153458596728,-0.0159581589687757,-0.0194066547335322,-0.0179329223901654,-0.0135642364595734,-0.0108789251892397,-0.0139309220749437,-0.0077558208409906,-0.0201777707023359,-0.0330096434837876,-0.113780499339543,0.0407126490765883,0.010488893591494,-0.0140974624926603,0.00880696692206023,0.0369553582018825,0.0394702458479179,0.0343784511181438,0.0217756166717403,-0.00774689214304281,-0.154133437808634,-0.171900185389142,-0.00637410755616734,0.041289922652238,0.0229315709526761,-0.0894599555230245,-0.162438405273718,0.0686049516719324,0.102770749711146,0.0800550761416789,-0.183387425003336,0.23208422201556,0.221133377913642,0.012357736917503,-0.0999873641975448,0.500602350569185,-0.57978359661681,NA,NA,NA,NA,NA
1,0.000840473201773421,0.0107555266291396,0.0141276634758607,0.0225277797475787,0.0240316003901784,0.0477033791130829,0.0519674688180968,0.044484241726793,0.0380448304792833,0.039752130529481,-0.0141345011215703,0.05627605033529,0.040430304653981,0.026734014311998,0.0896994542388088,0.0699192139646806,0.0319224849228794,0.0296018191610322,0.0223692621703806,0.033020667231217,0.0254901223587526,0.0338532020176766,0.0293406525621286,0.00449774149256486,0.00226580766159531,-0.0160182031920712,-0.0154885187216426,-0.00994979606578014,-0.0118689154499047,0.0518892965240274,0.0215843185156503,0.0227612183091377,0.0702276850629869,0.0758420707757932,0.0680556910841809,-0.285946189098363,-0.104131193409051,-0.114548583046983,NA,NA,NA,NA,NA
1,0.0285484293471464,0.0295070843280081,0.0200269735589674,0.00855292753739082,-0.0628592009141061,0.0149026027837296,0.0224967834248749,0.0205235292355549,0.0193190186918531,0.0268689809130614,0.0347873170357724,0.00117613242022675,0.0439858816837251,-0.0228896008201702,-0.0130719934701133,0.014329850531597,0.0460897047256642,0.0535426707217861,0.0419351879065808,0.0271416990108998,0.0189100991330347,0.0159750719292552,0.0266943344855789,0.0302520618645073,0.0353664565007298,-0.000163352355825162,0.0580163456458196,-0.0400386571862101,-0.0344670492996714,0.0574098267389022,0.0530298292323456,0.00347545758994584,0.0514899417420111,0.0537504098339148,0.0282789213603727,0.0245407384715439,-0.00310437067257774,-0.00630221422389776,-0.0195574332145565,-0.0173754065228957,-0.0148960042460415,-0.0131044180249096,NA
1,0.00515812672290702,0.00515812672294487,0.00515812672304176,0.00515812672316285,0.00515812672328512,0.00515812672339995,0.00515812672348925,0.00515812672353807,0.00515812672355076,0.0051581267235451,-0.00399418178962363,-0.0139041296840556,-0.0139041296840565,-0.0139041296840565,0.0122087727505388,0.0122087727505382,0.0122087727505383,0.0122087727505388,0.0122087727505382,0.0122087727505386,0.0122087727505386,0.0122087727505383,0.084290336199002,0.0842903361990021,0.163411182702002,0.163411182702002,0.0983689023080736,0.0666636996213936,0.0666636996213845,0.0349584969346401,0.0349584969345318,0.0349584969343811,0.318509244131098,0.0349584969341464,NA,NA,NA,NA,NA,NA,NA,NA,NA
1,0.0539890127865503,0.04641519276298,0.034337623885577,0.0189160862904658,0.00397161395349899,0.00161367325743889,0.0129400284001716,0.0468004583979097,0.108315522286031,0.175956029278483,0.192467812537223,0.142304375496427,0.0658637631767052,0.00050091712585093,-0.0146282211975512,0.018968584408642,0.0686436485457125,0.102159745604526,0.104229319714921,0.079193004090629,0.0351899873311496,0.0242038270107542,0.0277584553868922,0.0423653308273756,0.0446613598565914,0.052344733768799,0.0423761223905537,0.0359681477045315,0.0600293213586394,0.0600293213633201,0.0600293213647038,0.0600293213645484,NA,NA,NA,NA,NA,NA,NA,NA,NA,NA,NA
1,-0.0243511500777006,-0.0167272482216363,-0.00476262876729742,0.00407397483407484,0.0139327770633885,0.0154690322279115,0.0254197231324558,0.0159153730384846,0.00575193674453726,-0.00561549452655116,-0.0213742380047936,-0.061878437299379,-0.0256907588260939,0.0150730286940402,-0.0317323982344474,-0.0204909463874669,0.024809127293919,0.0267892976046351,0.033067278545186,0.0356847438332197,0.0236822939766506,0.0212714026142161,0.0207294441944912,-0.0805668284614204,0.0198650288452301,0.118508986869657,0.120594838230911,-0.0651930868449912,0.132017899707281,0.0299210196850651,0.0290863333913303,0.0476045770350193,0.0327532945379645,0.0475047875953144,0.0439680722140836,0.0412046536249146,0.0603690544258422,0.0587832149210493,0.0187361475441508,0.0179098129054605,0.018068956097927,0.018479166240851,NA
1,0.0026341222109294,0.0026341222109294,0.0026341222109294,0.0026341222109294,0.0026341222109294,0.0026341222109294,0.0026341222109294,0.00263412221092918,0.0026341222109294,0.0026341222109294,0.0026341222109294,0.0026341222109294,0.0026341222109294,0.0026341222109294,0.0026341222109294,0.0026341222109294,0.0026341222109294,0.00263412221092918,0.0026341222109294,0.0026341222109294,0.0026341222109294,0.00263412221092962,0.00263412221092918,0.0026341222109294,0.0026341222109294,0.00263412221092962,0.00263412221092918,NA,NA,NA,NA,NA,NA,NA,NA,NA,NA,NA,NA,NA,NA,NA,NA
1,-0.0309763381119078,-0.0307280805688539,0.0477012191186724,-0.00839940092914637,0.0504859689327544,0.00654212106641398,0.0631656320358975,-0.043634186331761,-0.0334143826354083,-0.0270819052062624,-0.0269651424182477,-0.0269054742772594,-0.028062360071016,-0.00271525822168128,-0.0290574439383047,0.000298047030582512,0.00983628966586747,0.0160557998660993,0.0112745035010077,-0.058129083335536,-0.0675542734410244,0.0502160467965704,-0.00640496579286935,-0.0054046494867606,-0.00397775705449068,-0.00236023881491754,0.00146197653290084,0.00283214923683417,0.00375039221514015,0.00430426766648587,0.0555571581139462,0.0155053036270751,0.206593895895443,0.415240062886203,0.286694446397271,-0.103498212079446,-0.182171565819301,-0.00306916290212467,0.273844489679653,0.193899707214518,NA,NA,NA
1,0.0314179563659329,0.0313113988227758,0.0311815095090644,0.0178886732071819,0.0178012437638426,0.017702995419297,0.0175953973832343,0.0174843264944108,0.0173712519625151,0.0172579265541191,0.0171513613355047,0.0170533090732452,0.0169644508875213,-0.00279346036985088,0.00646692682746049,0.0178071629964722,0.0219237877053082,0.0169221642257568,0.00949444470905236,0.00704934522962356,-0.111802139140188,-0.241041637593222,0.100597391916798,0.168795742503958,0.0675016584029459,-0.144847732930123,-0.0272230657322972,-0.0253430478174467,0.243082366798293,-0.0599820228387842,-0.148088746434784,-0.0740312677277188,-0.0740312677277188,NA,NA,NA,NA,NA,NA,NA,NA,NA,NA
1,0.00348592114947971,0.00455173507198864,0.0056048396531701,-0.0162021350405348,-0.0155106633083945,-0.0148213166706825,-0.0141329127492288,0.0382885970755927,0.0368755831011332,0.0471537426450015,0.0442035691338288,0.0407676392199374,0.0369203111115903,0.0333037464546235,0.0333934620991176,0.0299448336596786,0.0418110709746736,0.0403981149267779,0.0433095663129562,0.0417757822760176,0.113505658853184,0.031802439404122,-0.122453475134054,0.0143382601079371,0.0183337423649384,0.0350201359088229,-0.0018088761238747,0.050367310332161,0.0781148366747442,0.103989774668899,-0.0141526522331724,0.0706305419434036,-0.0167827496327517,0.0510487359773202,-0.108721213324761,-0.108721213324761,NA,NA,NA,NA,NA,NA,NA
1,0.0121261682281325,0.0183996969634009,0.0220478483805587,0.0145629602232803,0.0145339063549148,0.0164574690103671,0.0176532369508499,0.0374735132387612,0.0355004898552741,0.0354338671585303,0.0364488865012829,0.0355427169280279,0.0332712099276992,0.0335250985100231,0.0367383408152332,0.03854038815497,0.0379078252277394,0.042612348561016,0.0591803596070569,0.0787589106249378,0.0804565063311922,0.0681638361983001,-0.012104513015885,0.05397056654239,0.0476226836307225,0.0633342674042327,0.0483150316447869,0.0911525283263948,0.12773000486898,0.155312312258369,0.182559262195685,0.293381410018546,0.524128647929227,0.0422435336022668,0.0392366524741687,NA,NA,NA,NA,NA,NA,NA,NA
1,-0.00220528366629225,0.00992377728745852,0.0210265755546497,0.0307432226396771,0.0376341645601439,0.0413395128204535,0.0420166860078175,0.0257005267295193,0.0276049258195777,0.0322620017001352,0.0355254165713907,0.0311724927836941,0.0206386668467631,0.0143217828372804,0.0187191196806259,0.0270076233398461,0.0268341400529926,0.0165735997447702,0.00622496254519585,0.00581495521068831,0.00979227880130414,0.0125400812970925,-0.0918038088663137,-0.0220446855668902,0.0478773828681697,-0.0495738568801254,-0.109311929635664,0.0839272761024111,-0.0544962459281876,-0.0291701400294616,0.151565779646004,0.12066203750547,-0.0145488711440245,-0.000288614809032861,-0.00337333731043188,-0.0411216822327234,-0.0396693267090176,NA,NA,NA,NA,NA,NA
1,-0.00636417824867497,-0.00517158445502508,-0.00410438303699401,-0.0334116442757578,-0.0330353888036049,-0.0327537823805047,-0.0325712650496534,-0.0111905169020377,-0.0084566714864398,-0.0022452485595786,0.0167833884302427,0.0207917849979134,0.019609350398108,-0.0559332970435153,0.117871110426455,0.17456132057379,0.11845518321862,-0.0936981097118038,-0.148621971778246,-0.0920145126457538,0.0567586557801193,0.158905376360606,0.0729269618144938,0.0132118324373888,0.0823971862125952,0.0497824571216522,0.113346664634109,-0.0540809914143401,0.0251336597799473,0.0035277544199821,0.0105202894628653,0.0899059969698026,0.110328599931836,0.0224369090546106,0.0299574153214626,-0.279999480208851,NA,NA,NA,NA,NA,NA,NA
1,-0.0073102334915518,-0.0092994516981042,-0.0107533082146483,-0.0116623224202499,-0.0119885718311941,0.0718020459018376,0.0722028108067095,0.0527241315662829,0.0530096492576815,0.0541722895875055,0.0420380289463858,0.0427262422657243,0.041301666477743,0.0276991440039607,0.00561583383764736,0.013548211146425,0.0150449920933237,0.0166670182521628,-0.0086464931390982,-0.00928833944109447,0.00589672549269359,0.0326872622719579,0.00971429199886089,-0.0145803211935336,0.00643358225173813,-0.0351369335476919,-0.040430466453821,0.00798707775459639,-0.0437732027657368,0.0317209160613011,0.199490080553235,0.04332880108441,-0.0129071039571998,-0.0254712957615311,-0.0405153827669447,-0.0268624159071882,0.0389937256685586,NA,NA,NA,NA,NA,NA
1,-0.0074691620959193,-0.00746916209595749,-0.0074691620960019,-0.00746916209605342,-0.00746916209611026,-0.00746916209617021,-0.00746916209623638,-0.00746916209630433,-0.00746916209637227,0.167073723970036,0.0866235339651173,0.0865886716195613,0.280669994510063,0.119159980232275,-0.185211864484263,0.120568686792548,0.119637350028348,0.118221013133847,0.11652958725849,0.0886444234454669,0.0769719679064003,0.074890157757463,-0.00184010042509497,-0.0165030853071348,0.0537063666403587,0.0317117593743642,0.0111886779681934,-0.143142256796485,0.000270282793637744,0.000856119346788819,-0.00465959304482289,-0.00364127818705458,0.0078194703741532,0.00125121632237279,0.00125121632237279,0.207563458497448,-0.292766214968013,NA,NA,NA,NA,NA,NA
1,0.0490536930021648,0.0490536930021648,0.0490536930021648,0.0490536930021648,0.029437294085699,0.0288633365428093,0.0278712949773974,0.026705349782568,0.00915117875215691,0.00807636650016937,-0.0330948424098785,-0.0309626869813305,-0.0273864423906047,-0.0743325331087019,-0.0350163725555145,0.0163864435383379,0.0463291607658933,0.0453390843309514,0.0316983189846682,0.0247999409584321,0.0243960133778383,0.014785890800863,0.00196456096256146,-0.0343208155395392,-0.045096006126028,-0.0170649875355745,-0.0153740212892937,0.0567161204448889,0.0133677928040855,0.0148998060589555,0.00977453696023456,0.00948856581870322,NA,NA,NA,NA,NA,NA,NA,NA,NA,NA,NA
1,0.0356547323513812,0.0356547323513814,0.0356547323513812,0.0356547323513814,0.0356547323513812,0.0356547323513812,0.0356547323513814,0.0356547323513812,0.0356547323513814,0.0170261715394957,0.0245467520029967,0.0284038174656539,0.0521386571437851,0.0152311597933085,-0.0180341748517834,0.000139125724814226,0.0663686469608519,0.133622464658105,0.145546281971267,0.0911663626537235,0.0215496351547567,-0.00894177225773587,-0.00426730407606812,-0.00122303685916554,-0.0117490497277826,-0.0158731657160863,0.0175336999776106,0.039678981073151,0.00718213971735748,-0.0511472559837467,-0.0548602091430656,0.0155246000480967,0.0993776606157454,0.110451176009889,0.0146405131943662,-0.0528920619062582,-0.00148086771791863,0.0625635834768598,0.0733847366304801,-0.109065735830586,NA,NA,NA
1,0.0595009778936406,0.0708474959210625,0.0770556525252939,0.0692077227485566,0.0477736375916455,0.0321034521200384,0.0259167418089299,0.0441699438919902,0.0454928339377112,0.0441164892526935,0.0379877391454619,0.026015729363964,-0.000544412705739405,0.00247590482126769,0.00185335261274962,0.00345587720488324,0.00496742649958844,0.00525281221454277,0.00538012630895335,0.00667624866174129,0.00867535955506271,0.00973796640052645,0.0111375974276697,0.00907091379991757,0.00110821230680988,-0.00423588416078982,-0.00894965287643026,0.0716071332447127,0.0806905067373289,0.0661016930815012,0.0348688536730371,0.0250029504238939,0.0299421298681373,0.0313956768964726,-0.0478086155572052,-0.0570635146305558,-0.00953285732951403,NA,NA,NA,NA,NA,NA
1,-0.0401266713220767,-0.0401266713220767,-0.0401266713220768,-0.0401266713220768,-0.0401266713220767,-0.0401266713220767,-0.0401266713220767,-0.0401266713220768,-0.0401266713220767,-0.25300296637939,-0.0495275238901022,-0.0495275238901023,-0.0456944094709994,-0.0456944094709995,-0.0494475574049035,-0.0578982214373489,-0.0563351946399223,-0.0563351946399224,-0.0563351946399223,-0.0563351946399224,-0.0612138117368205,-0.0612138117368205,-0.101196259522591,-0.101196259522591,-0.133666110157362,-0.109369466526801,-0.0713163752748062,-0.074245001610805,-0.0545263515150183,-0.0545263515150183,-0.0545263515150184,-0.0545263515150183,0.012113751626007,NA,NA,NA,NA,NA,NA,NA,NA,NA,NA
1,0.0272490021714007,0.0358488038197922,0.0369875157130388,0.0303992329262268,0.0181946745125106,0.00551471028817829,-0.00248651992424564,-0.0052145905384311,-0.00639054601741407,-0.00697852375690466,NA,NA,NA,NA,NA,NA,NA,NA,NA,NA,-0.200096743041998,-0.200096743041998,-0.164399235453965,0.0956912290667819,-0.109476983435405,-0.107758169087861,-0.0943014175983778,-0.0943014175983775,-0.0943014175983778,-0.0943014175983777,-0.192308342192356,-0.192308342192356,-0.236302243092147,-0.162140027490736,-0.162140027490736,NA,NA,NA,NA,NA,NA,NA,NA
1,-0.0175852069976195,-0.0176270712854171,-0.0176782147964913,-0.017704149076991,-0.26324215337432,0.236929480944753,-0.0188354646256948,-0.018514225468216,-0.0185205403650013,-0.0215724373805001,0.0798808009349206,-0.0273348104129675,-0.0279948483502808,0.00679932074163206,0.00618924883518031,0.022128199878994,0.0221416339487876,0.023796835951127,0.035936529415973,0.0285411621991578,0.0155306459137009,-0.0191399070396412,0.00353233290701513,-0.0208656690150502,0.0971985024356195,-0.0316009424377697,0.073772080686453,-0.0961968201193272,0.0587124483465825,-0.00683091961782006,0.0055195893159478,0.0105595063924627,0.058053381186079,-0.00669316886105209,0.0481400772126075,-0.0232065913730278,NA,NA,NA,NA,NA,NA,NA
1,0.00440500059127524,0.00440500059127524,0.00440500059127535,0.00440500059127535,0.00440500059127524,-0.14280238227874,-0.142802382278741,-0.142802382278741,-0.14280238227874,-0.218608574009386,-0.218608574009386,0.470574687823417,0.00321780397666419,0.00321780397666413,0.019574494160454,0.0195744941604541,0.0195744941604542,0.0195744941604538,-0.00218758327504383,0.0427663465542874,-0.00920552264655426,0.101116716569173,0.0450644942007837,0.0490008749321575,0.032350236276753,0.035881058298043,0.040377765314732,0.0268364558043158,0.0242074663036008,0.00901532169954797,0.00833043713408406,0.0123123163609128,0.0183781660342889,0.0192021526305476,0.0206067731905573,0.0234906794228194,0.0249283569284077,0.0144888145734848,-0.0169355629062806,0.00108438064560112,0.0379400410630348,0.0664160421989513,NA
1,-0.0094184442634746,-0.00941844426350569,-0.00941844426352967,-0.00941844426355098,-0.00941844426356386,-0.00941844426357674,-0.00941844426358696,-0.0094184442636065,-0.00941844426363092,-0.00941844426366023,-0.00941844426368776,-0.00941844426370908,-0.00941844426372063,-0.00941844426372507,-0.00941844426372107,-0.00941844426371086,-0.00941844426369265,-0.00941844426366156,-0.00941844426361049,-0.0094184442635421,-0.00941844426346439,-0.00941844426338623,-0.00941844426330629,-0.00941844426322813,-0.00941844426314997,-0.00941844426307847,-0.00941844426301541,-0.00941844426296745,-0.00941844426293459,-0.00941844426292215,-0.0094184442629266,-0.00941844426294924,-0.009418444262971,-0.00941844426298433,NA,NA,NA,NA,NA,NA,NA,NA,NA
1,0.0430042850948542,0.0430042850948547,0.0430042850948542,0.0290991105181448,0.0290991105181448,0.0290991105181448,0.0290991105181448,0.0290991105181448,0.0290991105181453,0.0290991105181448,0.0290991105181448,0.0721976459894087,0.0721976459894091,0.0721976459894091,0.00998325440398817,0.00998325440398862,0.00998325440398817,0.00998325440398862,0.00998325440398817,0.00490819393332931,0.00490819393332975,0.00490819393332931,0.00490819393332975,-0.0452056647229413,-0.0452056647229409,-0.0335111759795521,-0.0335111759795517,0.0566592428601984,0.0566592428601984,0.0566592428601984,NA,NA,NA,NA,NA,NA,NA,NA,NA,NA,NA,NA,NA
1,0.0101223223309517,-0.00353106441077156,-0.0137490510282108,-0.0182738088596688,-0.0189068455398296,NA,NA,NA,NA,NA,NA,NA,NA,-0.0728756694671855,-0.0720794270972506,-0.0701914648116255,-0.0673243814803983,-0.064087776082458,-0.0610546395060105,0.0731081359218027,0.0526451729093244,0.0271305696966543,0.00839133199725169,-0.00125122072075169,0.00124393172434836,0.00343920207721183,0.00902081044618772,0.0134451722487171,0.0140461913998399,0.0160830229061164,0.0154238946802162,0.00914778250542699,0.0101687828170018,-0.013952956725275,-0.0284352740024942,-0.0374091202181808,-0.022015808239285,0.017375104734854,0.0485303424063561,0.0552037139980475,0.0441279560129058,0.0329616572786193,NA
1,0.0584762741866987,0.0205949238749335,0.0278373584058224,0.0110193725547963,0.0110193725547963,0.0178312256818265,0.0140645329205437,0.0167256262764513,0.0305018841580135,0.0269561307659276,-0.0181392948974946,-0.0169031163096508,-0.016903116309651,-0.0169031163096509,0.00419079198090577,-0.0173224760452021,0.0293897699104768,0.00179592559181309,0.0105633035258918,-0.0283016522447719,0.0990592219234041,0.0826381467425934,0.11218671083227,0.0317853920601968,0.00918936013177626,-0.0336032439019351,-0.0133503735032495,-0.0137400283928884,0.11451331102724,-0.112514851634372,0.00179220605070338,0.046012343246344,-0.132169303795231,0.0772101135029015,-0.0875433426655193,-0.0360278483588097,-0.0164046144803702,0.00151078126109017,NA,NA,NA,NA,NA
1,0.0373074981160015,0.00511165012193171,-0.00524436505151948,-0.00460548550468265,0.0383409756808453,0.0317782488345615,0.00897561788150495,-0.0122481039233349,-0.0194870424435444,-0.0175198368096935,-0.014026723498426,-0.0129759305575029,-0.0139013116025869,0.011271068375436,0.00922794111273435,0.00656219938273141,0.00482736097853464,0.00715897646350844,0.0197034863792405,0.0229338896265642,0.0336797142699212,0.0665624292236982,0.122474066077465,0.155679140096803,0.0932121247483914,0.0232453279487775,-0.029466083975643,-0.0439888779260401,0.00739625960366968,0.0360345798463303,0.0586966632769917,0.0814918086529099,0.0808792639940542,0.108394406194785,0.0140638301876856,-0.0224802131313067,0.0170140911147313,0.0695797632785713,0.0814226204424815,0.0474719601083211,0.0407134942926832,0.0618798680358101,NA
1,0.503023385709321,-0.0978950357206071,-0.0160372879913723,-0.0378969751207627,-0.0176347609650772,-0.0186705300863891,-0.0222963807200809,-0.0231069885906842,-0.0219741139679744,0.0062029458918188,-0.0169668785414731,-0.00318975194955944,-0.0196620493373168,0.0147740504846887,-0.134033236986529,0.0490680788384607,0.0517710078847565,0.0788022914628171,0.0681757148317484,-0.144033701944269,-0.0188275393005304,-0.00330334789766743,0.0151865503512398,0.0205454694657725,0.00466628470713532,0.00321702687340198,-0.00149471005330334,0.017915796833737,0.0256595977885038,0.00759061682402347,0.0277135393338942,0.0154708764631378,0.0618572534948445,-0.0367095788561613,0.0154649904082477,0.0125247762642017,0.0159456262750911,0.0114695185779155,0.000886978210303146,-0.0108342358986115,-0.0793366727931879,-0.0606485070265981,NA
1,-0.086562185466396,0.379880272224409,-0.0891809358791343,0.121495250797806,0.070814589259903,0.0162019184790651,-0.0145408599485667,-0.0250634386247984,-0.0161990423365396,0.000934991966226944,0.0227797876503506,0.0262527907980075,0.024622743997714,0.0238022681087304,0.026582158778981,0.0476840662227761,-0.0735957709333513,-0.14573112786773,-0.158151914068952,0.152324515828535,0.00895146125367102,0.00543305577187684,0.0544043891287002,0.0553182295832785,0.0555894864463262,0.074539401686082,0.0567714254964089,0.0610288580307446,0.068545134422578,0.0245279451513504,0.0128005127667203,0.00530546007254235,-0.0141349203963577,-0.0141349203962067,-0.00706746019805282,0,0,NA,NA,NA,NA,NA,NA
1,-0.162285299743197,-0.162285299743197,1,-0.392712390116318,0.493253939367472,-0.0432024973409569,-0.0432556824600931,-0.0433233134342852,-0.0433969261500644,0.123714553830412,-0.272683022700524,0.227220247506402,-0.0796314837672764,-0.122351631556437,-0.123502285983893,0.226453567931929,0.0371628648234749,0.0311714875303366,0.00438693304257928,0.0553690953579575,-0.124225121526034,-0.0360698475286291,0.0496265123344898,0.0412412364120107,0.0340436758982788,0.0417485899049335,0.041689215386329,0.08426702497919,0.0842271949239992,0.0743530734562742,0.08786574580084,0.0878511641743646,0.254813836320286,0.254813836320128,NA,NA,NA,NA,NA,NA,NA,NA,NA
1,0.0170198881234889,0.0170198881234886,0.0170198881234886,0.0170198881234888,0.0170198881234886,0.0258639957267065,0.0228920712696109,-0.0171994385092148,-0.0218740292328653,-0.0252765174755478,-0.0269949103167256,-0.0112486910612212,-0.00973087561329463,-0.00800463420291727,-0.0677831994317259,0.0362958374857765,0.0428039843583813,0.0702882232588392,0.0277732462838927,-0.0453943915110118,-0.0634619296862925,-0.0202179551849227,-0.014800461276208,0.00147078303831562,-0.0247411913081137,0.072447321573806,0.149262184182434,0.164625638476373,0.118720961284638,-0.0293446337846857,-0.0536715372255923,-0.0789513658633469,0.0411065623516425,0.0880433124991603,0.0880433124991606,0.557033021514643,NA,NA,NA,NA,NA,NA,NA
1,-0.0776632229765121,-0.0776632229765122,-0.0776632229765121,-0.0776632229765122,-0.0776632229765122,-0.0776632229765122,-0.0776632229765121,-0.0776632229765122,-0.0776632229765122,-0.0776632229765121,-0.0776632229765122,-0.113283624181856,-0.128591789110433,-0.0289890507556079,-0.0414542947658668,-0.0360563075115556,-0.0148838391056576,-0.00644293280531916,0.0294991586455525,0.0390387177834632,0.0449280497117663,0.044206723612876,0.038531443477605,0.0319016365881783,0.025423343487739,0.0179525880090579,0.0280642389712515,0.0465090405496338,0.122832422721966,0.123338113980272,0.130952289644317,0.159638257098698,0.139329836039868,0.147368743563926,0.156234912597299,0.162972743762301,0.166130017334428,0.166783962772459,0.148007822143239,0.148007822143163,NA,NA,NA
1,0.0743370003291046,0.0743370003291046,0.0811762738933459,0.0811762738933455,0.0811762738933455,0.0811762738933455,0.0811762738933459,0.0119332512120547,0.0119332512120556,0.0119332512120547,0.0119332512120551,0.0119332512120551,0.0119332512120551,0.0119332512120551,0.0119332512120551,0.0119332512120547,0.0119332512120551,0.0119332512120551,0.0119332512120551,0.0119332512120551,0.0119332512120551,0.047625727578124,0.0476257275781236,0.047625727578124,0.047625727578124,0.047625727578124,0.0476257275781236,0.047625727578124,-0.105493388433194,0.0864019563338241,NA,NA,NA,NA,NA,NA,NA,NA,NA,NA,NA,NA,NA
1,-0.0250858329719984,-0.0250858329719985,-0.0250858329719984,-0.0250858329719985,-0.0250858329719984,-0.0250858329719984,-0.0250858329719985,0.0385421873588438,0.0385421873588437,0.0385421873588437,0.0385421873588437,0.0385421873588438,0.0385421873588438,0.0385421873588437,0.0385421873588437,0.0385421873588438,0.0385421873588437,0.0385421873588437,0.0385421873588437,0.0385421873588438,0.0385421873588437,0.0385421873588437,0.0385421873588437,0.0385421873588436,0.038542187358844,0.0385421873588436,0.0385421873588437,0.0385421873588437,0.0385421873588437,0.0385421873588437,0.0385421873588437,0.0385421873588438,0.0385421873588437,0.0385421873588436,0.0385421873588438,NA,NA,NA,NA,NA,NA,NA,NA
1,-0.0364330206345946,-0.0364330206345947,-0.0364330206345947,-0.0364330206345947,-0.0364330206345947,-0.0544322306683008,-0.0544322306683008,-0.054432230668301,-0.0544322306683008,-0.0544322306683009,-0.0544322306683009,-0.0544322306683009,-0.0544322306683009,-0.0544322306683007,-0.0544322306683009,-0.0544322306683009,-0.0544322306683008,-0.0544322306683009,-0.0544322306683009,-0.0544322306683007,-0.0544322306683009,-0.0544322306683009,-0.0144390630979563,0.0273561193783836,0.0176913030870671,-0.016294671504922,0.0223657899765366,0.0497145003100459,0.0350589539692198,0.0525856052654501,0.0424311877477467,-0.0126457535984565,-0.0719965269106263,-0.122568387874082,-0.155868480405048,-0.340955374907333,NA,NA,NA,NA,NA,NA,NA
1,0.161212713094561,-0.111075496500775,0.357565956202923,0.00348020982086143,0.00296194012278258,0.00229057334644178,0.00142895820096145,0.000377094686342024,-0.000865017197420936,-0.00227903092225675,0.00253572934152269,0.000959938594664811,0.00704200595571676,0.0142539897953639,0.0160610985399307,0.0188438632532411,0.169654993647911,-0.0940956019105007,-0.0495722287591348,0.110970707053414,0.101857701021075,0.103319247075998,0.0878956968989646,-0.012964518435406,-0.0202171469878366,-0.0175808392723382,-0.00877691907814491,0.000564658562747433,0.0124742953644703,0.015389675679805,0.034212922768115,0.0322639373219451,0.0284308868974648,0.0238872613563212,0.0199884536858374,0.0651630412770035,NA,NA,NA,NA,NA,NA,NA
1,0.126755655034197,0.138556300124719,0.152549280435046,0.162596852628129,0.163798620875184,0.15612127098003,0.143821513342838,0.131302132692439,0.119775018803558,0.107790710714274,0.094107872249412,0.0792562205870184,0.0646366302787449,0.0511864725428475,0.0393761955079523,0.0297890232937936,0.0228361246119881,0.0179922908614354,0.0140544615564631,0.0104594088309051,0.0079550865549991,0.00763552616396845,0.00951781524452766,0.0123835287408913,0.0149139810280405,0.0166557419880045,0.0178665977989882,0.0187761665045674,0.0192893264336575,NA,NA,NA,NA,NA,NA,NA,NA,NA,NA,NA,NA,NA,NA
1,-0.0280356021885755,-0.0280356021885759,-0.0280356021885759,-0.0280356021885759,-0.0280356021885759,0.017476723162986,0.017476723162986,0.0174767231629862,0.017476723162986,-0.00439838656207973,-0.00439838656207988,-0.00439838656207966,-0.00439838656207966,-0.00439838656207973,-0.0468533843570032,-0.0468533843570033,-0.0468533843570032,-0.0468533843570033,-0.0761691052005151,-0.00568888650704991,-0.00568888650704983,-0.0844742424761512,-0.0844742424761512,-0.0479422335565915,-0.0598614304922568,-0.0598614304922569,-0.0598614304922567,-0.0483617787284399,-0.0725426680926597,-0.0301110575929921,0.0243989709692694,0.016565994307864,0.0129965342873818,0.0622167640914992,0.0114444872407105,0.00727098792785852,NA,NA,NA,NA,NA,NA,NA
1,0.380865033752214,0.117904749834255,0.223932843355898,0.126240040873636,0.109267474260748,0.020209711279515,0.0463087252461156,0.0762335792973834,0.107601949184398,0.0511802791137632,0.0420453160719509,0.0285418033241394,0.0124505830072188,-0.114974024402828,-0.0774399986664129,0.0410855844765053,-0.12262510350704,-0.09897435390417,-0.156547030671879,-0.184405089034871,0.0551463963660551,-0.0557306926759489,-0.120681033858148,-0.0614009544128265,0.105254440446366,-0.120456511164942,0.0575949647989036,0.0431103931324851,-0.0447165907129954,0.0611806558643533,0.0363594761196649,0.0719514534455976,0.224857932060132,NA,NA,NA,NA,NA,NA,NA,NA,NA,NA
1,-0.108899721533296,-0.108899721533295,-0.108899721533296,0.0116525151894752,0.0116525151894752,0.00189838579027633,-0.0109953096349399,-0.0101421930574865,-0.0213887363406922,-0.0124129943312775,-0.00912696965138776,-0.0179856684401701,-1.35403810862366e-05,-0.0520005142714812,-0.0112371370955625,0.00254966856245114,0.0188191246819808,-0.000686633574929115,-0.00451982583674961,-0.0152425872741921,-0.0175977034383757,0.00103469651458483,0.00928164043983926,0.0255028111261839,0.00579661782894745,8.34128848750636e-05,-0.0112737722802936,0.00118115325659554,0.00855707299070563,0.0157126014984793,0.0388382008208925,0.0332296258003433,0.0488176556566196,0.0213182336732875,-0.00928469362808344,-0.0287711212729556,-0.0782056361034198,-0.0511836348010721,-0.00745639739254544,0.0226464653104421,NA,NA,NA
1,0.0198336518030948,0.221112578666526,0.0287569842333589,0.0319943399748173,0.00503260952808008,-0.00589626055068789,-0.0148919928451015,-0.018469436247884,-0.0209555054350323,-0.0282666917586031,-0.0375663026085659,-0.0382276820771004,-0.0245412595822376,-0.0141012009468523,0.00216341601691204,0.0114099296764621,-0.103822974068472,-0.0834968262029413,-0.0794695821971851,0.21533205625741,0.0245600111959188,-0.0135337205616407,-0.0095228619331568,-0.00132286763671455,0.00216021349507367,0.000832182294873264,0.0047353478369359,0.0209179621678337,0.0439491593164497,0.0664406119322423,0.00926218553591776,0.00717409371865774,-0.00348350257058513,0.00222514320119342,0.0082486322316669,0.0346989854120688,0.0400887812219212,0.0429092431642437,-0.00665987357342868,-0.00714872046713233,-0.00732637196088115,-0.00736013743416009,NA
1,0.0763111301636634,0.0634301264732611,0.029761718087286,0.0209999205239584,0.0455141879798527,0.0417259274623809,0.0370473219273002,0.0327792852076723,0.0302401904697123,0.0287693663213726,0.0260525120368457,0.0208609991672806,0.014956098568266,-0.00354316212821284,0.025024297718742,0.034290377544023,0.0663849527108924,0.07094361200256,0.0716163195229557,0.0684703101093426,0.0612778536033708,0.045760028978675,0.0237249131771456,0.00173940670525445,-0.000112698806117251,-0.0891033769907262,0.0551542251492062,-0.0688057093968634,0.0102513097037791,0.00872758668476687,0.0230235366698516,0.0246667113942312,0.0206790283545974,0.0157167313600259,0.00841671497777442,0.028887485739159,0.03199793895321,0.0281838243920789,0.0350028054667959,0.0296542298211371,0.0261286202069391,0.0243658528563087,NA
1,0.143698186926841,0.300456615780123,0.242130284286925,0.00113385946942979,-0.00797772451506016,-0.0198298491485809,-0.0275472551061522,-0.0301703669059378,-0.030842204214746,-0.0340568099424428,-0.040739084061482,-0.045890341044007,-0.0420942983596743,0.0855758714359497,0.0767857425126698,0.0390424022384643,0.17478536407213,0.0079415206198995,0.0281443201797636,0.0607983292927372,-0.0405697776275091,-0.0449941370470983,0.0789758800042032,0.0729056246086213,0.053171631492483,0.0174179404746954,-0.0508177597710857,-0.0864888238041149,0.0206406905296173,-0.033452066861707,-0.0343374397636278,-0.0343455651444382,-0.532918679131107,-0.532918679131107,-0.532918679131107,1,NA,NA,NA,NA,NA,NA,NA
1,-0.0454610868897209,-0.120650631158617,0.216544455274294,0.27676880343337,0.110540174135666,0.0329730661480709,-0.0193599067194488,-0.0364631680400716,-0.0191453433898139,0.00207005357541996,0.0030259394144048,-0.00781122078495222,-0.016921190688723,-0.0240860922164495,-0.0251829980356756,-0.0214878430818361,-0.0920140321128066,0.0472611595866453,0.170145530041207,0.0267914900820158,0.0183777570205378,-0.0200369553683632,0.00373737077639428,0.00475332515905306,-0.0446353353540425,-0.126201195055673,-0.144249007181378,-0.0664006164940451,-0.00186424283385729,0.0711612418009696,0.0227817871132875,0.0524703380674219,0.0209470820726341,-0.0647606010317592,-0.0823853001853779,0.251519932318498,-0.0666080858138589,0.0357816860294085,0.190754397742686,0.061106368130398,-0.480134632729456,-0.991916635993825,NA
1,0.608400169358981,-1,-0.301029995663981,0,0.54275814974236,0.0817536537999335,0.0083102026167321,-0.0706706656764423,-0.0718881693100955,-0.0609554792355232,-0.0570837979230827,0.0186438975119048,0.0556269491429972,0.0552434688207188,0.0530890642912925,-0.0269896708644957,-0.0317049817857215,0.213780971437116,0.0152854198948892,0.0338399638478523,0.020293799129166,0.0157229334357917,0.0789557891215262,-0.00927418003766351,-0.062080279750316,-0.0125967739890207,-0.157604409787561,-0.0230045293840555,-0.158491877273256,0.0972398497943428,-0.188449193058656,-0.0545086119637234,0.101155903241634,-0.10516504655861,0.0962672989696538,-0.133537465267681,0.0165817269669418,0.0473006557358682,-0.0522489471667571,-0.0921758425097441,-0.113802067502711,-0.1138020675025,NA
1,0.133878916657267,-0.0751525494476636,-0.0755255540379888,0.000184506471046397,0.000184506471046397,0.000184506471046175,0.000184506471046286,0.000184506471046397,0.000184506471046397,-0.0357950075841579,-0.0160140730679815,-0.0160140730679815,-0.0160140730679818,-0.0212900035882188,-0.020698450773563,-0.0177566228635693,0.0655160923876671,0.0263929566119949,0.0199731172714336,-0.258387808919163,-0.012769484954743,-0.0206757426418355,0.0304397385551229,-0.00906810523624534,0.0477766473511291,0.0409270493390454,-0.025840048606658,0.117429045273423,0.138146476277559,0.0353585781364862,-0.224814668780279,-0.224814668780789,0.0595017522689634,0.0595017522689596,0.0595017522689536,0.142028754326835,NA,NA,NA,NA,NA,NA,NA
1,-0.0586970863518936,-0.0586970863518936,-0.11069829749369,0.0110527378478174,0.0110527378478169,0.0110527378478174,0.0110527378478174,0.0110527378478169,0.0110527378478174,0.0110527378478169,0.0110527378478174,-0.102662341897148,-0.330993219041424,-0.179986302939206,-0.0862154585209169,-0.175786363710299,-0.0210412314909147,-0.115175641063144,-0.0643559070768589,-0.241401555623081,0.0160570773644686,-0.0645775818737685,-0.114959969025793,-0.16869758134725,-0.0732882671483643,0.104187177416198,0.167800526785387,0.0266829593446734,-0.185175832067569,-0.257821825008711,-0.150563787179101,-0.0268880538152076,-0.189881904272487,0.00855531266177589,-0.383015338857791,-0.200713733964013,0.187698873250579,0.187698873250579,NA,NA,NA,NA,NA
1,0.0182939260397721,0.0166757070291663,0.0142483785132577,0.011066855105764,0.0239488199222404,0.0228348560414224,0.0206814603080366,0.0165196086852311,0.0104601523574132,0.00787341014325955,0.00481330128143629,0.00436261650102967,0.00558006341541315,-0.0124020894063686,-0.00364023603992921,0.00849470806710854,0.0167779798860868,0.0169182834784757,0.0107638356758895,0.00367584052314296,0.00086641366743873,-0.00110339075408039,-0.00350257655183805,-0.0067135239960655,0.00618181380044138,0.0224193773146896,-0.0511693776743618,-0.0106767718450695,0.00864072541352763,0.00855384701033239,0.00872233462845329,-0.00115421163876346,-0.0232419930122275,-0.0109423513482608,0.00981398836717684,0.0338845187916481,0.0535058214910096,0.0649663406370918,0.124035263448892,0.13814085751415,0.155687048125296,0.168276401670356,NA
1,0.0969100130080565,0.0850908350344353,0.0850908350344353,0.0850908350344355,-0.352182518111362,-0.1249387366083,0.0543576623225925,-0.0543576623225925,0.031234684152075,0.0312346841520748,0.0312346841520752,0.031234684152075,-0.227965977824862,-0.227965977824862,0.359021942641668,-0.726998727936262,1,-0.954242509439325,0.439332693830263,-0.740362689494244,NA,-0.0232510691453709,-0.0232510691453705,-0.0232510691453709,-0.0232510691453705,-0.0232510691453709,-0.0232510691453705,-0.0232510691453709,-0.0232510691453705,-0.0232510691453705,NA,-0.0654148812089796,-0.0654148812094064,-0.0654148812101327,-0.0654148812108863,-0.0654148812114433,-0.0654148812117424,-0.0654148812118505,NA,NA,NA,NA,NA
1,0.0707330460130886,0.0707672780010835,0.0708357419770822,0.0709384379410718,0.0710753658930661,0.0712465258330521,0.0713533636691204,0.0709607252371516,0.0698215318148101,0.0679988969984135,0.0657189206273117,0.0631974586171942,0.0605608406085758,0.0578836583535107,0.0552604658942029,0.0528090947343074,0.0506014333386684,0.0486021691876477,0.0465618585859486,0.0441569464573677,0.041165687449948,0.0375473422124362,0.0333689052999127,0.0289604903077914,0.0246768681496636,0.0207371136333183,0.0171804616169364,0.0140069121005082,0.0112164650840407,0.00880912056752958,0.00678487855098275,0.00514373903438869,0.00388570201775451,0.00301076750107931,0.00250644561323643,0.00230202778144317,NA,NA,NA,NA,NA,NA,NA
1,-0.64603392914822,0.857864713603492,0.857864713603492,-0.0499846856537438,-0.0166603502936409,-0.0163771390799405,-0.0144976426674408,-0.010762384362241,-0.00732359292102309,-0.00703268446165843,-0.0106666091297282,-0.0163103431055622,-0.0210426875510442,-0.0445714449998685,-0.0356390476313382,-0.0191065109518296,0.00732577771217529,-0.00647126701118853,-0.0123230068205351,0.0257247364010874,0.000840227442820529,-0.00166018853095531,-0.0397985228205086,-0.0120096909386511,-0.033755505817584,0.0257721096257034,-0.0302943571952922,0.0690037327421036,0.0486399744870332,0.0414397837617705,0.0512193874061937,0.0380028069108625,0.0658003439221796,0.110264634766303,0.0826876869505334,-0.222878493980008,NA,NA,NA,NA,NA,NA,NA
1,-0.446490399416883,0.0553491487468447,0.0553491487468447,0.0402214419446416,0.0402214419446412,0.0402214419446416,0.0402214419446412,0.0402214419446412,0.0402214419446416,0.0402214419446412,0.0402214419446416,0.0402214419446412,0.0402214419446416,0.0402214419446412,0.031449919336914,0.0314499193369142,-0.488660801635406,0.313408183971364,0.156986494422306,-0.107660093113577,0.0589714827348184,0.047998183113517,0.0343416364546443,0.0521204177572724,0.084012782244518,-0.0253606322818639,0.0162300400868211,-0.113722532277487,-0.00483232389169821,-0.0782160329743358,-0.0820610630158262,-0.0687357766454941,0.0183941556193954,0.0375823280749252,0.0415909925562303,0.0340623200223473,0.0340623200224051,0.0340623200224441,0.0340623200224597,0.0340623200224472,0.034062320022417,0.0340623200223931,NA
1,-0.452498357550667,0.0547152704269822,-0.0182445245354823,-0.0176875303828801,-0.01768753038288,-0.0176875303828801,-0.0176875303828801,-0.0176875303828801,-0.0176875303828798,-0.0176875303828801,-0.0176875303828801,-0.01768753038288,-0.0176875303828801,-0.0176875303828802,-0.0176875303828799,-0.01768753038288,0.316461433064743,-0.0895484876210187,-0.0895484876210186,0.156116976709676,0.156116976709676,0.156116976709676,0.33055482368348,NA,NA,NA,NA,NA,NA,NA,NA,NA,NA,NA,NA,NA,0.00224920721845079,0.149657836035287,NA,NA,NA,NA,NA
1,-0.308593147068097,0.321857440653192,-0.263796543118044,-0.0067506173552457,-0.0067506173552454,-0.00675061735524555,-0.0067506173552454,-0.0067506173552457,-0.0067506173552457,-0.00675061735524525,-0.0363804844817881,-0.0363804844817878,-0.0363804844817881,-0.0363804844817878,-0.0363804844817879,-0.036380484481788,-0.448282109392129,-0.306470437323705,-0.306470437323705,0.231695611917329,0.101490707862088,0.101490707862088,0.101490707862088,0.101490707862088,0.101490707862088,0.101490707862088,NA,NA,NA,NA,NA,NA,NA,NA,NA,NA,NA,NA,NA,NA,NA,NA,NA
1,-0.0100195890715993,-0.0100195890715997,-0.0100195890715993,-0.0100195890715993,-0.0100195890715993,-0.0100195890715997,-0.0100195890715993,-0.0100195890715993,-0.0100195890715997,-0.126528818878947,0.0489492677665816,0.0345552375965944,0.0345552375965946,0.0345552375965946,0.0345552375965946,0.0345552375965945,0.0345552375965945,0.0345552375965945,0.0345552375965945,0.0345552375965946,-0.0388076494115734,-0.0388076494115734,-0.0388076494115734,NA,NA,NA,NA,NA,NA,NA,NA,NA,NA,NA,NA,NA,NA,NA,NA,NA,NA,NA,NA
1,0.0876124543558348,0.0876124543566734,0.0876124543584198,0.0876124543609464,0.0577625242444249,0.0585945893736066,0.0602587196303141,0.0627275253716649,0.0658914480264426,0.0697230979519377,0.0742224751482008,0.0793895796151017,0.0853291198737176,0.0922864433016051,0.0992178706188838,0.104132151235372,0.106137334957683,0.103483384894196,0.0959789113385783,0.0850296420167627,0.072915846867326,0.0615861206921303,0.0518510726163766,0.0434702951746229,0.0274137491605376,-0.0101738188273383,-0.0177748407272679,0.00127819590738694,-0.00426867468616073,-0.0100396829806645,-0.0501250640504083,-0.0460757075812059,-0.0357399800930167,0.0134506395604044,0.0309873671149322,0.05120860943548,0.152281171689711,0.194682151849107,0.182974068055386,0.107872558619319,-0.00417344154537957,-0.106025392444524,-0.160884322219695
1,0.0334220129599583,0.0334220129599681,0.0334220129599861,0.0334220129600256,0.0334220129601132,0.0334220129602621,0.0334220129604554,0.0334220129606716,0.0334220129609141,0.033422012961197,0.0334220129615051,0.0334220129617905,0.0334220129620118,0.0334220129621643,0.0334220129622623,0.0334220129623112,0.033422012962312,0.0334220129622848,0.033422012962264,0.0334220129622685,0.0334220129622902,0.0334220129623169,0.0334220129623493,0.0334220129623863,0.0194034284525408,0.00538484394266936,-0.0039903681122011,-0.00399036811201903,-0.0039903681117619,-0.0039903681115484,0.0902141683175773,0.0489988365356597,-0.0149200692676317,-0.134861467433051,-0.0367053465646152,0.0719302939747123,0.141307509254384,0.29955122779366,0.351410284494329,0.301514305292551,0.203103492987482,0.114180361875884,0.0673394087022992
1,NA,0.0634109382508319,0.0679121832139554,0.076914673140222,0.0904184080296311,0.101671691377542,0.0851050261222097,0.0461240879631071,0.0153412567333122,0.0106897963840877,0.0208037600670905,0.0254881063660048,0.0229585227792821,0.0118097675847972,0.0214757408709918,0.0306262670018742,0.0301104398624677,0.0213752089062893,0.0151105980743072,0.0529685197519522,0.0580750842284038,0.0592672681398841,0.0543193272663114,0.0477083762191035,0.0444220929544041,0.0445845235360777,-0.00395701281877622,0.00207977126679817,0.0118815926815459,0.0214190957900805,0.0407337188013636,0.0467267492558649,0.00922032407530385,0.0634408827696757,0.109172246987703,-0.0593426767603554,-0.0510686793738487,0.0331778973632246,NA,NA,NA,NA,NA
1,NA,-1,1,-0.205419433539644,-0.205419433539644,-0.205419433539643,-0.102709716769822,-0.102709716769822,-0.102709716769822,-0.102709716769822,-0.102709716769822,-0.102709716769822,-0.102709716769822,-0.102709716769822,-0.102709716769822,-0.102709716769822,0,0.492830851618586,0.492830851618586,-0.9294604001938,-0.520931503140271,-0.520931503140271,0,0,0,0,0.00265156011855472,0.00623821118335077,0.0127408589161321,0.150143291635731,0.157258482695791,0.163101410533246,0.0142857574969268,0.017454107095926,0.0190811218441005,0.141362302769533,NA,NA,NA,NA,NA,NA,NA
1,NA,NA,NA,-0.0195656954506314,0.157023185190999,0.0370107757319924,-0.0719027316223801,-0.0570684041828888,0.0252800562642963,0.0481539700819478,-0.00143918787557462,-0.0334275492401406,-0.0179851408226461,-0.105227617502767,-0.132182745429981,-0.055343787662274,0.0121852370614358,0.0965463050543042,0.118691186186609,0.0652280102264015,-0.0095060982741447,-0.0153281489461253,0.0108661187558642,0.0309105772116316,0.0166527084636441,0.0244684821155741,0.0297064938149552,0.031805902785701,0.0775579671662703,0.053262698540582,0.0597513477512114,0.0812891679382006,NA,NA,NA,NA,NA,NA,NA,NA,NA,NA,NA
1,NA,NA,NA,0.427763457662467,0.31937185685378,0.159633450930913,0.0315374655053413,-0.0326517808065219,-0.0489734084255367,-0.0319921261228313,0.0119816542400935,0.0568822677815863,0.0648653536838211,0.0320621094385416,7.60148533722749e-05,0.00807595223864821,0.0494777444190106,0.0870607104535934,0.0954292421344944,0.0741843546513015,0.0320696817252122,-0.0215226343067978,-0.07135504072063,-0.0982449169835202,-0.0895372528011986,-0.0433385254418739,0.0296953018354067,0.0975877093525315,0.111695684993403,0.046357556743938,-0.0624002827507404,-0.141425468946268,-0.155504144980992,-0.138749847789151,NA,NA,NA,NA,NA,NA,NA,NA,NA
1,NA,NA,NA,0.00600945515737905,0.00600945515738172,0.00600945515738172,0.00600945515737772,0.00600945515736928,0.0060094551573564,0.00600945515733686,0.00600945515730711,0.00600945515725737,0.00600945515719342,-0.135312847388797,-0.0884081634903888,-0.0269362634072202,0.0191986183780209,0.0570387026274926,0.105197847159001,0.0606523418466445,0.00202885711453131,-0.00209982776596704,0.00524877408478561,0.0296442097560193,0.0394751507827269,0.0308946469693064,-0.0351746872187298,-0.0359956929027925,-0.123947514774652,0.0909680834740726,-0.0511068893864952,-0.0456352324144502,-0.0740730281678139,0.00316312329168267,0.0864947159389224,0.00600945515710949,0.00600945515710105,0.00600945515709661,NA,NA,NA,NA,NA
1,NA,NA,NA,0.0251445661124845,0.0251445661124627,0.0251445661124396,0.025144566112429,0.025144566112425,0.025144566112409,0.0251445661123499,0.0251445661122407,0.025144566112095,0.0251445661119156,0.0340456533557331,0.0340456533556902,0.0340456533557217,0.0340456533558003,0.0340456533559047,0.0340456533559965,0.0328354750537079,0.0545992501967084,0.053304674419716,0.0509563592743701,0.048099049440909,0.0359050939243341,0.0221170124067205,0.00136556645357382,-0.0409435840090729,0.00250413496470861,-0.0307634386806209,-0.0520789563123446,-0.0448659187141381,0.0093425381109579,-0.338964768282508,0.191778085655828,0.0251445661058947,0.0251445661058689,0.0251445661058645,NA,NA,NA,NA,NA
1,NA,NA,NA,-0.00309258369073895,-0.0031087612006393,-0.00286288531077639,-0.00228539829373609,-0.00139471302893335,-0.000301076544532375,0.00083047917976331,0.00201885278891667,0.00348957677854922,0.0052990935371291,0.0473903168959157,0.0486338680442057,0.0500412311577575,0.0515738287888974,0.0531466926455317,0.0546818008985695,-0.0116292795257905,0.0140825211892994,0.0338526236232697,0.0518543504389408,0.0601744171598067,0.0581544736763494,0.0515333157377993,0.0463198762681299,0.0432863238093532,0.0383687135395249,0.028414435160453,-0.00178149627479485,-0.0120846240239111,0.0469083706673481,0.0466494524802723,0.0464057308065118,0.0363496090953923,0.0361428070964656,0.0360635088443551,NA,NA,NA,NA,NA
1,NA,NA,NA,-0.602160696600635,-0.518617447614667,-0.333517934517575,0.0334426649289981,0.202412701021151,0.279251834583996,0.220449313625707,0.104265655005086,0.0192098935269427,-0.0539151901376036,-0.102003861001821,-0.0497484165791138,0.107663202823486,0.197044284659126,0.12121389552033,-0.00616752936856479,-0.0263122418013099,-0.00801741260840347,0.0128257884310127,0.0176569261285191,0.0293735997365653,0.052696010611255,0.0525214842939209,-0.192021527408352,0.049533551189742,0.168289805077135,-0.0806803031153902,-0.0319302898986786,0.0127740240640057,-0.0253569744219388,0.0281092058817644,0.000622298752681013,0.000726632957370225,0.0202346806026645,0.0308151846832307,0.0180116514522963,-0.0167238876762827,0.0323466556847924,0.0323466556847296,NA
1,NA,NA,NA,-0.0273001272063738,0.0243779363522963,0.0246656751337431,0.0251719619350541,0.0258141589928478,0.0885487260554944,0.0887617271433494,0.113511375335914,0.113472264125516,0.000446544787520746,-0.00154781309194507,-0.00189712815936124,-0.155361108482157,-0.100250253412335,0.277656935470681,0.0260469025790966,0.024696077262292,-0.0495238250894776,-0.0601698643318701,-0.00821945467337339,-0.032054692441325,0.106020569435508,0.117841268473061,-0.0699403588846857,0.0236247174715848,0.0181165583526985,-0.0479932150303066,-0.0521255568198297,-0.0549124110146599,0.0144619950264437,-0.003248117735005,0.00855128816584627,0.00815477913932949,0.0158432858413873,0.0156384375261105,NA,NA,NA,NA,NA
1,NA,NA,NA,NA,0.00732443274411043,0.0419531107722064,0.0427905606197766,0.0430319802548883,0.0417753024905123,0.0387625824816388,-0.0163921661033457,-0.019398877543358,-0.0198893779212465,-0.0175300949538659,-0.0135141723568348,0.0161605111590964,0.0190143410155164,0.0208704422210262,0.0221144759898094,0.0226109144503751,-0.0172605552424279,-0.0188429316017478,-0.0206762405683994,-0.0151263107819983,-0.0153046946831775,0.0103825299715881,0.0101525435746453,0.00898696898874041,0.00718747180658319,0.00540917138339803,0.00416652483837487,0.00360837032324068,0.0184601741326667,0.0184601741326671,0.0184601741326667,NA,NA,NA,NA,NA,NA,NA,NA
1,NA,NA,NA,NA,0.0223758351088601,0.0247208547566349,0.028885599245319,0.0324732354185049,0.0323856734691752,0.0276436117672847,0.0206848206121812,0.0152858626343113,0.0134477325813873,0.014916565013726,0.0191609272905451,0.0262134488818213,0.0349855404617097,0.0420842462983972,0.0438658484202492,0.0396955151100882,0.0323211814851729,0.0250524143764552,0.0194295505934134,0.0156104488847446,0.0135862824866118,0.0129880258558819,0.0125495302211198,0.0112456746794578,0.00994287907489433,0.0106068539287263,0.0134312400223962,0.0159817300847047,NA,NA,NA,NA,NA,NA,NA,NA,NA,NA,NA
1,NA,NA,NA,NA,0.0219382082504337,0.0253722196181985,0.0300176392692904,0.0288277355093795,0.0152605937021827,0.000777111300445443,-0.00968401272164376,-0.00464987515778892,0.0111912661018585,0.0216367912065508,0.0155940316241454,-0.00117221096283282,-0.0126036147128484,-0.00877307467018251,0.00654500377685152,0.0228707996925346,0.025352146844973,0.0277530424053064,0.0249072780472383,0.0178338475505082,0.00920908135503085,0.00505524275950708,-0.00403860946137691,0.0139722058759871,-0.0430325908126521,0.0204569383008733,0.0421965010915368,0.0378365224386802,NA,NA,NA,NA,NA,NA,NA,NA,NA,NA,NA
1,NA,NA,NA,NA,-0.00775546994232079,-0.064237682923161,-0.0512454034858998,-0.0269298477978678,-0.000674702472047595,0.014826160401411,0.0123372500689244,-0.00377372282793076,-0.0196934374102135,-0.00681127530228235,0.000657845361017715,0.0100666562504362,0.0124869348806212,0.254043076463625,0.219597250060128,0.10815719782368,0.0260368684608585,0.00795423316509418,0.0282515220914084,0.0538882821614524,0.042985242512673,0.0267034607015046,0.00678149740328378,-0.00702553150397787,0.0050154545632622,0.0343896145719,0.0549805352796149,0.07469929214889,0.0828533446764685,0.0154687474630922,-0.00854195275584729,-0.0208302834353098,-0.00116037019908544,-0.00291971548609737,-0.00195977207961762,-6.85262492937655e-05,0.0011169569387357,0.00140195684778099,NA
1,NA,NA,NA,NA,-0.0250368351457533,-0.0250368351457926,-0.0250368351458523,-0.0250368351459012,-0.0250368351459369,-0.025036835145988,-0.0250368351460628,-0.0250368351461605,-0.025036835146282,-0.0250368351464265,-0.0250368351465986,-0.0250368351468173,-0.02503683514708,0.0463444757705074,0.0463444757703877,0.0463444757702945,0.0463444757702135,0.04634447577013,0.0463444757700344,0.0463444757699322,0.0463444757698405,0.0308963171798535,0.0232740900044936,0.0176948373336484,0.0246998841328893,0.0095142751467433,-0.00208527398611713,-0.00866849008732273,-0.0112220155464872,0.117725786690334,0.117725786690328,0.117725786690305,0.117725786690289,0.117725786690281,NA,NA,NA,NA,NA
1,NA,NA,NA,NA,-0.0253689789526783,-0.0253689789526765,-0.0253689789526756,-0.0253689789526823,-0.0253689789526956,-0.0253689789527123,-0.0253689789527296,-0.0253689789527485,-0.0253689789527696,-0.0253689789527911,-0.0253689789528122,-0.0253689789528249,-0.0253689789528262,-0.0253689789528242,-0.025368978952828,-0.025368978952846,-0.0253689789528793,-0.0253689789529268,-0.0253689789529836,-0.0253689789530492,-0.0397777011156,-0.0397777011157346,-0.0397777011158866,-0.0397777011159208,-0.0541864232782396,-0.00708559525553554,-0.00708559525487018,-0.00708559525416053,-0.00708559525371971,0.0400152327683394,0.0400152327680716,0.0400152327678176,NA,NA,NA,NA,NA,NA,NA
1,NA,NA,NA,NA,0.0736529865508107,0.037233572227491,0.0366973200768106,0.0344028837780759,0.0284412612049743,0.0186718172720419,0.00710735277359786,-0.00325016080471041,-0.0117343844530018,-0.0604871262111356,-0.0624660459150589,-0.0619549796006728,0.0202453291473216,0.0186307244746042,0.0130270569823037,0.162206007421406,-0.0612289525348171,-0.0667833234880207,-0.0320687680070647,-0.0276454790615362,-0.0118636872806552,-0.00274113690923322,0.00556328730830535,0.00795583444791884,0.0152406911317423,0.0289199633810833,0.0192299686451596,-0.00020321385669627,0.0310676162395102,0.00966022337267168,0.0430078438621094,-0.109347341212453,-0.0149597148748593,-0.00764949324365638,-0.0143233426681677,0.0101740889762403,0.026665522441911,0.0332642960387743,NA
1,NA,NA,NA,NA,0.141693176450145,0.135036383070038,0.121722796309828,0.101752416169516,0.0768728740720475,0.527286223278813,0.0196423617523183,0.0124053578492447,0.00592268910046068,0.0187419180163579,0.0154259190562209,0.0125703784839812,0.0100913236570295,0.0083976639710596,0.00804297307460555,-0.0907075992851388,0.101023762192549,0.102753672233203,0.0900510139541109,0.0939094300418571,0.10366682095496,0.0804517492393289,-0.0988439104242924,0.0758888061471884,0.0721050417501964,0.065680658993069,-0.0294696182382388,0.0586167403328285,-0.130413311259841,0.050613199965265,0.0157093026305521,-0.0528635201621713,-0.0959788794329466,-0.0917903181149902,-0.0902037196052059,0.26710267213336,-0.0307881454351774,0.0521298094317143,0.054594076757789
1,NA,NA,NA,NA,0.0620889116295643,0.0620888912435071,0.0620888504713926,0.0620887901937405,0.0620887139326379,0.0620886247910329,0.0620885332962606,0.0620884482212306,0.0620883712035631,0.0620883022432575,0.0620882413403147,0.062088187127761,0.0620881351111184,0.0620880899997973,0.062088062215504,0.062088055151355,0.0620880613278947,0.0620880749283745,0.0620881090740151,0.0620881981411197,0.062088378687517,0.0632733265994712,-0.039044834513788,-0.0904742996262992,0.0355223576829533,0.0989845019084966,-0.0809620753997952,0.062090993809633,0.0620912582405166,0.0620914362550857,0.06209152813459,0.0620915550515555,0.062091549439347,0.0620915397584891,NA,NA,NA,NA,NA
1,NA,NA,NA,NA,NA,-0.00275256237322319,-0.00953990232795698,-0.0184330082888282,-0.0261382335365861,-0.0357065917076698,-0.0499098886235245,-0.0628827989527989,-0.0641748540979943,-0.0514135710386239,-0.0347986416461219,-0.0272795552661926,-0.0327501844330047,-0.0452331506974026,-0.0156328318711822,0.0739708111243367,0.0473899398907786,0.0260389339893307,0.00843366340570313,0.00806331429422675,0.0232758206808935,0.0230072369998068,0.00634658802143813,-0.0179264945002203,0.00241608454084543,-0.0262444940108032,-0.0228341490556023,-0.0370698943237929,-0.060534332807322,-0.00494571702144375,-0.0524525066759085,-0.0739855160428975,-0.0713868747328896,0.0013748671467706,0.0748601530955084,0.101312122171168,0.0765665470453119,0.0437543622139351,NA
1,NA,NA,NA,NA,NA,0.142446714806213,0.142446714806213,0.142446714806213,0.142446714806213,0.133304765501705,0.0970016769401667,0.043598066477273,0.00799968221618408,0.00421525281820527,0.0479784163449009,0.0662557693805822,0.0640005960766545,0.0674925907400411,0.07042984003143,0.0986659774805609,0.103662954326802,0.102454500438569,0.0700478733340881,-0.00416853985366971,0.0318467013967157,-0.0303841882244764,0.0303217778144558,0.0642924707162568,0.0821343669001321,0.0745083451028127,-0.12875711109103,0.0340133087480386,-0.0613290576393068,0.0228825194708975,0.0150323340114154,-0.0126172871320777,-0.00692286022623168,-0.023051117221244,-0.0142340016130504,0.00982209810867984,0.0446098101358046,0.0714654485135711,NA
1,NA,NA,NA,NA,NA,0.231039283438059,0.231039283438059,-0.0875644937341705,0.105254682217066,0.403503121478044,0.070811144200652,0.070811144200652,0.070811144200652,0.00281328034748768,-0.125114343320933,-0.0219102744101861,-0.00735035851385761,-0.0355686636257628,-0.0024385266108369,0.0191299215139873,0.0401550936530671,0.0384915218396786,0.0649717409443351,0.038783113658001,-0.0251597039945241,-0.00913336113526962,-0.0673381548267966,-0.00755530577121933,-0.0075762459482241,-0.00502512742402374,-0.00117777129477137,-0.000586892715224459,0.00772929202161564,0.0642171339465225,-0.0343031292999898,-0.0205029702185426,0.226003577155304,-0.133348620064146,-0.012757137946235,0.133622851632587,0.226360655991099,0.256474645570473,NA
1,NA,NA,NA,NA,NA,NA,0.0942368695286611,-0.0481261695653694,-0.171936372414489,-0.0971124488587978,0.134828178282462,0.255643302536505,0.0595781018581958,-0.325625680187945,-0.528114196963395,-0.326040534297327,0.0971907454533414,0.349473835165519,0.255816374310458,0.0141741537506068,-0.0767661361135776,0.0423903958396639,0.181514194531473,0.171394606579332,-0.014649372650279,-0.0622215872807729,-0.0612646694974393,-0.0374112393593005,-0.0232457116379246,0.086612437161266,-0.00626974793677754,-0.339087515962619,0.33357667860029,-0.059534752786932,-0.0756038117931748,-0.0756038117933899,NA,NA,NA,NA,NA,NA,NA
1,NA,NA,NA,NA,NA,NA,0.0163949729843158,0.0164759515042148,0.0167905502775609,0.0175012430317389,0.0186267083081488,0.0199834731460671,0.0212864248882194,0.0223323429252955,0.0231019152716569,0.0237026666497278,0.0242382991289574,0.0247348408935264,0.025154369505501,0.0207736110502944,0.0208362048125312,0.0207522828276847,0.0205202191328923,0.0201482301323505,0.0196464902464519,0.0190413748578968,0.0137970322017086,0.0133451434838283,-0.0524198887145693,-0.0493202996586819,-0.0549134595542958,0.015940130329709,0.0174991563430016,0.0168493279923521,0.0162488587775256,0.0157060248112506,0.015266946069064,0.0149902535692812,0.0148782587057648,0.014859990437547,NA,NA,NA
1,NA,NA,NA,NA,NA,NA,NA,0.168116134970408,0.187393810710229,0.0279022612743435,0.0875772996842898,0.0708775845394196,0.0474289209743282,0.0240561376394812,0.0116426796668577,-0.00303035804710309,-0.0143371278411354,-0.0174889074661309,-0.0110114287199051,0.00663467219800085,0.0974160596350636,0.0755997240206136,0.0885396791556272,0.081349180276285,0.0715951207285394,0.0628853783153058,0.0567450043846056,0.0512760631934071,0.0437853138463521,0.0348776753352616,-0.0428016840515285,0.0114311441965387,NA,NA,NA,NA,NA,NA,NA,NA,NA,NA,NA
1,NA,NA,NA,NA,NA,NA,NA,-0.425968732272281,-0.176091259055681,0.0499241580534725,-0.179991802918159,0.0365431439182523,0.0365431439182519,0.0365431439182519,0.0405700031359387,0.0405700031359383,0.0405700031359386,0.0405700031359384,0.122140273667025,-0.177736211293787,0.069304534500582,0.0371784720119061,0.0371784720119061,0.0371784720119058,0.0465035317559931,0.046503531755993,0.0353366577768752,-0.00855404864554747,0.00454998016128449,-0.0188544987302235,0.090739227353271,0.00897935757117666,-0.302661440623441,-0.0521164581334765,0.12873766696582,-0.100480823802663,-0.107305318918907,NA,NA,NA,NA,NA,NA
1,NA,NA,NA,NA,NA,NA,NA,-0.122630071075653,-1,0,0,0,0,0,0,0,0,0,1,-1,0.378102328266992,0.0811330395287332,0.0811330395287333,0.0811330395287332,0.0811330395287333,0.0811330395287334,-0.0787135470201314,-0.298234329528374,NA,NA,NA,NA,NA,NA,NA,NA,NA,NA,NA,NA,NA,NA,NA
1,NA,NA,NA,NA,NA,NA,NA,NA,NA,-0.00585654801584301,-0.00585654801584301,-0.00585654801584301,0.164510960495684,0.0393212639582621,-0.128127801225066,-0.324924358624172,-0.327582238529283,-0.109876459581343,0.132806096187917,0.220279042579867,0.155303032818523,0.0651978041750911,0.0392142760922663,0.0433289919206449,0.0563570413721193,0.0349875163689818,0.0234056210758506,0.0264515255387712,0.0401968920646822,0.023433733848426,0.0126636517041849,0.00899964230257947,0.00581523544039701,-0.00291421128708162,-0.0101909882521203,-0.00838971360954877,0.0289112017878665,NA,NA,NA,NA,NA,NA
1,NA,NA,NA,NA,NA,NA,NA,NA,NA,0.00510052700042407,0.00510052700042407,0.0278711875572377,0.0275823986087231,0.025418402513407,0.0204849320444855,0.0139727078543949,0.00780366054067316,0.00267133230507943,-0.00176717592344222,-0.00529562829122432,-0.00688074378276771,-0.00611906841377141,-0.0258441918396543,-0.0132658057099306,0.00760278555855826,0.0112250186807378,0.0148464963647799,-0.000649455022630474,-0.00389189125479444,0.072997088705773,0.0364985443517511,0.119115210084093,0.0498246417345742,0.0654945178363709,0.0409307360867259,0.0409307360863073,NA,NA,NA,NA,NA,NA,NA
1,NA,NA,NA,NA,NA,NA,NA,NA,NA,1,-0.0136910453478634,-0.0136910453478636,-0.0136910453478634,-0.0136910453478636,-0.0136910453478634,-0.0136910453478634,-0.0136910453478636,-0.0136910453478634,-0.0136910453478636,-0.0136910453478634,NA,NA,NA,NA,NA,NA,NA,NA,NA,NA,NA,NA,NA,NA,NA,NA,NA,NA,NA,NA,NA,NA,NA
1,NA,NA,NA,NA,NA,NA,NA,NA,NA,-0.753327666658612,0.311327469246435,0.311327469246435,0.311327469246435,0.311327469246435,0.311327469246435,0.311327469246435,0.311327469246435,0.311327469246435,0.311327469246435,0.311327469246435,NA,NA,NA,NA,NA,NA,NA,NA,NA,NA,NA,NA,NA,NA,NA,NA,NA,NA,NA,NA,NA,NA,NA
1,NA,NA,NA,NA,NA,NA,NA,NA,NA,NA,-0.0624693683041502,-0.0624693683041497,0.425968732272281,0.00464389382075699,0.0331251103531911,0.00385651784622151,0.0137047816578227,0.0225808046605817,-0.00895775505986766,0.0441696109030244,0.0446364356691624,0.0519369882187623,0.0331380219087388,0.0295579798489311,0.0614432180830717,-0.0310754613650361,0.0376040206717256,0.0342503334962667,0.0172101165114317,0.0073953244266534,-0.00299322698345679,-0.00162942059100191,-0.0417180520706534,-0.0121043715625041,0.0779537583848119,0.0141887404678136,-0.020646769977644,0.136969824029835,NA,NA,NA,NA,NA
1,NA,NA,NA,NA,NA,NA,NA,NA,NA,NA,-0.0103443253629899,-0.010344325363042,-0.0103443253632511,-0.0103443253636675,0.116749358979164,-0.0908183507692991,0.00644275767669483,-0.0103443253654674,-0.0103443253659278,-0.0103443253664883,-0.0103443253671125,-0.0103443253677574,-0.0103443253683909,-0.0103443253689759,-0.0103443253694684,-0.0103443253698368,-0.0103443253700688,-0.0103443253701724,NA,NA,NA,NA,NA,NA,NA,NA,NA,NA,NA,NA,NA,NA,NA
1,NA,NA,NA,NA,NA,NA,NA,NA,NA,NA,0.0350391610493479,0.0350391610493483,0.0350391610493479,0.0350391610493483,0.0350391610493483,0.0350391610493479,0.0350391610493483,0.0350391610493479,0.0350391610493483,0.0350391610493479,0.0180801796191647,0.0180801796191647,0.0180801796191652,0.0180801796191647,0.0180801796191647,0.0421258195136316,0.0421258195136311,0.0421258195136316,0.0421258195136316,0.0421258195136311,NA,NA,NA,NA,NA,NA,NA,NA,NA,NA,NA,NA,NA
1,NA,NA,NA,NA,NA,NA,NA,NA,NA,NA,-1,-0.698970004336019,0.819244628477319,0.819244628477318,0.0472524816476263,-0.402873494627534,0.0444439484284708,-0.183554517967458,-0.236193598031937,-0.125848099489221,0.142072255159968,0.210620385913733,0.146286736395371,0.0735732012026779,0.0654666029740179,0.0583182985990978,-0.0129895918454649,0.0348164057861027,0.165370714612267,-0.410321028608049,0.343368354182835,-0.0901303414108873,0.249163163925694,0.0827784685127955,-0.297896915386319,-0.382260412387224,-0.0797302837083556,0.247529346091917,NA,NA,NA,NA,NA
1,NA,NA,NA,NA,NA,NA,NA,NA,NA,NA,NA,0.0226885211273977,0.0226885211272911,0.0226885211270678,0.0226885211267742,0.0226885211265095,0.0226885211263386,0.0226885211262595,0.0226885211262249,0.0226885211262342,0.0226885211263328,0.0226885211265446,0.0226885211268142,0.0226885211270305,0.0226885211271326,0.0226885211271393,0.0226885211271188,0.0226885211271024,NA,NA,NA,NA,NA,NA,NA,NA,NA,NA,NA,NA,NA,NA,NA
1,NA,NA,NA,NA,NA,NA,NA,NA,NA,NA,NA,NA,-0.0518610292234696,-0.0518610292234696,-0.0518610292234691,-0.0518610292234696,-0.0518610292234696,-0.0518610292234691,-0.0518610292234696,-0.0518610292234696,-0.0518610292234691,-0.0518610292234696,NA,NA,NA,NA,NA,NA,NA,NA,NA,NA,NA,NA,NA,NA,NA,NA,NA,NA,NA,NA,NA
1,NA,NA,NA,NA,NA,NA,NA,NA,NA,NA,NA,NA,0.0323106208920643,0.0323106208921149,0.0323106208921731,0.0323106208921433,0.0323106208919479,0.0323106208915718,0.0323106208910762,0.032310620890549,0.0710993901204115,0.0674253886703493,0.0610507947168194,0.0536321507839193,0.0455811574520565,0.0360564378286396,0.0248603115182946,0.0136156288110083,0.00475122764891974,-0.000485173837583878,-0.00280352892686035,-0.00383547662083394,-0.017871622152438,-0.0184081309441233,-0.0185271258437927,0.0323106208764887,0.0323106208760322,0.0323106208756818,0.0323106208753852,0.0323106208751471,0.0323106208749913,0.0323106208749273,NA
1,NA,NA,NA,NA,NA,NA,NA,NA,NA,NA,NA,NA,NA,0.329834732287065,0.304837562147486,0.252240723848215,0.0801493983810847,0.0403051883497638,0.00561210073686325,-0.0122495913640192,0.0243286927233618,0.076362000122394,0.140696095495503,0.194707620584511,0.236052794063677,0.275741071578854,0.308808447650476,0.106608094300243,0.132301742998535,0.185163049218535,0.187861344069831,0.146593563184202,0.138175041059991,0.0786026653859086,0.0456892586522066,0.0363275894057428,-0.0587677298167275,-0.0457795181426071,-0.0152673667813197,0.0182097488076125,0.04119796586407,0.0505623495593572,NA
1,NA,NA,NA,NA,NA,NA,NA,NA,NA,NA,NA,NA,NA,-0.113620215069305,-0.0120627485895854,0.0975285300114142,0.10810417914156,0.00754678110916285,-0.113068279454959,-0.151841867649878,-0.0888324072706072,-0.0488962081167133,-0.0164503835391516,-0.00463184413817275,-0.00537891550280167,-0.0280410623856921,-0.0446840783711351,0.0591099144206852,0.0482205189209774,0.0556290796884052,0.0272141510170868,0.157290261519243,-0.0525307757302119,0.00506636453627574,-0.00914811636701274,-0.0363405564273964,-0.063445431947891,-0.0530665630670422,-0.00830185834310404,0.0331685062954521,0.0485319874490999,0.0468675981657167,NA
1,NA,NA,NA,NA,NA,NA,NA,NA,NA,NA,NA,NA,NA,0.0372868953673891,0.05581946762428,0.0647127178755902,0.0381498638983566,-0.0162176177299123,-0.0691654827893873,-0.136103660837345,-0.0700792760696494,-0.0813125436707014,-0.0898163867528467,-0.0868946316677216,-0.0683090504602255,0.0264050885976355,0.0782448409445577,0.126896151638012,0.164795739513667,0.185292571600837,0.108950859882536,0.10999217564246,0.110507400507918,0.110725926967314,0.110798757660891,NA,NA,NA,NA,NA,NA,NA,NA
1,NA,NA,NA,NA,NA,NA,NA,NA,NA,NA,NA,NA,NA,-0.441464322042836,-0.362374717449182,-0.244933088805599,-0.123591256685609,0.0169125002268423,0.195581650733934,0.367113692357316,0.252496103822792,0.201567779747091,0.0783092700910506,-0.073125996402033,-0.134825523102116,-0.103139222300276,-0.0487742550883518,-0.1399203043047,0.0686847151431919,0.291242794187799,0.0674417857856193,-0.0460064559646316,-0.0515674280567451,-0.0532893989373724,-0.0531240572949181,NA,NA,NA,NA,NA,NA,NA,NA
1,NA,NA,NA,NA,NA,NA,NA,NA,NA,NA,NA,NA,NA,-0.454529512405166,-0.10883827627822,-0.0568995819924389,-0.00173391915336337,0.0359767908101129,0.04743273019382,0.0384002747554593,0.384799867331106,-0.296195196267979,0.387356963590439,0.000394579569523434,-0.0086404193206428,-0.320566373376384,0.110709786184008,-0.105500538180344,0.00522147950443336,0.0184197428582273,-0.0119084150622916,-0.0947364228315811,-0.0583840050803828,-0.0121717779334977,0.00564735231068536,0.0406062853899765,NA,NA,NA,NA,NA,NA,NA
1,NA,NA,NA,NA,NA,NA,NA,NA,NA,NA,NA,NA,NA,0.0422409229458571,0.0422409229459022,0.0422409229459217,0.0422409229458515,0.0422409229456858,0.0422409229454485,0.0130679545146154,0.0130574023098469,-0.00490520553410708,-0.00506514010853143,-0.00533633418035902,-0.00567868275714193,-0.00671140196434644,0.0665759797417655,-0.0761892080806741,0.0257196615606253,0.0620315863044033,-0.0670533680849768,-0.0310748619765749,-0.0406532435966948,-0.0406532435967323,-0.0406532435967536,NA,NA,NA,NA,NA,NA,NA,NA
1,NA,NA,NA,NA,NA,NA,NA,NA,NA,NA,NA,NA,NA,0.00929928670381663,0.00929928670384061,0.00929928670388391,0.00929928670393809,0.00929928670400404,0.00929928670408176,0.00929928670416125,-0.0226664230586405,-0.0226664230586581,-0.0226664230587218,-0.0226664230588125,-0.0226664230588953,-0.0226664230589445,-0.0226664230589573,-0.0226664230589585,-0.0226664230589783,-0.0226664230590359,-0.0546321328223653,-0.0546321328225188,-0.0546321328226427,-0.0546321328227344,-0.0546321328227827,NA,NA,NA,NA,NA,NA,NA,NA
1,NA,NA,NA,NA,NA,NA,NA,NA,NA,NA,NA,NA,NA,-0.722790816450284,-0.597984781095252,-0.236474825184385,0.307179254898354,0.719244401299682,0.70265533421473,0.318581702817526,-0.0529603705894939,-0.120961245832405,-0.273962139948859,0.131996865323311,0.112381260128236,0.00682120740514088,-0.165867577293351,-0.090869105692301,NA,NA,NA,NA,NA,NA,NA,NA,NA,NA,NA,NA,NA,NA,NA
1,NA,NA,NA,NA,NA,NA,NA,NA,NA,NA,NA,NA,NA,0.00460155368507431,0.00460155368547088,0.00460155368605619,0.00460155368654114,0.00460155368686177,0.00460155368723214,0.00460155368788406,0.00460155368883264,0.00460155368987936,0.00460155369079773,0.00460155369145809,0.0809774699411787,-0.497699223154004,0.502300776846004,0.234820125122953,NA,NA,NA,NA,NA,NA,NA,NA,NA,NA,NA,NA,NA,NA,NA
1,NA,NA,NA,NA,NA,NA,NA,NA,NA,NA,NA,NA,NA,NA,0.0153391368960505,0.0153391368960503,-0.00341842276190951,0.00227147544318662,-0.0134077158525552,0.0178853578059825,0.0295347579804826,0.0375166310358176,0.0490822454669192,0.0589580369950013,0.0192744890158123,0.0193567934982896,0.0106809692531548,0.00532808922587482,-0.00603418221261387,-0.0261644010201177,-0.0281712391875514,-0.0292750800875132,0.0320459675151851,0.0253522452318574,-0.00132472617786183,-0.0294339705348703,-0.163914677719178,-0.147381976284562,-0.104033895082837,-0.0416966693225826,0.0264550530559066,0.0712348935171648,NA
1,NA,NA,NA,NA,NA,NA,NA,NA,NA,NA,NA,NA,NA,NA,0.0578098216422815,0.0552036133229143,0.0496624863137884,0.0414363160168518,0.0312566965920387,0.0205076760637746,0.0111663933299426,0.00466839270774067,0.000565351474111964,-0.00323907595974759,-0.00842867498574007,-0.0144192093932243,-0.018769583104703,-0.0194897133154126,-0.0168833703106674,-0.0132482944660164,0.0387209615316881,0.0702564610191807,0.036270076017245,-0.00290265714167148,-0.0333266999166151,-0.0451468561726442,-0.0370663742236053,-0.0165210243185143,0.00435735954062588,0.0157470427126949,NA,NA,NA
1,NA,NA,NA,NA,NA,NA,NA,NA,NA,NA,NA,NA,NA,NA,NA,NA,0.00185852678840037,-0.000450419868521901,-0.000777092841888538,0.00159003238785005,0.00206211279480895,-0.000715680532376806,-0.0025312539374085,-0.00253207648245513,-0.00597307674369274,-0.0138739236019121,-0.0183228371779764,-0.0128878409166661,0.00261131905716749,0.035487477218235,0.104947176010183,0.214801505178253,0.325786351843596,0.377111553109131,0.343998459124782,0.261744436726028,0.186109155934355,0.14129810401451,0.114699775869205,0.0894982379755993,0.0657518348494639,0.0521395471035024,NA
1,NA,NA,NA,NA,NA,NA,NA,NA,NA,NA,NA,NA,NA,NA,NA,NA,NA,0.0392110465011313,0.0392110465011313,0.0392110465011315,0.0392110465011315,0.0392110465011313,0.0392110465011313,0.0392110465011315,0.0392110465011313,0.0392110465011315,0.0392110465011313,NA,NA,NA,NA,NA,NA,NA,NA,-0.105235401792187,NA,NA,NA,NA,NA,NA,NA
1,NA,NA,NA,NA,NA,NA,NA,NA,NA,NA,NA,NA,NA,NA,NA,NA,NA,0,0.139794000867204,0.139794000867204,0.139794000867204,0.139794000867204,0.139794000867204,-0.132646669557346,-0.132646669557346,-0.132646669557346,0.176091259055681,-0.238560627359831,-0.238560627359831,0.349485002168009,0.349485002168009,-0.698970004336019,0,0.477121254719662,-0.477121254719662,0.602059991327962,-0.150514997831991,-0.150514997831991,NA,NA,NA,NA,NA
1,NA,NA,NA,NA,NA,NA,NA,NA,NA,NA,NA,NA,NA,NA,NA,NA,NA,-0.0557332933967625,0.0490924605774805,0.246056131268035,0.456610524175351,0.565577221402424,0.502046346646061,0.300646020635677,0.0797973795139771,-0.051061100255211,-0.0681228931365192,-0.0258551324650719,0.0105442831932221,0.0154132727876247,-0.00182540508666684,-0.0240170341199155,-0.0353314418989022,-0.0170606631074449,0.0412700706724848,0.119888736052569,0.174215024472944,NA,NA,NA,NA,NA,NA
1,NA,NA,NA,NA,NA,NA,NA,NA,NA,NA,NA,NA,NA,NA,NA,NA,NA,-0.00235390539347735,-0.75966784468963,0.775883388927822,NA,NA,NA,NA,-0.201289367716036,-0.163834625461791,-0.0967652724922212,-0.0208736805255236,0.0438730899123758,0.0887535466327303,0.115766689833494,0.13077117794129,0.137626316947876,NA,NA,NA,NA,NA,NA,NA,NA,NA,NA
1,NA,NA,NA,NA,NA,NA,NA,NA,NA,NA,NA,NA,NA,NA,NA,NA,NA,NA,NA,0.108137047087315,0.107986483231695,0.106003131546131,0.062373552816304,0.0554064826206954,0.0192882141151947,-0.0854535708145985,0.0207760590915545,0.174034606916959,-0.0351604178367561,-0.0210465346293627,0.0683077025656132,0.0557803466630334,0.198263321933079,0.0118518213861877,-0.0238188376834985,-0.0389265811144242,-0.0174943195560155,-0.0133285969755028,-0.00860849490032289,-0.00435916894139798,-0.00120656178426182,0.000410818390845558,NA
1,NA,NA,NA,NA,NA,NA,NA,NA,NA,NA,NA,NA,NA,NA,NA,NA,NA,NA,NA,NA,0.0923738823420895,0.0923705453144306,0.0923638712591128,0.0923538601761364,0.0921861997198049,0.0910003834696741,0.0875292875489584,0.0809645545366708,0.0713377693125006,0.0597312090223346,0.0478231652093289,0.0370485040042797,0.0281317263460599,0.0213033846812654,0.0167492180284073,0.014596156448176,NA,NA,NA,NA,NA,NA,NA
1,NA,NA,NA,NA,NA,NA,NA,NA,NA,NA,NA,NA,NA,NA,NA,NA,NA,NA,NA,NA,-0.242255490684886,-0.238220173309232,-0.231986281802655,-0.22562694058225,-0.218165339102536,-0.205805094123457,-0.185611549775338,-0.158527469259971,-0.128876016226387,-0.101422606174577,-0.0790343839311278,-0.0624533524838304,-0.0512946076292848,-0.0448296919188358,-0.0421181914931461,NA,NA,NA,NA,NA,NA,NA,NA
1,NA,NA,NA,NA,NA,NA,NA,NA,NA,NA,NA,NA,NA,NA,NA,NA,NA,NA,NA,NA,0.110041598658813,0.110041598658823,0.110041598658859,0.110041598658914,0.110041598658938,0.110041598658855,0.110041598658622,0.110041598658259,0.110041598657857,0.110041598657496,0.110041598657183,0.110041598656853,0.110041598656467,0.110041598656096,0.110041598655874,NA,NA,NA,NA,NA,NA,NA,NA
1,NA,NA,NA,NA,NA,NA,NA,NA,NA,NA,NA,NA,NA,NA,NA,NA,NA,NA,NA,NA,NA,-0.00856395987490255,-0.00856395987497638,-0.00856395987512271,-0.00856395987530933,-0.0085639598754732,-0.00856395987553604,-0.00856395987543812,-0.00856395987517311,-0.00856395987478786,-0.00856395987434266,-0.00856395987387182,-0.00856395987339009,-0.00856395987294034,-0.00856395987260383,-0.0085639598724454,-0.00856395987243919,-0.0085639598724816,NA,NA,NA,NA,NA
1,NA,NA,NA,NA,NA,NA,NA,NA,NA,NA,NA,NA,NA,NA,NA,NA,NA,NA,NA,NA,NA,-0.248826634408565,-0.187176809387893,-0.177002837032303,-0.287757087743712,-0.262937582626904,-0.0339812043969989,0.201664884918544,0.284974854137542,0.128210740150423,-0.178465976154375,-0.652377802479015,-0.433038066289976,-0.0347447177589962,0.197113759919238,0.184055132956131,0.0396842211707117,-0.13512670493435,-0.295333966843716,-0.393447615069217,NA,NA,NA
1,NA,NA,NA,NA,NA,NA,NA,NA,NA,NA,NA,NA,NA,NA,NA,NA,NA,NA,NA,NA,NA,NA,-0.146128035678238,-0.221848749616356,0,0.0474877566154283,0.333333333333333,-0.168753898328989,-0.0944697479716835,-0.0944697479716834,-0.0944697479716835,-0.0944697479716835,0,NA,NA,NA,NA,NA,NA,NA,NA,NA,NA
1,NA,NA,NA,NA,NA,NA,NA,NA,NA,NA,NA,NA,NA,NA,NA,NA,NA,NA,NA,NA,NA,NA,-0.27241813396055,-0.300829435411009,-0.347717376961437,-0.3933686434148,-0.422880372151631,-0.434764313930943,-0.437002845893946,NA,NA,NA,NA,NA,NA,NA,NA,NA,NA,NA,NA,NA,NA
1,NA,NA,NA,NA,NA,NA,NA,NA,NA,NA,NA,NA,NA,NA,NA,NA,NA,NA,NA,NA,NA,NA,-0.0299632233774432,-0.0321846833714012,0.0423428611744626,-0.0414861845849795,0.0333949755816338,0.0240152873554919,0.0240152873554807,0.0931188898855667,0.0931188898857067,0.0931188898859138,0.0931188898861723,0.0931188898864451,0.0931188898866698,0.0931188898867898,NA,NA,NA,NA,NA,NA,NA
1,NA,NA,NA,NA,NA,NA,NA,NA,NA,NA,NA,NA,NA,NA,NA,NA,NA,NA,NA,NA,NA,NA,0.0467829415881842,0.0387030571392595,0.0248111785017238,-0.00991221140337117,-0.0155831189016957,-0.0188367995513108,-0.0201160105545515,-0.0298889555245014,-0.0298889555245019,-0.0298889555245014,-0.0298889555245019,-0.0298889555245019,-0.0298889555245014,NA,NA,NA,NA,NA,NA,NA,NA
1,NA,NA,NA,NA,NA,NA,NA,NA,NA,NA,NA,NA,NA,NA,NA,NA,NA,NA,NA,NA,NA,NA,0,1,-0.173653900475371,0.0228120219666603,-0.0772675269196092,0.0324636299295662,-0.0857272112519407,-0.201597982089967,-0.201597982089967,-0.201597982089967,-0.201597982089967,-0.201597982089967,0,0,NA,NA,NA,NA,NA,NA,NA
1,NA,NA,NA,NA,NA,NA,NA,NA,NA,NA,NA,NA,NA,NA,NA,NA,NA,NA,NA,NA,NA,NA,0.160237232465451,0.134271637970421,0.0879475134438463,0.0400596666260264,0.012012574852261,0.0120539006330511,0.0286065698524136,0.0423795640621467,0.0490239114842497,0.0498542884760627,0.0521564300394124,0.0593070517274743,0.0646649557981174,0.0593191882200452,0.0443992823886754,0.0318904887240272,NA,NA,NA,NA,NA
1,NA,NA,NA,NA,NA,NA,NA,NA,NA,NA,NA,NA,NA,NA,NA,NA,NA,NA,NA,NA,NA,NA,NA,0.939519252618618,-0.264463738980126,-0.264463738980127,-0.113819426425796,0.260366272221463,0.260366272221457,-0.0551874111270843,-0.0551874111273521,0.0368248861272691,0.0368248861270284,0.0368248861270775,0.0368248861272062,NA,NA,NA,NA,NA,NA,NA,NA
1,NA,NA,NA,NA,NA,NA,NA,NA,NA,NA,NA,NA,NA,NA,NA,NA,NA,NA,NA,NA,NA,NA,NA,0,0,0,0.110924374808178,0.110924374808178,-0.132646669557346,-0.132646669557346,-0.132646669557346,-0.301029995663981,0,0,0.477121254719662,0.221848749616356,-0.0969100130080565,0.176091259055681,NA,NA,NA,NA,NA
1,NA,NA,NA,NA,NA,NA,NA,NA,NA,NA,NA,NA,NA,NA,NA,NA,NA,NA,NA,NA,NA,NA,NA,NA,0,0,0,NA,NA,NA,NA,NA,NA,NA,NA,NA,NA,NA,NA,NA,NA,NA,NA
1,NA,NA,NA,NA,NA,NA,NA,NA,NA,NA,NA,NA,NA,NA,NA,NA,NA,NA,NA,NA,NA,NA,NA,NA,0.00781516622748779,0.00719620715193731,0.00594630369067212,0.00423868566622565,0.00232515112649034,0.213874207924807,0.129216418563155,0.0031058956572097,-0.091261720011053,-0.110410289037634,-0.0732579369484445,-0.035444738969429,NA,NA,NA,NA,NA,NA,NA
1,NA,NA,NA,NA,NA,NA,NA,NA,NA,NA,NA,NA,NA,NA,NA,NA,NA,NA,NA,NA,NA,NA,NA,NA,0.243060220495043,0.230672948670899,0.207727395722906,0.108826249284153,0.0954189925423795,0.0833978388143934,0.0720652298525901,0.0603802948417691,0.0482317821704576,0.0368376091045051,0.018762662074434,0.00995188348727694,NA,NA,NA,NA,NA,NA,NA
1,NA,NA,NA,NA,NA,NA,NA,NA,NA,NA,NA,NA,NA,NA,NA,NA,NA,NA,NA,NA,NA,NA,NA,NA,0.282546589969968,0.0140663731876698,-0.0233360360659827,-0.273276927091655,NA,NA,NA,NA,NA,NA,NA,NA,NA,NA,NA,NA,NA,NA,NA
1,NA,NA,NA,NA,NA,NA,NA,NA,NA,NA,NA,NA,NA,NA,NA,NA,NA,NA,NA,NA,NA,NA,NA,NA,NA,0.0579919469776868,0.166947879615811,-0.166947879615811,NA,NA,NA,NA,NA,NA,NA,NA,NA,NA,NA,NA,NA,NA,NA
1,NA,NA,NA,NA,NA,NA,NA,NA,NA,NA,NA,NA,NA,NA,NA,NA,NA,NA,NA,NA,NA,NA,NA,NA,NA,NA,0.0457574905606752,-0.319136081991203,-0.319136081991204,0.28384554484835,0.28384554484835,0.0725506671486116,NA,NA,NA,NA,NA,NA,NA,NA,NA,NA,NA
1,NA,NA,NA,NA,NA,NA,NA,NA,NA,NA,NA,NA,NA,NA,NA,NA,NA,NA,NA,NA,NA,NA,NA,NA,NA,NA,NA,NA,NA,0.598164947444438,-1,-0.322219294733919,0.544068044350276,-0.502675359192051,NA,NA,NA,NA,NA,NA,NA,NA,NA
1,NA,NA,NA,NA,NA,NA,NA,NA,NA,NA,NA,NA,NA,NA,NA,NA,NA,NA,NA,NA,NA,NA,NA,NA,NA,NA,NA,NA,NA,0.0843208857000359,0.0367228070247398,-0.225779043244789,-0.0636690798693773,0.082974235064764,NA,NA,NA,NA,NA,NA,NA,NA,NA
1,NA,NA,NA,NA,NA,NA,NA,NA,NA,NA,NA,NA,NA,NA,NA,NA,NA,NA,NA,NA,NA,NA,NA,NA,NA,NA,NA,NA,NA,NA,NA,NA,-0.0216111490126774,0.0421976797944548,0.0669467896306135,0.053444319226966,-0.053444319226966,0.0885579386432904,NA,NA,NA,NA,NA
1,NA,NA,NA,NA,NA,NA,NA,NA,NA,NA,NA,NA,NA,NA,NA,NA,NA,NA,NA,NA,NA,NA,NA,NA,NA,NA,NA,NA,NA,NA,NA,NA,0.0669467896306133,-0.0917703733556454,0,0.274701056941632,0.0133639615579815,0.114954515701699,NA,NA,NA,NA,NA
