1,-0.035477293139567,-0.0330144289456209,-0.0230732397143285,-0.0111278725367043,-0.00239644736259947,0.0037385945241839,0.0112450760212228,0.0210214349429645,0.0294729244070977,0.0334239067123532,0.0339530854676786,NA,NA,NA,-0.0811364664235386,-0.0811364664235388,-0.0811364664235386,0.0402397931364527,0.0402397931364529,0.11636534198754,0.11636534198754,0.0074564318351078,0.00745643183510802,-0.1465805150983,-0.1465805150983,0.242695139484189,-0.044798240488082,-0.044798240488082,-0.0908037654190543,-0.0908037654190545,-0.0478153970844417,-0.0478153970844417,0.141772446171594,NA,NA,NA,NA,NA,NA,NA,NA,NA,NA,NA
1,-0.039064179989118,0.033721503741222,0.0865211840780855,0.0823341369846875,0.0483845953929518,0.0235366271085242,0.00563022013521142,-0.0279177089492939,-0.0681816346255935,-0.0755698800946099,-0.0341874905888386,0.0188159191730732,0.0331973171215107,0.00536529918944151,-0.0187345061031041,-0.0023321162342067,0.0360015323882963,0.0484723459201315,0.0225723598409795,-0.00330382859933742,0.00408362421933051,0.0532879180612814,0.0483370037071286,0.0295455161940122,-0.159611009221534,-0.144552645097368,-0.125375960794245,0.299514119747074,0.299514119747074,0.299514119747074,-0.152812873676565,-0.152812873676565,-0.0640149067927209,-0.0640149067927209,-0.0730640178391191,-0.0730640178391189,0.197395178041106,0.197395178041106,0.197395178041106,0.197395178041107,NA,NA,NA,NA
1,-0.262045130961312,-0.125806872116198,0.04444610300467,0.248713794401273,0.486996202073608,0.712861746877214,0.741254274601968,0.560323262262347,0.32461130147969,0.172126155402568,0.120613977949013,NA,NA,NA,NA,NA,NA,NA,NA,NA,NA,NA,NA,NA,NA,NA,NA,NA,NA,NA,NA,NA,NA,NA,NA,NA,NA,NA,NA,NA,NA,NA,NA,NA
1,0.000230535196544146,0.00253949121227226,0.00342392850219175,0.00344356338914231,0.00307482447953511,0.00170602305903733,-0.000894171025258128,-0.0036117632809014,-0.0056795035948789,-0.00812234232102149,-0.0118809570422584,-0.0152256866013074,-0.0150444473091071,-0.0108356538169265,-0.269146130415251,-0.267637688019438,-0.267136257397985,0.355034488641439,0.355948789554675,-0.108859343557991,-0.10839714620306,0.039403248256036,0.0400831162123485,-0.261967409695401,-0.262675820359411,0.285532360950643,-0.040225031468897,-0.0427233756561908,0.174113625189668,0.174336491906133,-0.0921228259354124,-0.090478102919013,0.166122096010809,-0.000660470201359953,0.000240788701450612,0.000174986190584647,-0.000151515760270726,NA,NA,NA,NA,NA,NA,NA
1,-0.0091908744086886,-0.0065838223496486,-0.00472251539310542,-0.00610373137120246,-0.00896962403056367,-0.00877289915236901,-0.00301096847234312,0.0023838532064028,0.00617290060802151,0.00803965626469161,0.0090229120969056,0.00857881452878786,0.00523973017846746,-0.000158333480273676,-0.00425441905274635,-0.00492221070140371,-0.00363122236065507,-0.00313082998932206,-0.00422713390107443,-0.00611068011305846,-0.00843816918975353,-0.0109400192576647,-0.0116350947415572,-0.00819596031846199,-0.00182508138238067,0.0032240498020526,0.00232361495798883,-0.00161471643392663,-0.00222575298454775,0.00140778009404063,0.00384573628140061,0.00108747724036617,-0.00407430451169155,-0.00643753358717492,-0.00568309587957772,-0.00613766736273291,-0.0100977070477644,-0.0148136815378488,-0.0168913478377741,-0.0167546852477045,NA,NA,NA,NA
1,-0.00754903702243082,-0.00813330296994273,-0.00982397846289244,-0.010588806281116,-0.00977379258158344,-0.00783722846462614,-0.00575533105142106,-0.00470916666773247,-0.00527580955093648,-0.00647145264072996,-0.0065686993796413,-0.00562789158526267,-0.00626325272678016,-0.0106082683969898,-0.017125669512622,-0.0220233266404468,-0.023501497780188,-0.0225262198586371,-0.0192879984666823,-0.0119220326842896,-0.000747542466711881,0.0086275485763489,0.0100846227927795,0.00456803278508261,-0.000467380870938616,6.29868283180679e-06,0.00315078198100444,0.00335619073726057,2.67293607923436e-05,-0.00267031151941682,-0.00235930120262456,-0.00120042851316865,-0.00186068233408099,-0.00376370114111674,-0.00466279960086824,-0.00388232763818264,-0.0023096171742823,-0.000424572150124758,0.00191219228950978,0.00426264759940093,0.00571018732033113,0.00607742024400737,0.00602288311008342,0.00601268222718576
1,0.0869663100421116,-0.00787843824898986,-0.0163790725401112,0.04764579126303,0.0846955452582406,0.0401791890522828,-0.099259298223003,-0.0654376707817702,0.0111088958081391,0.0789313002431235,0.077660147359639,0.0443962125146726,0.000897773616761702,-0.0302897453766081,-0.0317115039710928,-0.012059848322373,0.0079372994703637,-0.000181569815696006,-0.0149157224545117,-0.0210764069288922,0.0046233299930976,0.0144652755040612,-0.0260395504371431,-0.0761299212963991,-0.059844165496825,-0.010474156785419,0.0400617080231212,0.0246039666616394,-0.036182295339881,-0.0655588714460002,-0.0280532618401236,0.0259393582707703,0.0263765157954495,-0.0300542315831141,-0.0844260713611301,-0.0950553099046041,-0.0813513436179478,NA,NA,NA,NA,NA,NA,NA
1,-0.0188229097403678,-0.0188229097403678,-0.0188229097403679,-0.0188229097403678,0.0300612416593188,0.0300612416593188,0.0300612416593189,0.0300612416593188,0.0300612416593188,-0.00777995014434629,-0.0077799501443464,-0.00777995014434629,-0.0077799501443464,-0.0125891273080205,-0.00877631290744973,-0.00877631290744962,-0.00877631290744973,0.0210172485823631,0.021017248582363,0.021017248582363,-0.017973371011901,-0.0697255598389421,-0.069725559838942,0.0356247031899724,0.0356247031899724,0.0356247031899725,0.0356247031899724,-0.0347621062592119,NA,NA,NA,NA,NA,NA,NA,NA,NA,NA,NA,NA,NA,NA,NA,NA
1,0.0358018184814917,0.023929695832468,0.00859609152872309,-0.00464551516950529,-0.012391002583434,-0.0141787042317709,-0.0114518222666735,-0.0074135636941719,-0.0065092501336661,-0.0116773796452483,-0.0214194430089911,-0.0304849666722173,-0.0341500494736691,-0.0317518178413794,-0.0262547369663126,-0.0213669492130242,-0.019535672093177,-0.0214925265902464,-0.0260280125510679,-0.0302679688341492,-0.031816155542737,-0.0313317456852333,-0.0318893505933699,-0.0350814263395334,-0.0389278753548989,-0.0407385376527882,-0.0409007087948146,-0.0420269392390562,-0.044822598725017,-0.0468532708993648,-0.0457465721170571,-0.0418611556294,-0.0370664804487939,-0.0324394626334623,-0.0282991634937391,-0.0253078155987634,-0.0240416130390315,-0.0239696332788126,-0.0240337410866873,-0.0239236070014917,NA,NA,NA,NA
1,-0.0300660140400918,-0.0373534845813808,-0.0402100521891742,-0.0403158755353461,-0.0434919791339408,-0.0443179966480797,-0.0341190988097851,-0.00397465791914353,-0.000561681497933231,-0.00646635601193291,-0.00865337647478603,0.00159052535843784,0.0150876021290338,0.0178374153243617,0.0113964316628534,0.00950870808120818,0.016754183295957,0.0226002660383955,0.0191049568365502,0.0131229489023512,0.0124426242538842,0.0165758801318943,0.0173294635806323,0.013089298740022,0.009067587740339,0.0206441868951304,0.0180988694608404,0.0157744643977615,0.0136845887456447,0.0118274509009009,0.0101518046513895,0.00859720006581721,0.00715206866146367,0.005850021324739,0.00472335463138585,0.00378547192704648,0.00305182797189563,0.00254555840428772,0.00226577884505286,0.00216138939525301,NA,NA,NA,NA
1,-0.0161536386406058,-0.0181273248396714,-0.026187986234484,-0.0304270064105481,-0.0320957564218827,-0.033247398137233,0.0132821515486441,0.0158068152457539,0.0197509918321776,0.0237882980089652,0.0288525832109185,0.0364720485066169,0.0447113442580697,0.0487791809338451,0.0462958571687294,0.0396554460851772,0.0325458172472528,0.0264845205410332,0.0217708016489591,0.0193097221707531,0.0193882482777912,0.0201896076577105,-0.0117675616537664,-0.0127356254231588,-0.0124304974929273,-0.0489274888962057,-0.045821876105503,-0.0442151853869743,-0.0536958711717347,-0.0496547456152344,-0.0413580958201526,-0.0299269120187887,-0.0180655519210419,-0.00883812999949252,0.0294902692229291,0.0303202136406671,0.0228114521796878,0.00994541353646694,-0.00259286943371162,-0.00969226297922088,NA,NA,NA,NA
1,-0.00336865710428835,0.0255628259212086,0.0503757165790359,0.0718110505373222,0.0844140060967229,0.0739494622874104,0.0639365293338394,0.054478998499683,0.0589622001569476,0.0869773427975469,0.137425831977728,0.166988957881788,0.0425648151245932,-0.0527033018372851,-0.0938237919850717,-0.0484622235430834,0.0159530222338446,0.0245664077538565,-0.0110449853892698,-0.0252068354336492,0.00193647706703359,0.0247722681553242,0.00989364372652179,-0.0153781663993557,-0.0136766310863594,-0.000177231814509682,-0.0162774730964594,-0.057045170303101,-0.0682951700379011,-0.0213596317757245,0.0448871626456864,0.0741510224727602,0.0583225412115951,0.0288566935739443,0.00313880305344139,-0.0253938814681876,-0.0493314357984902,-0.03972962707818,0.00814142571446563,0.0525420534806944,NA,NA,NA,NA
1,-0.00272434806386723,-0.00272434806360256,-0.00272434806325705,-0.00272434806284405,-0.00272434806238619,-0.00272434806192923,-0.00272434806150335,-0.00272434806111788,-0.00272434806077193,-0.00272434806046817,-0.0027243480602106,-0.00272434806003075,-0.146330338651264,-0.271458948905582,-0.212999632111876,-0.113676104269104,-0.0123825354425202,0.0439196055750353,0.0446847045634522,0.0177575486441777,-0.00777779679126311,-0.0252562658959876,-0.0369173475237634,-0.0359833351510943,-0.0155759057241882,0.013403461320924,0.0285818594102301,0.0201083053264588,-0.00177996770507338,-0.0225042155639787,-0.0348519684699884,-0.0334074178887835,-0.0123843466852005,0.0203389248424575,0.0375068162772951,0.0175656401511555,-0.0257631816281618,-0.0543638882086217,-0.0501433784240968,-0.0342026078889965,NA,NA,NA,NA
1,-0.138591540436425,-0.147103157965705,-0.130452945537775,-0.0867031916329855,-0.0287771578397593,0.0653100539003697,0.0813912477358936,0.0862876323544857,0.0838190087242749,0.0789074400176806,0.0708921464552916,0.0927706324320656,0.0451206874237098,-0.00276305086259576,-0.0289543003701649,-0.0282745648747698,-0.0159131628276965,-0.0100430188107286,-0.0136974875957847,-0.0161938709375624,-0.00933452576979388,0.00293657730861963,0.0109503042420158,0.0103264361477455,0.0039071104810029,-0.00403001377217294,-0.0113417344231888,-0.0166077180116373,-0.0181053236499036,-0.0154619423058842,-0.010129025924412,-0.0031972604311532,0.0051294660597403,0.0125922319710767,0.0140940694238276,0.00716037259479751,-0.00280872899673579,-0.00667737090014509,-0.00199787980546517,0.00407838677842243,NA,NA,NA,NA
1,0.0314972424771747,0.0400482569992033,0.0400482569992031,0.305715350485468,0.305715350485468,0.305715350485468,-1,0.0948592622001537,0.0948592622001537,0.0948592622001538,0.0266065083320269,0.0266065083320269,0.0266065083320267,0.0370180697160519,-0.034876540208191,-0.034876540208191,-0.0348765402081909,-0.206703051829781,-0.206703051829781,-0.0866221869858291,-0.0866221869858292,-0.0134000713474522,-0.0440896726740021,-0.161185360774809,-0.161185360774809,0.061935178324948,0.0619351783249482,0.0619351783249481,0.0607595121715736,0.0607595121715736,0,NA,NA,NA,NA,NA,NA,NA,NA,NA,NA,NA,NA,NA
1,0.00814520679007824,0.00723338414502095,0.00425132989576849,0.000314917742769261,-0.00224757551497135,-0.00218808879541044,-0.000590556776106865,0.000495098164347674,0.000187748983392133,-0.000951863212474535,-0.00213544074700422,-0.00275806424378455,-0.00193773424410093,0.000731165883064655,0.00345151230471075,0.00281174076794155,-0.00252537702038058,-0.00953053603254794,-0.0136511018812158,-0.0135318585217288,-0.0114762543741556,-0.00960079380805201,-0.00757834107288158,-0.00466855077084727,-0.00190310022705464,-0.000742866389535024,-0.000835707277086151,NA,NA,NA,NA,NA,NA,NA,NA,NA,NA,NA,NA,NA,NA,NA,NA,NA
1,0.454465797110363,-0.450876504796802,-0.450876504796802,-0.014989048505508,-0.0149890485055075,-0.0509506453368576,0.271053290533269,-0.0881320674428818,-0.0888725875268908,-0.086494350621199,-0.0792164820535297,-0.0674349201953841,-0.0536379150013908,-0.0408491882678668,0.0224924357831662,0.034965481610715,0.0396986494201914,0.0365355687822686,0.0259369004507239,0.00998073699067659,-0.00803235610635511,-0.0251551784347828,-0.0394434085455706,-0.0492276884809133,-0.052802814306895,-0.0494733021567546,-0.0402872606042588,-0.0268609626643239,-0.00970143295957726,0.0306998523295651,0.0425004610849467,0.0534705677594121,0.0614898663345436,0.0660791185967584,0.0684025195856355,0.0698079824119794,0.0707780735731967,0.0712493941195969,0.0713393032740798,NA,NA,NA,NA,NA
1,0.167612753803408,-0.156842914875353,-0.156842914875353,-0.124881095824221,-0.124881095824221,-0.124881095824221,-0.764535888250246,0.200798996128652,0.200798996128652,0.200798996128652,0.200798996128652,0.200798996128652,0.200798996128651,0.200798996128652,0.058200709364407,0.0582007093644075,0.058200709364407,0.0582007093644075,0.058200709364407,0.058200709364407,0.0582007093644075,0.058200709364407,0.0582007093644075,0.058200709364407,NA,NA,NA,NA,NA,NA,NA,NA,NA,NA,NA,NA,NA,NA,NA,NA,NA,NA,NA,NA
1,0.00288461126431994,0.006647263550283,0.0121493072956973,0.0183762873091577,0.0239743923303974,0.0279500015097067,0.0303705355134793,0.0322215335362097,0.0342544860216103,0.0360520910382949,0.0365938209236933,0.0357582084731449,0.034749891552365,NA,0.0489595735985007,0.0484981034058389,0.0471319950580433,0.0445850195272666,0.0410721231402924,0.0371530643805085,0.0333697946049329,0.0299974011653612,0.0269650938546158,0.0238605001624443,0.020016681154265,0.0146789550334243,0.00720808503376746,-0.00260841055144834,-0.0141394094427625,-0.0258819231363536,-0.0363804657547977,-0.0455471658392357,-0.054790039937584,-0.0653346897123943,-0.0764476311939251,-0.0857600282637239,-0.0914378526362349,-0.0936840336299976,-0.0940798692257065,-0.0940074580574222,NA,NA,NA,NA
1,0.203779878906444,0.136357881244982,0.0710064920430822,0.0237080102412086,0.0258277275647671,0.0536535104073232,0.0689848359841102,0.0454293774435218,0.0306217071603486,0.0249051733743976,0.0365133219048579,0.07524764645568,0.0733869642054579,0.0365531857378852,0.0077062473968922,-0.00540553922813039,0.00258257171495107,0.0045085389394454,-0.00516939163063692,0.0105999050270503,0.0105963720844324,-0.0186515120336462,-0.0180501345342714,-0.0464825598467806,-0.0536457571545174,0.121759376916846,-0.0400070741150179,-0.030272004325775,-0.196263628572832,-0.184734833625257,0.163334250073512,0.16485894688986,-0.109089492757096,-0.0123654370466516,-0.0238927178131559,-0.0302820345845133,-0.0296446659264828,-0.0243633725456691,-0.0186793764000509,-0.00342966323107019,NA,NA,NA,NA
1,NA,0.0469614408825842,0.0471315149356055,0.0472563258275978,0.0468919804077261,0.0457490547739292,0.0243813260385437,0.0252962586312879,0.0267945711553463,0.0274940530881405,0.0277637274037059,0.0291455391589124,0.0320768064494064,0.0351890552435425,0.0386315395925278,0.0388482334283484,0.0385854285413877,0.0687966252015011,0.0673509943612374,0.0137686749956174,0.0107444451018557,-0.0562532585849459,-0.0590247526739014,0.0437270713557741,0.0418807623933749,0.018850548142299,0.00924669726631544,0.0100324679352015,0.064404318399041,0.0659001385652265,-0.00217512931604791,-0.00128049928177032,-0.0558296652295458,0.0215198900255329,0.0197218938586072,0.0167494559969432,0.0133778005003355,0.0111974869356155,NA,NA,NA,NA,NA,NA
1,NA,0.0321579968516705,0.0285022205130693,0.0220256963093515,0.0154639547870983,0.0109317388907033,0.00742834924192859,0.00250052701632431,-0.00317093723169558,-0.0044665655385316,0.00329457919142073,0.0188337880430845,0.0357924099113135,0.0488010254315489,0.0570954257062656,0.0622871760986752,0.064847219365479,0.064025323975911,0.0596810268647365,0.0523143415251692,0.0417781706155286,0.0275695783487533,0.0103535653735233,-0.00810193289297534,-0.0328542394486006,-0.0398032821318335,-0.0432436535052341,-0.0418725580365267,-0.0360443417259189,-0.0285212435351957,0.0246660084310788,0.0308081622290401,NA,NA,NA,NA,NA,NA,NA,NA,NA,NA,NA,NA
1,NA,NA,-0.0574015750159358,-0.0580589551095603,-0.0574870591563688,-0.0538536706107107,0.0595048673482428,0.0632732151530454,0.0669176413244787,0.0706371651105004,0.0749410699169719,0.0797232028081846,0.0730910334845252,0.0740697158797494,0.0680586999304309,0.0727468240273461,0.0418418244373394,0.0241417557127402,0.0376372564448822,0.0804738584874297,0.128020723030497,0.150794614082458,0.137010398353586,0.0986850180393063,0.0590006046134117,-0.0927496142509394,-0.0860714416500841,-0.0356122844509255,0.0272834394882935,0.0583482800085395,0.0325101921787496,-0.0284401767392986,-0.070740953325334,-0.0598796882997163,-0.0122649276202598,0.0298976784305793,0.0474621133959214,0.0558133218898345,0.0715059681630716,0.0869897683067133,NA,NA,NA,NA
1,NA,NA,NA,NA,NA,0.00563683179297847,0.01493971399114,0.0335454783874338,0.0614541249818883,0.0960026810364507,0.0704670229782858,0.0731522221795506,0.0635226963514408,0.0496568176235175,0.0414361886488179,0.0398847078407494,0.0373080666934387,0.0288670043139829,0.0202051715714289,0.0204688549946783,0.0300204984084056,0.0391839621489725,0.0390744594625088,0.0299914688035869,0.0180838544310395,0.00753250407527917,-0.000836862554164597,-0.00556425047566167,-0.00405568413487201,0.00303891136641576,0.0104150002970473,0.013155787570823,0.0113894411026783,0.00813376496391482,0.00445110167374985,-0.000387587578501769,-0.00486830433491425,-0.0052415994251267,-0.000843566652931838,0.00367051705991361,NA,NA,NA,NA
1,NA,NA,NA,NA,NA,NA,0.0303468303837469,0.030346830383277,0.0720591960822848,0.0720591960819131,0.07205919608175,0.0720591960817873,0.0720591960818802,0.0720591960818551,0.0720591960816379,0.0720591960812798,0.0720591960808896,0.0720591960805599,0.0720591960803332,0.0720591960802275,NA,NA,NA,NA,NA,NA,NA,NA,NA,NA,NA,NA,NA,NA,NA,NA,-0.128753577056155,-0.128753577056155,-0.0454129491051565,-0.365116186874901,0.265846341176001,-0.573310446845392,NA,NA
1,NA,NA,NA,NA,NA,NA,0.00872393609106981,0.00872393609106981,0.00872393609106981,0.00872393609106981,0.00872393609106981,0.00872393609106981,0.00872393609106936,0.00872393609106981,0.162762537578272,0.162762537578272,0.162762537578272,-0.23323888625357,-0.23323888625357,0.0043619680455349,0.0043619680455349,0.24196282234464,0.24196282234464,0.0043619680455349,0.0043619680455349,0.769633013247363,0.516902198492579,0.516902198492578,-0.435807538910239,-0.435807538910239,-0.0810946595823397,-0.0810946595823396,-0.205712279896115,NA,NA,NA,NA,NA,NA,NA,NA,NA,NA,NA
1,NA,NA,NA,NA,NA,NA,0.012505752472363,0.0125057524723629,0.012505752472363,0.0125057524723629,0.012505752472363,0.0125057524723629,0.012505752472363,0.012505752472363,0.012505752472363,0.012505752472363,0.0125057524723629,0.0125057524723629,0.012505752472363,0.012505752472363,0.0125057524723629,0.012505752472363,0.012505752472363,0.0125057524723629,0.012505752472363,NA,NA,-0.0883918270447284,-0.0883918270447284,-0.0883918270447284,0.0623290469803965,0.062329046980397,-0.00396626991829052,-0.0231193625851538,0.0265764432169993,0.0303413810669251,0.0642038102482418,0.0462298311953298,-0.194223365661607,NA,NA,NA,NA,NA
1,NA,NA,NA,NA,NA,NA,0.0302583023833867,0.0302583023833867,0.0302583023833867,0.0302583023833867,0.0737049559703258,0.0702526457965083,0.0640681049907177,0.0571166965235963,0.0314827957337308,0.0280762206407498,0.0248763480917993,0.118987253480418,0.116954199338568,-0.0392757684756468,-0.0376207269270659,0.0593277508154018,0.0590587412356555,-0.0286866532903329,-0.033949336938176,0.163220328114277,-0.00863250913447011,-0.0165345029198471,-0.020702995769164,-0.0223983994387877,NA,NA,NA,NA,NA,NA,NA,NA,NA,NA,NA,NA,NA,NA
1,NA,NA,NA,NA,NA,NA,0.0228720475807473,0.0228720475807473,0.0228720475807472,0.0228720475807473,0.0228720475807472,0.0228720475807473,0.0228720475807473,0.0228720475807473,0.0228720475807473,0.0228720475807473,0.0228720475807473,0.0228720475807473,0.0228720475807473,0.0228720475807473,0.0228720475807473,0.0228720475807473,0.0228720475807473,0.0228720475807473,0.0228720475807473,NA,NA,NA,NA,NA,NA,NA,NA,NA,NA,NA,NA,NA,NA,NA,NA,NA,NA,NA
1,NA,NA,NA,NA,NA,NA,0.0409553289675602,0.0409553289675602,0.0409553289675602,0.0409553289675603,0.0409553289675602,0.0409553289675602,0.0409553289675602,0.0409553289675602,0.0409553289675603,0.0409553289675602,0.0409553289675603,0.0409553289675602,0.0409553289675602,0.0409553289675602,0.0409553289675603,0.0409553289675602,0.0409553289675602,0.0409553289675601,0.0409553289675603,NA,NA,NA,NA,NA,NA,NA,NA,NA,NA,NA,NA,NA,NA,NA,NA,NA,NA,NA
1,NA,NA,NA,NA,NA,NA,-0.0489167855639101,-0.0489167855639101,-0.0489167855639102,-0.0489167855639101,-0.0489167855639102,-0.04891678556391,-0.0489167855639102,-0.0489167855639101,-0.0489167855639102,-0.0489167855639101,-0.0489167855639102,-0.04891678556391,-0.0489167855639102,-0.0489167855639101,-0.0489167855639102,-0.0489167855639101,-0.0489167855639102,-0.0489167855639101,-0.0489167855639102,NA,NA,NA,NA,NA,NA,NA,NA,NA,NA,NA,NA,NA,NA,NA,NA,NA,NA,NA
1,NA,NA,NA,NA,NA,NA,0.0898721145314703,0.0898721145314705,0.0898721145314703,0.0898721145314703,0.0898721145314705,0.0898721145314703,0.0898721145314703,0.0898721145314703,0.0898721145314705,0.0898721145314703,0.0898721145314705,0.0898721145314703,0.0898721145314704,0.0898721145314703,0.0898721145314704,0.0898721145314703,0.0898721145314705,0.0898721145314702,0.0898721145314704,NA,NA,NA,NA,NA,NA,NA,NA,NA,NA,NA,NA,NA,NA,NA,NA,NA,NA,NA
1,NA,NA,NA,NA,NA,NA,0.00792863878122119,0.00792863878122113,0.00792863878122113,0.00792863878122108,0.00792863878122124,0.00792863878122108,0.00792863878122119,0.00792863878122108,0.00792863878122119,0.00792863878122119,0.00792863878122119,0.00792863878122108,0.00792863878122113,0.00792863878122119,0.00792863878122113,0.00792863878122119,0.00792863878122108,0.00792863878122116,0.00792863878122119,NA,NA,NA,NA,NA,NA,NA,NA,NA,NA,NA,NA,NA,NA,NA,NA,NA,NA,NA
1,NA,NA,NA,NA,NA,NA,0.101682427090956,0.101682427090956,0.101682427090956,0.101682427090956,0.101682427090956,0.101682427090956,0.101682427090956,0.101682427090957,0.101682427090956,0.101682427090956,0.101682427090957,0.101682427090956,0.101682427090957,0.101682427090956,0.101682427090957,0.101682427090956,0.101682427090957,0.101682427090956,0.101682427090957,NA,NA,NA,NA,NA,NA,NA,NA,NA,NA,NA,NA,NA,NA,NA,NA,NA,NA,NA
1,NA,NA,NA,NA,NA,NA,-0.0185359220058612,-0.0185359220058612,-0.0185359220058612,0.421580689913929,-0.509267961002931,0.291762034661051,0.0303226620208818,-0.0185359220058612,-0.0185359220058612,-0.0185359220058612,-0.0185359220058612,-0.0185359220058614,-0.0185359220058612,-0.0185359220058612,-0.018535922005861,-0.0185359220058614,-0.0185359220058612,-0.0185359220058612,-0.018535922005861,NA,NA,NA,NA,NA,NA,NA,NA,NA,NA,NA,NA,NA,NA,NA,NA,NA,NA,NA
1,NA,NA,NA,NA,NA,NA,0.12286598690268,0.122865986902681,0.12286598690268,0.122865986902681,0.12286598690268,0.122865986902681,0.12286598690268,0.12286598690268,0.0175594209889101,0.01755942098891,0.0175594209889101,0.0614329934513402,0.0614329934513404,0.127243352144986,0.127243352144986,0.252629815657756,0.252629815657756,-0.0406269978766222,-0.0406269978766221,0,0.186456001485053,0.186456001485053,0.174860959781853,0.174860959781853,0.13340794756644,0.13340794756644,0.556104689567373,NA,NA,NA,NA,NA,NA,NA,NA,NA,NA,NA
1,NA,NA,NA,NA,NA,NA,0.0356154531381507,0.035615453138151,0.035615453138151,0.0356154531381507,0.035615453138151,0.035615453138151,0.0356154531381507,0.035615453138151,0.0356154531381507,0.035615453138151,0.0356154531381507,0.035615453138151,0.0356154531381508,0.0356154531381508,0.035615453138151,0.0356154531381508,0.0356154531381508,0.0356154531381508,0.035615453138151,NA,NA,NA,NA,NA,NA,NA,NA,NA,NA,NA,NA,NA,NA,NA,NA,NA,NA,NA
1,NA,NA,NA,NA,NA,NA,0.0251116449852455,0.0251116449852453,0.0251116449852455,0.0251116449852453,0.0251116449852453,-0.487444177507377,0.122750247569734,0.0336065335625197,-0.0155450975358842,-0.0155658679260854,-0.0155981736058019,0.142242541119152,0.142192804421911,-0.0164867960815295,-0.0165552741711436,0.027746366091247,0.0276969960812235,0.0253041703946921,0.0719250868867272,0.0115746070191616,0.0807562389067576,0.0333714707960158,-0.0443524506562537,-0.0444465890759781,0.140896111959232,0.140807247361159,-0.088162738811304,-0.165078185017382,-0.19586248952583,-0.195977946971811,0.127957305326012,0.127885827045825,0.127844972456085,0.127829370762281,NA,NA,NA,NA
1,NA,NA,NA,NA,NA,NA,0.0618995399502991,0.0618995399502988,0.0618995399502991,0.0618995399502991,0.0618995399502991,0.0618995399502988,0.0618995399502991,0.0618995399502991,0.0618995399502991,0.0618995399502991,0.0618995399502988,0.0618995399502991,0.0618995399502991,0.0618995399502988,0.0618995399502993,0.0618995399502988,0.0618995399502991,0.061899539950299,0.0618995399502991,NA,NA,NA,NA,NA,NA,NA,NA,NA,NA,NA,NA,NA,NA,NA,NA,NA,NA,NA
1,NA,NA,NA,NA,NA,NA,0.0618995399502991,0.0618995399502988,0.0618995399502991,0.0618995399502991,0.0618995399502991,0.0618995399502988,0.0618995399502991,0.0618995399502991,0.0309497699751495,0.0309497699751495,0.0309497699751494,0.53094976997515,0.53094976997515,-0.0216720748510197,-0.0216720748510194,0.0686967278319413,0.0686967278319414,-0.469050230024851,-0.46905023002485,0,0.527009206957162,0.527009206957161,0.428652106882494,0.428652106882494,-0.0561741312324404,-0.0561741312324404,0.563137632245198,NA,NA,NA,NA,NA,NA,NA,NA,NA,NA,NA
1,NA,NA,NA,NA,NA,NA,0.0316873679646295,0.0316873679646297,0.0316873679646297,0.0316873679646297,0.0316873679646295,0.0316873679646295,0.0316873679646297,0.0316873679646297,0.0316873679646297,0.0316873679646295,0.0316873679646297,0.0316873679646295,0.0316873679646297,0.0316873679646297,0.0316873679646297,0.0316873679646295,0.0316873679646297,0.0316873679646295,0.0316873679646297,NA,NA,NA,NA,NA,NA,NA,NA,NA,NA,NA,NA,NA,NA,NA,NA,NA,NA,NA
1,NA,NA,NA,NA,NA,NA,0.102341193271062,0.102341193271061,0.102341193271061,0.102341193271062,0.102341193271062,0.102341193271061,0.102341193271062,0.102341193271061,0.102341193271061,0.102341193271062,0.102341193271062,0.102341193271061,0.102341193271062,0.102341193271061,0.102341193271062,0.102341193271061,0.102341193271062,0.102341193271061,0.102341193271062,NA,NA,NA,NA,NA,NA,NA,NA,NA,NA,NA,NA,NA,NA,NA,NA,NA,NA,NA
1,NA,NA,NA,NA,NA,NA,-0.0618995399502991,-0.061899539950299,-0.0618995399502991,-0.0618995399502988,-0.0618995399502991,-0.0618995399502991,-0.0618995399502991,-0.0618995399502991,-0.0618995399502988,-0.0618995399502991,-0.0618995399502991,-0.0618995399502991,-0.0618995399502991,-0.0618995399502988,-0.0618995399502991,-0.0618995399502991,-0.0618995399502991,-0.0618995399502988,-0.0618995399502991,NA,NA,NA,NA,NA,NA,NA,NA,NA,NA,NA,NA,NA,NA,NA,NA,NA,NA,NA
1,NA,NA,NA,NA,NA,NA,0.0618995399502991,0.0618995399502988,0.0618995399502991,0.0618995399502991,0.0618995399502991,0.0618995399502988,0.0618995399502991,0.0618995399502991,0.0618995399502991,0.0618995399502991,0.0618995399502988,0.0618995399502991,0.0618995399502991,0.0618995399502988,0.0618995399502993,0.0618995399502988,0.0618995399502991,0.061899539950299,0.0618995399502991,NA,NA,NA,NA,NA,NA,NA,NA,NA,NA,NA,NA,NA,NA,NA,NA,NA,NA,NA
1,NA,NA,NA,NA,NA,NA,-0.0158436839823148,-0.0158436839823148,-0.0158436839823148,-0.0158436839823148,-0.0158436839823146,-0.0158436839823148,0.191571607228137,0.179471968388934,0.0772808660764303,0.0374732245338475,-0.00637791684439124,0.151604763210737,0.14185364410424,-0.100833918849689,-0.0958856807093225,0.117055458228038,0.11755346056581,-0.0507860811135809,-0.119703335372648,-0.0128733221195629,0.00580220328592411,0.0122961388335338,-0.02826184049434,-0.0475290925365328,-0.0955743157521318,-0.0983941091824012,0.214991669594136,0.0495576058008262,-0.315115357398789,-0.31271707576716,0.142397571369997,0.149583046878934,0.166382178043825,0.180111234395546,NA,NA,NA,NA
1,NA,NA,NA,NA,NA,NA,-0.0894194739124221,-0.0894194739124221,-0.0894194739124221,-0.089419473912422,-0.089419473912422,-0.0894194739124221,-0.089419473912422,-0.089419473912422,-0.0894194739124221,-0.0894194739124219,-0.0894194739124223,-0.0894194739124219,-0.0894194739124221,-0.0894194739124219,-0.0894194739124221,-0.0894194739124219,-0.0894194739124223,-0.0894194739124219,-0.0894194739124221,NA,NA,NA,NA,NA,NA,NA,NA,NA,NA,NA,NA,NA,NA,NA,NA,NA,NA,NA
1,NA,NA,NA,NA,NA,NA,0.105490598620139,0.105490598620139,0.105490598620139,0.105490598620139,0.105490598620139,0.105490598620139,0.105490598620139,0.105490598620139,0.105490598620139,0.105490598620139,0.105490598620139,0.105490598620139,0.105490598620139,0.105490598620139,0.105490598620139,0.105490598620139,0.105490598620139,0.105490598620139,0.105490598620139,NA,NA,NA,NA,NA,NA,NA,NA,0.155166468010347,0.409401334753205,-0.206450556405955,-0.080667493119563,-0.0693408589876015,-0.156314176885126,NA,NA,NA,NA,NA
1,NA,NA,NA,NA,NA,NA,-0.105490598620139,-0.105490598620139,-0.105490598620139,-0.105490598620139,-0.105490598620139,-0.105490598620139,-0.105490598620139,-0.105490598620139,-0.105490598620139,-0.105490598620139,-0.105490598620139,-0.105490598620139,-0.105490598620139,-0.105490598620139,-0.105490598620139,-0.105490598620139,-0.105490598620139,-0.105490598620139,-0.105490598620139,NA,NA,NA,NA,NA,NA,NA,NA,NA,NA,NA,NA,NA,NA,NA,NA,NA,NA,NA
1,NA,NA,NA,NA,NA,NA,0.0158436839823148,0.0158436839823148,0.0158436839823146,0.0158436839823148,0.0158436839823148,0.0158436839823148,0.0158436839823148,0.0158436839823148,0.0158436839823146,0.0158436839823148,0.0158436839823148,0.0158436839823148,0.0158436839823148,0.0158436839823148,0.0158436839823146,0.0158436839823148,0.0158436839823148,0.0158436839823148,0.0158436839823148,NA,NA,NA,NA,NA,NA,NA,NA,NA,NA,NA,NA,NA,NA,NA,NA,NA,NA,NA
1,NA,NA,NA,NA,NA,NA,NA,0.0805212476692878,0.0916788125635559,0.0925297084774375,0.0653238063963357,0.0198585728057701,-0.018087765362063,-0.0342940370725939,-0.0326135735332302,-0.0200454330393676,0.00205461318769462,0.0308927512031385,0.0563540554969899,0.067204826277341,0.0589890486404334,0.0457283773771856,0.0313018819815922,0.0182396531411237,0.0102607388170467,0.00901882877817728,0.0104537147172787,0.00803907576470453,0.00119228661357451,-0.00291475057881807,0.00157824021335162,0.0544659252575812,0.0503975968385078,0.0254144518554318,-0.00418659412295863,-0.0229869522647981,-0.0257925146858851,-0.0160664246358477,-0.00182451729349786,0.00785156996375402,NA,NA,NA,NA
1,NA,NA,NA,NA,NA,NA,NA,0.00135414236009446,0.00551287676532208,0.0120165233282474,0.0170111704519149,0.0176699665767943,0.0146785569734869,0.0115815867300606,0.0115375776414854,0.01446382184462,0.0174426493748889,0.0180344598301847,0.0168375128591007,0.0162520168789415,0.016887001657425,0.0162481048628731,0.0118489714094405,0.0051923094497468,0.00134722547553512,0.00387920493277427,0.0107630321200345,0.0161288453823012,0.0159473334252684,0.0113247257133988,0.00625530897334325,0.00317464363903674,0.00146227767441331,-0.000336789554510553,-0.00219983144943559,-0.00301924321837177,-0.00246609803299513,-0.00149672394941902,-0.001063874120665,-0.00110538217946754,NA,NA,NA,NA
1,NA,NA,NA,NA,NA,NA,NA,NA,0.350986515288229,0.302576816981859,0.221393504589479,0.11666074345957,0.0105378605837645,-0.0880831021184383,-0.17627602255097,-0.243178742729091,-0.277075274210864,-0.279063532656339,-0.259388431310529,-0.220262004386037,-0.15138970128698,-0.0480388522979593,0.0706298708823121,0.168157423607451,0.217090296790456,0.21615160829266,0.181704423245484,0.127305591285924,0.0558300431197423,-0.0302039671781125,-0.116994146068816,-0.18318429841031,-0.215881104408715,-0.221121546031937,-0.217018255071381,NA,NA,NA,NA,NA,NA,NA,NA,NA
1,NA,NA,NA,NA,NA,NA,NA,NA,NA,-0.0325682239762188,-0.068226742743775,-0.107645801311499,-0.112014047636777,-0.0765769070435043,-0.0337396412470377,-0.0180489984970302,-0.0349349989819432,-0.0638122203054159,-0.0842333685781628,-0.0919749613228198,NA,NA,NA,NA,NA,NA,NA,NA,NA,NA,NA,NA,NA,NA,NA,NA,NA,NA,NA,NA,NA,NA,NA,NA
1,NA,NA,NA,NA,NA,NA,NA,NA,NA,-0.002827597839409,-0.00282759783940856,-0.002827597839409,-0.002827597839409,-0.096943462944148,-0.0969434629441481,0.298743626342051,0.202315424499016,0.0572109152446929,-0.0127361947251361,-0.0127361947251361,-0.0127361947251361,-0.0127361947251361,-0.0127361947251362,-0.0127361947251361,-0.148532035712582,-0.148532035712582,-0.148532035712582,0.475155189165732,-0.0229671142172156,-0.0229671142172156,-0.0470522682384118,-0.0470522682384118,-0.0470522682384118,-0.0470522682384117,0.0737714853769699,0.0737714853769698,0.0820348930178099,0.0820348930178099,0.0820348930178099,NA,NA,NA,NA,NA
1,NA,NA,NA,NA,NA,NA,NA,NA,NA,-0.0944212126043616,-0.589825534910951,-0.556302500767287,-0.301029995663981,NA,NA,NA,NA,NA,NA,NA,NA,NA,NA,NA,NA,NA,NA,NA,NA,NA,NA,NA,NA,NA,NA,NA,NA,NA,NA,NA,NA,NA,NA,NA
1,NA,NA,NA,NA,NA,NA,NA,NA,NA,NA,-0.0205643285531094,-0.01117680138326,0.000601278602715638,0.00471984978136941,-0.00172963452801689,-0.0118144374559233,-0.0162424680194171,-0.0121461947172694,-0.00433432610099604,0.000820547099617208,0.00133654746663403,-0.000279094089177256,-0.00109118249879891,-0.000484477042164144,0.000623293221539534,0.00149942306136985,0.00151741200737288,-0.000755367892441683,-0.00671732842123518,-0.0153637138783811,-0.0226409773073879,-0.0243679661425551,-0.0201785545718867,-0.0142140602812901,-0.0115830665217391,-0.0140517828938753,-0.0190322514844272,-0.0225052449754326,NA,NA,NA,NA,NA,NA
1,NA,NA,NA,NA,NA,NA,NA,NA,NA,NA,0.0607067489170761,-0.0320983814595124,0.00404723352896452,0.00404723352896408,0.00404723352896408,0.00404723352896452,0.00404723352896408,0.00404723352896408,0.00404723352896408,0.00404723352896452,0.00404723352896408,0.00404723352896408,0.00404723352896452,0.00404723352896408,0.00404723352896408,0.00404723352896408,-0.00695640579243917,-0.00695640579241874,-0.00695640579238122,-0.0069564057923388,-0.00695640579232015,-0.151545828129573,0.0457687827202167,-0.0118609291613068,-0.016773489191209,-0.0447247624644909,-0.124878822519815,0.0300335420404778,NA,NA,NA,NA,NA,NA
1,NA,NA,NA,NA,NA,NA,NA,NA,NA,NA,NA,NA,0.128285698988549,0.0539183856282381,-0.0387812916977839,-0.0200960561972736,0.0134549043478693,0.125739504015044,0.0916100616318465,0.0238465872281592,0.0353069984232079,0.0858561028431075,0.0721832424160493,0.00762510376607661,0.0211380802765446,-0.026280587855775,0.0167813137839841,-0.0281536622384921,0.0388866943556928,0.0728592425812731,0.0388774701113918,0.0490827484774926,-0.0491623497473928,0.00288182656182379,0.0168554903021212,0.0120876158292873,-0.0341195037532103,-0.0644528965049416,-0.0342989192027572,0.0131912749028897,NA,NA,NA,NA
1,NA,NA,NA,NA,NA,NA,NA,NA,NA,NA,NA,NA,0.136030393260003,0.103141006379743,-0.00854390101270697,-0.0222178212338898,-0.0289366934729188,0.123886638806633,0.118220656382293,0.0342852705728834,0.0431562936185849,0.0783729265870522,0.0492181792762553,-0.00917210676814856,-0.0235317363009679,0.0387473972416067,0.0843226974050352,0.111052939568597,0.141565567233704,0.131258741315603,0.11131206301814,0.071720972899624,0.0136008084375696,0.0581655655602145,-0.0250592285914308,-0.0263365402480358,-0.0429953610521419,-0.0302363227304498,-0.0149603292638889,-0.00427074946621375,NA,NA,NA,NA
1,NA,NA,NA,NA,NA,NA,NA,NA,NA,NA,NA,NA,NA,-0.022705987248373,-0.0136550221084892,0.0049123249190659,0.0266707727742563,0.0402416967599484,0.0386788446481772,0.0258463536992997,0.0111600667964815,-0.00139090203828918,-0.0160309017910372,-0.0364881305632743,-0.0576399949167294,-0.0687880108561618,-0.0649610144461601,-0.0529159541693209,-0.0447967576525095,-0.0457738412417132,-0.0479768359276274,-0.0372852657850351,-0.00790924531643267,0.0285364431697399,0.049709965053427,0.0408318712576006,0.00747555345980411,-0.0301315451451885,-0.0549606427247862,-0.0643580604927281,NA,NA,NA,NA
1,NA,NA,NA,NA,NA,NA,NA,NA,NA,NA,NA,NA,NA,0.298647722220279,0.298647722220279,0.29864772222028,0.0332854796240012,0.0332854796240012,0.0332854796240012,0.0332854796240012,0.0332854796240007,-0.298019307432927,-0.151977244450135,-0.151977244450121,0.134225426960447,0.134225426960503,0.134225426960586,0.00134498679127648,0.00134498679138906,0.0013449867914952,-0.175966932687329,-0.17596693268725,0.0665202686889153,0.0665202686889785,-0.284013812922455,-0.284013812922427,NA,NA,NA,NA,NA,NA,NA,NA
1,NA,NA,NA,NA,NA,NA,NA,NA,NA,NA,NA,NA,NA,NA,-0.0139751510017497,-0.0139751510017496,-0.0139751510017497,-0.0139751510017497,-0.0139751510017497,-0.0139751510017496,-0.0139751510017497,-0.0139751510017497,-0.0139751510017496,-0.0139751510017497,-0.0139751510017497,-0.0274173663037869,-0.0274173663037868,-0.0274173663037869,-0.0274173663037868,-0.0274173663037869,-0.0274173663037869,-0.0274173663037868,-0.0274173663037869,0.0952680659410796,NA,NA,NA,NA,NA,NA,NA,NA,NA,NA
1,NA,NA,NA,NA,NA,NA,NA,NA,NA,NA,NA,NA,NA,NA,0.0118690124747889,0.0118690124747889,0.0118690124747889,0.320253756402754,0.320253756402755,-0.303799954390642,-0.303799954390642,0.141222255558036,0.141222255558036,-0.0964765597911346,-0.0964765597911343,0.0487401632984015,-0.0337225597777586,-0.0337225597777586,0.0629052195434265,0.0629052195434268,-0.119660936215145,-0.119660936215144,0.536038580498543,NA,NA,NA,NA,NA,NA,NA,NA,NA,NA,NA
1,NA,NA,NA,NA,NA,NA,NA,NA,NA,NA,NA,NA,NA,NA,-0.174617864337183,-0.174617864337183,-0.174617864337183,0.633329271270578,0.633329271270578,-0.109817088060441,-0.109817088060441,0.028460107899914,0.028460107899914,-0.322830239817848,-0.322830239817848,-0.247639322107057,0.271914769472403,0.271914769472403,-0.975268329704228,-0.975268329704228,0.897155158828561,0.897155158828561,-0.0545673849314904,NA,NA,NA,NA,NA,NA,NA,NA,NA,NA,NA
1,NA,NA,NA,NA,NA,NA,NA,NA,NA,NA,NA,NA,NA,NA,0.578988440965817,0.578988440965817,0.578988440965817,0.103103021095521,0.103103021095521,-0.971585682544247,-0.971585682544247,0,0,0,0,1,-0.17318698921438,-0.17318698921438,-0.810672939186341,-0.810672939186341,0,0,1,NA,NA,NA,NA,NA,NA,NA,NA,NA,NA,NA
1,NA,NA,NA,NA,NA,NA,NA,NA,NA,NA,NA,NA,NA,NA,-0.324246658401218,-0.324246658401218,-0.324246658401218,1,1,-1,-1,0.836758561105789,0.836758561105789,-0.350388573503962,-0.350388573503962,-0.972739975203653,0,0,1,1,-1,-1,1,NA,NA,NA,NA,NA,NA,NA,NA,NA,NA,NA
1,NA,NA,NA,NA,NA,NA,NA,NA,NA,NA,NA,NA,NA,NA,-0.0410549244272261,-0.0410549244272262,-0.0410549244272261,0.24682894323325,0.24682894323325,-0.24682894323325,-0.24682894323325,-0.0275701482590776,-0.0275701482590774,-0.866263032917617,-0.866263032917617,1,0.0815685159562624,0.0815685159562625,0.241112546634457,0.241112546634458,-0.00281841329780534,-0.00281841329780538,0.155672314016723,NA,NA,NA,NA,NA,NA,NA,NA,NA,NA,NA
1,NA,NA,NA,NA,NA,NA,NA,NA,NA,NA,NA,NA,NA,NA,0.598360291126899,0.598360291126899,0.598360291126899,0.330957048968899,0.330957048968899,-0.597108891635601,-0.597108891635601,0.548743962268561,0.548743962268562,-0.0898157237603893,-0.0898157237603892,-0.574796337751233,-0.0436340765042929,-0.043634076504293,0.313833133077395,0.313833133077395,-0.612398679322089,-0.612398679322089,0.684399245497975,NA,NA,NA,NA,NA,NA,NA,NA,NA,NA,NA
1,NA,NA,NA,NA,NA,NA,NA,NA,NA,NA,NA,NA,NA,NA,0,0,0,1,1,-0.176761313989314,-0.176761313989314,0.176761313989314,0.176761313989314,-0.0973340557118723,-0.097334055711872,-0.158854516554883,0.212817169688117,0.212817169688117,-1,-1,0.448174656442144,0.448174656442144,1,NA,NA,NA,NA,NA,NA,NA,NA,NA,NA,NA
1,NA,NA,NA,NA,NA,NA,NA,NA,NA,NA,NA,NA,NA,NA,0.271825191135819,0.271825191135819,0.271825191135819,-0.663679467193165,-0.663679467193165,0.794135853421165,0.794135853421164,-0.288773920725278,-0.288773920725278,0.373525812810076,0.373525812810076,-0.791633758272893,0.224415807615893,0.224415807615893,-0.269956042289559,-0.269956042289559,-0.349485002168009,-0.349485002168009,0.583576585633949,NA,NA,NA,NA,NA,NA,NA,NA,NA,NA,NA
1,NA,NA,NA,NA,NA,NA,NA,NA,NA,NA,NA,NA,NA,NA,0.457228814462916,0.457228814462917,0.457228814462916,-0.136153911228564,-0.136153911228564,0.777428281238352,0.777428281238352,-1,-1,0.549689310465811,0.549689310465811,-1,0.360620554595895,0.360620554595895,-0.360620554595895,-0.360620554595895,0,0,0,NA,NA,NA,NA,NA,NA,NA,NA,NA,NA,NA
1,NA,NA,NA,NA,NA,NA,NA,NA,NA,NA,NA,NA,NA,NA,-0.612742334546003,-0.612742334546004,-0.612742334546004,0,0,1,1,-1,-1,0,0,1,-0.146247257280822,-0.146247257280822,-0.142223193129158,-0.142223193129158,-0.562670337537331,-0.56267033753733,0,NA,NA,NA,NA,NA,NA,NA,NA,NA,NA,NA
1,NA,NA,NA,NA,NA,NA,NA,NA,NA,NA,NA,NA,NA,NA,0,0,0,0.918380908340412,0.918380908340411,-0.0251813426738804,-0.0251813426738804,-0.893199565666531,-0.893199565666531,0,0,0,0,0,0.940943200842169,0.94094320084217,0.0104588856128092,0.0104588856128092,0.437729394964855,NA,NA,NA,NA,NA,NA,NA,NA,NA,NA,NA
1,NA,NA,NA,NA,NA,NA,NA,NA,NA,NA,NA,NA,NA,NA,-0.00934290786674785,-0.00934290786674785,-0.00934290786674774,0.0890085900458598,0.0890085900458598,0.0434003214589085,0.0434003214589083,-0.0656394573196595,-0.0656394573196595,0.15988971583841,0.15988971583841,-0.0928511565311889,0.139509652876369,0.139509652876369,0.00394824042301689,0.00394824042301667,-0.0579520265361821,-0.0579520265361824,0.0720263151598881,NA,NA,NA,NA,NA,NA,NA,NA,NA,NA,NA
1,NA,NA,NA,NA,NA,NA,NA,NA,NA,NA,NA,NA,NA,NA,0,0,0,0,0,0,0,0,0,1,1,-1,0.870394652466584,0.870394652466585,0.0267143046245713,0.026714304624571,-0.897108957091156,-0.897108957091156,1,NA,NA,NA,NA,NA,NA,NA,NA,NA,NA,NA
1,NA,NA,NA,NA,NA,NA,NA,NA,NA,NA,NA,NA,NA,NA,0.0152524968535584,0.0152524968535583,0.0152524968535584,0.29273036475425,0.29273036475425,-0.0367886842648132,-0.0367886842648131,0.190105620855803,0.190105620855803,-0.230365419265746,-0.230365419265747,-0.0889410833367811,-0.0831657108832624,-0.0831657108832626,0.127636252551653,0.127636252551653,0.209947292280044,0.209947292280044,0.323382843941373,NA,NA,NA,NA,NA,NA,NA,NA,NA,NA,NA
1,NA,NA,NA,NA,NA,NA,NA,NA,NA,NA,NA,NA,NA,NA,-0.00287621700745211,0.0647941320446758,0.059391531062157,0.134855934982682,0.123414539157404,0.0138218884269606,0.00129433964341408,0.07286473394679,0.0635656004258145,-0.070610742436268,-0.126682210966307,0.0231209698886097,0.0257089422195165,0.0589268537153217,0.0636759867074707,0.0754001503341556,0.00755840454557033,0.0223292210493086,0.00221286773455972,0.109946404056566,0.163427257110738,0.164328449132691,0.0847485664535483,0.0837320404014295,0.0809245783411796,0.0784991740398404,NA,NA,NA,NA
1,NA,NA,NA,NA,NA,NA,NA,NA,NA,NA,NA,NA,NA,NA,-0.171111142458036,-0.171111142458036,-0.171111142458036,0.303377556268171,0.303377556268171,-0.0555752260613334,-0.0555752260613333,0.299516768348887,0.299516768348887,-0.3391073913727,-0.3391073913727,-0.134698573897456,-0.04357508785945,-0.0435750878594501,0.280484397444238,0.280484397444239,-0.112588346482642,-0.112588346482642,0.269273399544494,NA,NA,NA,NA,NA,NA,NA,NA,NA,NA,NA
1,NA,NA,NA,NA,NA,NA,NA,NA,NA,NA,NA,NA,NA,NA,0.0152524968535584,0.0152524968535583,0.0152524968535584,0.29273036475425,0.29273036475425,-0.0367886842648132,-0.0367886842648131,0.190105620855803,0.190105620855803,-0.230365419265746,-0.230365419265747,-0.0889410833367811,-0.0831657108832624,-0.0831657108832626,0.127636252551653,0.127636252551653,0.209947292280044,0.209947292280044,0.323382843941373,NA,NA,NA,NA,NA,NA,NA,NA,NA,NA,NA
1,NA,NA,NA,NA,NA,NA,NA,NA,NA,NA,NA,NA,NA,NA,NA,NA,-0.410174465089049,0.196294645143968,-0.00505084652207177,-0.00505084652207177,-0.00505084652207177,-0.00505084652207166,NA,NA,NA,NA,NA,NA,NA,NA,NA,NA,NA,NA,NA,NA,NA,NA,NA,NA,NA,NA,NA,NA
1,NA,NA,NA,NA,NA,NA,NA,NA,NA,NA,NA,NA,NA,NA,NA,NA,NA,-0.221848749616356,-0.134698573897456,-0.2120889123272,0.2498774732166,0.00221609587005395,0.00221609587005389,0.00221609587005406,0.00221609587005389,0.00221609587005395,0.00221609587005395,0.00221609587005395,0.00221609587005395,-0.0362121726544447,NA,NA,NA,NA,NA,NA,NA,NA,NA,NA,NA,NA,NA,NA
1,NA,NA,NA,NA,NA,NA,NA,NA,NA,NA,NA,NA,NA,NA,NA,NA,NA,NA,NA,NA,NA,NA,0.772355202958807,0.63435705921989,0.3483170033266,-0.00948604162008689,-0.286964100913685,-0.359803080163089,-0.230052064418829,-0.0171953350314099,0.1494519468677,0.222105851813373,NA,NA,NA,NA,NA,NA,NA,NA,NA,NA,NA,NA
1,NA,NA,NA,NA,NA,NA,NA,NA,NA,NA,NA,NA,NA,NA,NA,NA,NA,NA,NA,NA,NA,NA,0.0920549125181971,0.0630443932403235,-0.000716778313759131,-0.0940080785372567,-0.199632133506129,-0.294447467028278,-0.358437586133786,-0.384631565025819,-0.383440230884792,-0.375368190879361,NA,NA,NA,NA,NA,NA,NA,NA,NA,NA,NA,NA
1,NA,NA,NA,NA,NA,NA,NA,NA,NA,NA,NA,NA,NA,NA,NA,NA,NA,NA,NA,NA,NA,NA,0.296553780184313,0.272694483724669,0.228227803890948,0.173806997492459,0.120175447227119,0.072979099683644,0.0335261710210883,0.00206879794264153,-0.0200367194611994,-0.0310664732334995,NA,NA,NA,NA,NA,NA,NA,NA,NA,NA,NA,NA
1,NA,NA,NA,NA,NA,NA,NA,NA,NA,NA,NA,NA,NA,NA,NA,NA,NA,NA,NA,NA,NA,NA,NA,-0.0812068770207466,-0.0872728040540567,-0.087710095038708,-0.0683866427900099,-0.0291146926375063,0.0120123454463181,0.034204194997387,0.0351192217451191,0.0338411837458787,0.049506417163224,0.0778785840541696,0.0934554691509195,0.0765802632198183,0.0351047366591644,-0.00418647017744789,-0.0232397298287301,-0.0264190734697936,NA,NA,NA,NA
1,NA,NA,NA,NA,NA,NA,NA,NA,NA,NA,NA,NA,NA,NA,NA,NA,NA,NA,NA,NA,NA,NA,NA,NA,NA,-0.0400475205594621,-0.0550781496892858,-0.0854399779057031,-0.126784451498104,-0.172141180204177,-0.214714315255438,-0.249210123223393,-0.272276817096904,-0.28301994414401,NA,NA,NA,NA,NA,NA,NA,NA,NA,NA
1,NA,NA,NA,NA,NA,NA,NA,NA,NA,NA,NA,NA,NA,NA,NA,NA,NA,NA,NA,NA,NA,NA,NA,NA,NA,NA,-0.0461411914033087,-0.0434446926632988,-0.0387477830049738,-0.0338317084325732,-0.0304000634176571,-0.0290405924488537,-0.0291219846236814,-0.0295176250545071,NA,NA,NA,NA,NA,NA,NA,NA,NA,NA
1,NA,NA,NA,NA,NA,NA,NA,NA,NA,NA,NA,NA,NA,NA,NA,NA,NA,NA,NA,NA,NA,NA,NA,NA,NA,NA,-0.0433713798765213,-0.0377226046614559,-0.0270155478106594,-0.0143841681985823,-0.00406982396442745,0.000796483498442968,-0.000408288950202507,-0.00567572620177803,-0.0115209599951659,-0.0149537953379745,NA,NA,NA,NA,NA,NA,NA,NA
1,NA,NA,NA,NA,NA,NA,NA,NA,NA,NA,NA,NA,NA,NA,NA,NA,NA,NA,NA,NA,NA,NA,NA,NA,NA,NA,NA,0.0506941742972224,0.0506941742972229,0.0506941742972224,-0.094736830409202,-0.094736830409202,0.145305780237273,0.259566525579081,-0.0168854922734303,0.0594644998948102,-0.124902185987011,0.134459720883377,-0.14761357604424,NA,NA,NA,NA,NA
1,NA,NA,NA,NA,NA,NA,NA,NA,NA,NA,NA,NA,NA,NA,NA,NA,NA,NA,NA,NA,NA,NA,NA,NA,NA,NA,NA,-0.0443918920669981,-0.0443918920669977,-0.0443918920669977,0.0976323486366675,0.0976323486366675,0.0268182657645712,0.0268182657645712,0.00130100810917799,0.00130100810917844,NA,NA,NA,NA,NA,NA,NA,NA
1,NA,NA,NA,NA,NA,NA,NA,NA,NA,NA,NA,NA,NA,NA,NA,NA,NA,NA,NA,NA,NA,NA,NA,NA,NA,NA,NA,-0.0262645520409448,-0.0262645520409444,-0.0262645520409444,0.164668543009232,0.164668543009232,-0.181372672550499,-0.181372672550499,-0.00962405250852871,-0.00962405250852916,NA,NA,NA,NA,NA,NA,NA,NA
1,NA,NA,NA,NA,NA,NA,NA,NA,NA,NA,NA,NA,NA,NA,NA,NA,NA,NA,NA,NA,NA,NA,NA,NA,NA,NA,NA,-0.065854219710201,-0.0658542197102014,-0.065854219710201,0.0323822003534899,0.0323822003534899,-0.089142335096168,-0.007347295375564,0.0549965765140064,0.0734704152394889,-0.0338317651199613,0.0442333309020118,-0.183933492227228,NA,NA,NA,NA,NA
1,NA,NA,NA,NA,NA,NA,NA,NA,NA,NA,NA,NA,NA,NA,NA,NA,NA,NA,NA,NA,NA,NA,NA,NA,NA,NA,NA,-0.05057996069774,-0.027816882956548,0.008883001073083,0.0156651847527605,0.00349825695054803,-0.0169338403285981,-0.00959704513782814,0.00453860247865016,NA,NA,NA,NA,NA,NA,NA,NA,NA
1,NA,NA,NA,NA,NA,NA,NA,NA,NA,NA,NA,NA,NA,NA,NA,NA,NA,NA,NA,NA,NA,NA,NA,NA,NA,NA,NA,NA,NA,0.0442606104410288,0.0177967565707515,-0.000390800769683786,0.0199950017026644,0.0581439155483769,0.0603113169195062,0.00598647677963626,-0.0609362210638329,-0.0785865284329663,-0.0383327100693283,0.00679273367487188,NA,NA,NA,NA
1,NA,NA,NA,NA,NA,NA,NA,NA,NA,NA,NA,NA,NA,NA,NA,NA,NA,NA,NA,NA,NA,NA,NA,NA,NA,NA,NA,NA,NA,0.0296553115730847,0.0296553115730838,0.0296553115730838,0.0633254623091939,0.0633254623091943,-0.00490011413873637,-0.0398492106493484,-0.0398492106493489,0.0222496565805725,0.08045443277432,0.0769540125369366,NA,NA,NA,NA
1,NA,NA,NA,NA,NA,NA,NA,NA,NA,NA,NA,NA,NA,NA,NA,NA,NA,NA,NA,NA,NA,NA,NA,NA,NA,NA,NA,NA,NA,-0.093893137586301,-0.0938931375863015,-0.093893137586301,0.00684399107364597,0.00684399107364575,-0.0445538814200981,0.0351830655782315,0.035183065578231,0.082443925089007,0.128286869166941,0.0964712629019733,NA,NA,NA,NA
1,NA,NA,NA,NA,NA,NA,NA,NA,NA,NA,NA,NA,NA,NA,NA,NA,NA,NA,NA,NA,NA,NA,NA,NA,NA,NA,NA,NA,NA,0.0195329816059626,0.0195329816059617,0.0195329816059626,-0.00393775264169927,-0.00393775264169971,0.0169798307271556,-0.0266338480767314,-0.0266338480767314,0.0580002299798625,0.0862606411903113,0.0709475022692461,NA,NA,NA,NA
1,NA,NA,NA,NA,NA,NA,NA,NA,NA,NA,NA,NA,NA,NA,NA,NA,NA,NA,NA,NA,NA,NA,NA,NA,NA,NA,NA,NA,NA,NA,NA,-0.209570895252042,-0.553379403986608,-0.33452867056812,-0.558577095517222,-0.384045516744643,-0.463412112736645,NA,NA,NA,NA,NA,NA,NA
1,NA,NA,NA,NA,NA,NA,NA,NA,NA,NA,NA,NA,NA,NA,NA,NA,NA,NA,NA,NA,NA,NA,NA,NA,NA,NA,NA,NA,NA,NA,NA,NA,-0.246264912551766,-0.227998095446891,0.170286187767908,0.156705545458686,-0.32544260787167,NA,NA,NA,NA,NA,NA,NA
1,NA,NA,NA,NA,NA,NA,NA,NA,NA,NA,NA,NA,NA,NA,NA,NA,NA,NA,NA,NA,NA,NA,NA,NA,NA,NA,NA,NA,NA,NA,NA,NA,0.214843848047698,-0.146657986301536,-0.954242509439325,0.0621479067488444,0.166331421766525,NA,NA,NA,NA,NA,NA,NA
1,NA,NA,NA,NA,NA,NA,NA,NA,NA,NA,NA,NA,NA,NA,NA,NA,NA,NA,NA,NA,NA,NA,NA,NA,NA,NA,NA,NA,NA,NA,NA,NA,NA,-0.0627024025889726,0.047115086170411,-0.0589884861034538,0.0662805376108837,-0.135801184409974,-0.0803162337762675,NA,NA,NA,NA,NA
