1,-0.0133488289531467,-0.0366833165784993,-0.0536939703664652,-0.0556649993724249,-0.0451590222995288,-0.0340018164462303,0.0210292542794436,0.0184965540095132,0.00959177997149393,-0.00575543497414384,-0.0191727547769541,-0.0196251755258127,-0.00625038950936931,0.00859055726392925,0.0116777520515683,0.00251378007341683,-0.00760732027784411,-0.00838027010683925,0.000637220463608571,0.0128724943856929,0.0222699434613308,0.0269418846010512,0.0293841868793928,0.0364146238085401,0.0538576707106285,0.0721048802687394,0.0734517601985634,0.047538857453542,0.00344004074987211,-0.0392268956249306,-0.0712386782324912,-0.0984166454732619,-0.124857866723169,-0.142159435085005,0.027431499651795,0.0294586085502897,0.0332378983002242,0.0367837597735763,NA,NA,NA,NA,NA,NA
1,0.00405245511024344,0.00684536311024075,0.00946160491429371,0.0116184570780469,0.0131838276945313,0.0137866508076394,0.0131886479418863,0.012110739024437,0.0118747685727323,0.0128763163899004,0.0140770306893847,0.0143644874591686,0.0136956042039174,0.0124178106869079,0.0103061575835266,0.00356367552887904,0.00201410377778211,0.00115595924192435,0.000974536126196579,0.000702853977130324,-0.000191387956609779,-0.0013063534323452,-0.00170379810387344,-0.000733125415305569,0.0015785743043959,0.0045581326033266,0.00709105042266089,0.0081108687076219,0.00722724901984018,0.00482454259992604,0.00146900801965377,-0.00253837492698872,-0.0068697204530026,-0.0107768869268547,-0.0134177702521723,-0.0145525116356335,-7.97884732501863e-05,-7.97884741428057e-05,-7.97884744798694e-05,NA,NA,NA,NA,NA
1,0.00263688659209438,-0.00136886353029164,0.00961612613195834,0.0291871136061259,0.0389391974037427,0.0273676857731972,0.00457113356052247,-0.00575678324968781,0.00849818344756015,0.0319210694285633,0.0342645831137623,0.00133396725904206,-0.0476678455584766,-0.0761563119766085,-0.0650543392573358,-0.0317123663797195,-0.00942151090159887,-0.0057632564221039,-0.0161229812681195,-0.0211932705872899,-0.0159657313427171,-0.00323485477623814,0.00463205915510767,0.00410133040825367,-0.00352118362455794,-0.0110490976724636,-0.016325099208906,-0.0193343063073163,-0.0213784682958487,-0.0227703839778857,-0.00238200757445062,-0.00330218710789676,-0.00366317563949015,-0.00313774075419637,-0.00133006525877388,0.00166030081461455,0.0050695777887757,0.00805289597614867,0.010265606011532,0.0117341140862331,0.0124651899051798,NA,NA,NA
1,0.00258666483448412,0.00271480827020562,0.00273112909045991,0.00274995960806883,0.00277151485767467,0.00279601975080073,0.00282472633844492,0.00285863601700003,0.00289687632883863,0.00293774160804355,0.00298091849905083,0.00302725392852692,0.00307650652173681,0.00312679798949265,0.00317644594607205,0.00322510030363854,0.00327296949177697,0.00332034454799198,0.00336818811153455,0.00341751494711333,0.00346722731368129,0.00351388611586689,0.00355485123859807,0.00436811163435274,0.00443297639234523,0.00449053665224058,0.00453720369952471,0.00457300122954954,0.00460337943080866,0.00463401049340095,0.00466686944933398,0.00470187589413809,0.00473879787690823,0.00477579787896795,0.00480904535275065,0.00483636512656585,0.0048596181460554,0.00488129136271306,0.00490019083060247,0.00491283974593273,0.00491818410935715,NA,NA,NA
1,-0.0106175547548132,-0.0200838391740536,-0.0113439426509153,0.0078659390741001,0.0143190003542751,-0.00232213824605881,-0.0264273331366833,-0.0367676076805216,-0.0317959794831701,-0.0249810156244711,-0.0205751583563136,-0.00875480179628418,0.0130737819415194,0.0284233769070605,0.0207508728713175,-0.00385737230911642,-0.0242586787965516,-0.0305070257741842,-0.0303456611178848,-0.0294048717436717,-0.0182575024638376,0.0129747948223776,0.0544831142741987,0.0813154322562784,0.0776861286157813,0.0508280113251098,0.0204652940315774,-0.000637016973831728,-0.014492999365715,-0.0298722060768826,-0.0482664279159214,-0.0572067871258106,-0.0401046273889695,0.00239289299410639,0.0425262086927549,0.0467348934055006,0.013145977900108,-0.018729619138358,-0.00676868790144891,0.0452900411291144,0.0901755668927389,NA,NA,NA
1,-0.00186384889542368,-0.00124023552744068,-0.0004541348520124,0.00046818261639614,0.00150191173518965,0.00261676663417987,0.00378602056944544,0.00501927082947984,0.00636083357665373,0.00782773738945863,0.00936701688402353,0.0109109545418606,0.0124695505455026,0.0141290200735862,0.0159491268332902,0.017895525833534,0.0198921387034752,0.0219128109991875,0.0239933312027387,0.0261669793283273,0.0284140364103921,0.0306677477422379,0.0328485820277513,0.0349015514458821,0.0368280940041654,0.0386806750245885,0.0404963101851679,0.0422263600753205,0.0437598080963084,0.0450378772638991,0.0461312577192881,0.0471793930059989,0.0482511532178962,0.0492747614346107,0.0501023499633748,0.0506372180831454,0.0509084096816887,0.0510395876778202,0.0511483895145384,0.0512650312969081,0.051343557107224,NA,NA,NA
1,0.00184374200269705,0.00228644738249393,0.00280156243077863,0.00335443063884846,0.00394624372052269,0.00457994334669587,0.0052059234413272,0.00574442881402298,0.00617293427628283,0.00656783587626525,0.00704942134199868,0.00770016105850648,0.00853693072496964,0.00953335103417707,0.010647148307466,0.0118376027951604,0.0130761729353187,0.014340316823078,0.0155949337820699,0.016798529536279,0.0179465031417242,0.0190972314798628,0.0203293284687696,0.0216680877459468,0.023066008279242,0.0244510339668493,0.0257723528123405,0.026997565136736,0.0280950517914217,0.0290438804019245,0.0298531973029316,0.0305534915829122,0.031169852292283,0.031714496817408,0.0321993543259236,0.032636939481986,0.033023175243774,0.0333320651229385,0.0335382883754755,0.0336438309678277,0.0336795286959852,NA,NA,NA
1,-0.00193086336253356,-0.00162191706685066,-0.00118948995600032,-0.00067813018900631,-0.000123347758345327,0.000419100765755687,0.000828525455200735,0.000993855159626356,0.000960437308565432,0.000935464538776132,0.00108952321077904,0.00138011458419374,0.00161620729257972,0.00166514083500102,0.00153174916610632,0.0012602882001127,0.000876505092733848,0.000489132596513508,0.00036618371062036,0.000780750926026252,0.00174862377331164,0.00298061693823459,0.00413252815139487,0.00507037854369996,0.00586991846143858,0.00661662132615248,0.00729217907398172,0.00786746194575938,0.00843509440275114,0.00918279150581841,0.0102311293356908,0.0115292524214355,0.0129272071706004,0.0143398800201737,0.0158189493317064,0.0174499811918648,0.0191814031222553,0.0207756499419513,0.0219543311508651,0.0226025717029328,0.0228321485288347,NA,NA,NA
1,-0.0119583811140658,-0.0120269772134813,-0.0121270737597274,-0.0122826894332427,-0.0124579759689678,-0.0125651544854088,-0.0125374588167363,-0.012369187866276,-0.0120788854946062,-0.0116624522291947,-0.0111059208618124,-0.0104326011157406,-0.00971184916017026,-0.00901199367347585,-0.00834786132118626,-0.00767227661950065,-0.00691342409532542,-0.00602484960321548,-0.0050116017852419,-0.00391753380939741,-0.00279261093733546,-0.00167560745554024,-0.000602628837561459,0.000385173097090408,0.00125596595874072,0.00200463058058642,0.00264518676480319,0.00319017114758902,0.00365156864496907,0.00406172410400873,0.00447423228128047,0.00492897021543248,0.00541817596687355,0.0058928340233651,0.00630020873822251,0.00661453934097189,0.00684212952274296,0.00700808667763037,0.00713569782605381,0.0072294735619331,0.00727869478742357,NA,NA,NA
1,-0.00585055758603314,-0.00587864987690789,-0.00597535954385275,-0.0061464273783115,-0.00640930213723012,-0.00677421234106657,-0.00724321298456654,-0.00782644702145585,-0.00852608132701771,-0.00928651994506391,-0.00998766425692976,-0.0105182467120305,-0.0108462279769154,-0.010996273379443,-0.0109784875821199,-0.0107795060971237,-0.0104171542903359,-0.0099538798401887,-0.00943840414790198,-0.00887313160222325,-0.00826696789147263,-0.00768861271575649,-0.0072258711839468,-0.00690065298220333,-0.0066540946351209,-0.00640758367659477,-0.00611127077859619,-0.00575011406752224,-0.00535590441370026,-0.00502639156931872,-0.00488392026439555,-0.00497275959289645,-0.00520686888833422,-0.00544093520772782,-0.00558509185589917,-0.00564097820982357,-0.00565258864768747,NA,NA,NA,NA,NA,NA,NA
1,-0.00195178257659173,-0.00162653366941273,-0.00124933629297688,-0.000825509521223594,-0.000368549878035779,0.000107053273768892,0.000600154944729786,0.0011315486119656,0.00172056011457283,0.00234385809190735,0.00293575540023921,0.00344584437082443,0.00388179613850842,0.00427625000078263,0.0046285338070402,0.0049118626739012,0.00513254324068499,0.00534162929691473,0.0055721705888841,0.00579224776397397,0.00594009692831568,0.00598714900869357,0.00594929868621832,0.00585853193073681,0.00575260279871238,0.00567919149547684,0.00567253394370681,0.00571869242379752,0.00576827662061083,0.00579304581931996,0.00581408625761794,0.00586981637987417,0.00597484960735219,0.0061162300346153,0.00626775058241857,0.00639363150732763,0.00645737456996519,0.00645011853415235,0.00640465542281228,0.00636564954981065,0.00635026945386112,NA,NA,NA
1,0.00369145957018807,0.00384895282140302,0.00407658524575066,0.00438359244412878,0.00478270159059208,0.005263267647239,0.00576440708012832,0.00620669897286097,0.00655121854684937,0.00681432366417711,0.00703644055418629,0.00725429967382468,0.00748941253812774,0.00773902295363565,0.00798718294756506,0.00824572392286543,0.00856711605008342,0.00898356226764618,0.0094482589969162,0.00988494148028335,0.0102957352449694,0.0107683087362264,0.0113635248409403,0.0120504891890174,0.0127803587477965,0.0135670812834642,0.014440853921625,0.0153627447831609,0.016256972715109,0.0171100608428628,0.0179575543394044,0.0187602962801097,0.0193692864421189,0.0196578458571967,0.0196477001016681,0.0194682639529263,0.0192297698903322,0.018980100435131,0.0187529294428046,0.0185922335372514,0.018519440720581,NA,NA,NA
1,-0.0120126720912848,-0.0105478224087489,-0.00895010659815115,-0.00717036624236217,-0.00526570559646858,-0.00343706117979625,-0.00184045695240964,-0.000441075182874701,0.000892345404332029,0.0022038929295323,0.00342211128230438,0.00447144122422921,0.00533276884913936,0.00601162232671357,0.00653944141168422,0.00702837050784941,0.00764140108922026,0.00844905978962818,0.00935905338676385,0.0102364877470562,0.0110475902863053,0.0118190786114319,0.0125005233868186,0.0129809967694919,0.0132620458777374,0.013513289418571,0.013889670980527,0.0143525979471947,0.014745759390616,0.0150089372630918,0.0152275162449609,0.0154780995434053,0.0157229250095339,0.0158977973985806,0.0160331439356892,0.0162166372473593,0.0164602025055968,0.016668944931169,0.0167509093533589,0.0167189686837059,0.0166668695871045,NA,NA,NA
1,-0.00825471606354855,-0.00811496656080501,-0.0079773239987122,-0.00781487111719736,-0.00759811127344251,-0.00731665914562768,-0.00699418263755081,-0.00667533828477396,-0.0063980232578329,-0.00618156985793739,-0.0060327051072912,-0.00594576247273959,-0.00589361425320428,-0.00583235523914294,-0.00572574571297513,-0.00556252126421375,-0.00534854622761899,-0.00509280759023745,-0.00480934161616292,-0.00452302084909062,-0.00425655254012425,-0.00400893509620825,-0.00375641519185527,-0.00347854184547258,-0.00317735649218187,-0.00286914481146988,-0.00256503009081499,-0.00226478519206585,-0.00196431188439589,-0.00166248036582251,-0.00136236064559725,-0.00107108487666829,-0.000798667514044782,-0.000553870604251216,-0.00034124597342805,-0.000163744241301833,-2.60530395500558e-05,6.83586608569153e-05,0.000123148022359409,0.000149092644998627,0.000158101673803368,NA,NA,NA
1,-0.00561750314883099,-0.00536022304280734,-0.00509126731869791,-0.00481195506021358,-0.0045203317340097,-0.00421154519531045,-0.00388341725922099,-0.00354662077893554,-0.00322708876176871,-0.00295131273939932,-0.0027250963862047,-0.00252889993122227,-0.00233696900719241,-0.00213857733971638,-0.00193617553645473,-0.0017254968503771,-0.00148760318155207,-0.0012067236959431,-0.000890921009101119,-0.000566517746522416,-0.000251631612716338,5.81144672155073e-05,0.000375320937235094,0.000698451472404583,0.00100937821627597,0.0012911452832422,0.00154321490946292,0.00177925203669894,0.00201380646912236,0.00225175292416736,0.00248671981936329,0.00270659750620971,0.00290092433953385,0.00306401746133692,0.00319129943190154,0.00327484902944329,0.00330719325579139,0.0032921105233913,0.0032497456567693,0.00320769333050643,0.00318497114558645,NA,NA,NA
1,-0.00699196415462505,-0.00697799955683163,-0.00696591417782687,-0.0069602334836314,-0.00696440729506749,-0.00697807195172657,-0.00699920644941708,-0.00702736944249419,-0.00706440075423892,-0.00711307606473241,-0.00717505970026336,-0.00724838411247736,-0.00732577929095032,-0.00739620140600306,-0.00744918476289164,-0.00747843289853339,-0.00748239048976987,-0.00746313589160869,-0.00742536012679698,-0.00737514731052277,-0.00731808009648149,-0.00725744438081319,-0.00719289015931207,-0.00711932942136298,-0.00702788580025018,-0.00691155884436767,-0.00677308372100743,-0.00662682946646959,-0.00649069982740502,-0.00637511621591896,-0.00627950707743802,-0.00619745192177912,-0.00612284634128929,-0.00605209268016915,-0.00598430060511884,-0.00592153550718028,-0.00586737425618389,-0.00582370575635816,-0.00578996448861824,-0.00576616466086999,-0.00575409129980231,NA,NA,NA
1,-0.0189598121770464,-0.0142097502639122,-0.0104704224479583,-0.00761632482342772,-0.00624644002392388,-0.00740470536989279,-0.0107480659704295,-0.0141723905574744,-0.0156259447591314,-0.0146354745003562,-0.0119489573337151,-0.00856117004208201,-0.0054871498820015,-0.00367512467102538,-0.00336746169992119,-0.00384164884369176,-0.0042706642862318,-0.00447899285406639,-0.00433518548057954,-0.00288075791964515,0.000976256342245185,0.00684714562233224,0.012729609628324,0.0167873107405947,0.0187322186034311,0.0191751254281914,0.0182228699405905,0.0153710243469511,0.0106098070457041,0.00505132706955508,0.000309032674708276,-0.00250499770853102,-0.00313428641598923,-0.00182487276849258,0.00112067230458879,0.00536017559395491,0.0101365293378701,0.0141462400996237,0.0162262978468528,0.0163892280377354,0.0158808082128101,NA,NA,NA
1,-0.00711747949877967,-0.00679163635534485,-0.00642842507788161,-0.00604995783115825,-0.00565191061351711,-0.00522228314299195,-0.00477252911072756,-0.00433440122608247,-0.00392607670851514,-0.00353238324486649,-0.00311881566682309,-0.00265650571476894,-0.00213702771736135,-0.00158074703944111,-0.00104182089273053,-0.000597382430901183,-0.000315376313283988,-0.000217881313061941,-0.000262887802298883,-0.000357322000031524,-0.000402876248979445,-0.000357183197977617,-0.00026738449610747,-0.00023922572564633,-0.000358117939146974,-0.000622933397046166,-0.000934943987376868,-0.0011375821888,-0.00108763851498628,-0.000736855102995204,-0.000172606733407688,0.000441650117577908,0.000998608710780891,0.00152097977602578,0.00209078709115046,0.00272172159583683,0.0033327816672945,0.00383821696374631,0.004215504625532,0.00447232059412916,0.00460129389516312,NA,NA,NA
1,0.00893559831288337,0.00890911296432795,0.00903574661966444,0.00935589128458303,0.00978519047301241,0.0101872947138797,0.0105149448226545,0.0108511996504366,0.0113132231468416,0.0119483893107284,0.0127288289011778,0.013603524731197,0.0145197396444914,0.015412496614442,0.0162205736047596,0.0169389404149125,0.0176535791325607,0.0185133306514942,0.0196466420091181,0.0210738509245896,0.0226837987582289,0.0243150282317479,0.0258879291774448,0.0274557417316033,0.029108064637358,0.0308353999935136,0.032525715696696,0.0341021217939261,0.0356225386196056,0.0372071565461904,0.0388850181720823,0.0405530117795758,0.0420876589140229,0.0434584135603866,0.0447097787865158,0.0458578841959607,0.0468402163752009,0.0475689621802418,0.0480127073199101,0.0482208630370136,0.0482862043142802,NA,NA,NA
1,-0.0020068158988561,-0.00294113734838586,-0.00396446804788142,-0.0047248445188619,-0.00495891712740848,-0.00455531140105048,-0.00352976630749824,-0.00202584088712032,-0.000284389293741527,0.00149453937999755,0.00326462719650034,0.00505860107587663,0.00683686065576228,0.00849521302162981,0.0100020948989049,0.0114198635072275,0.0127762612920707,0.0140253784940616,0.0151828190762072,0.0163937436674817,0.0177742597622552,0.019245602971486,0.0206196731338595,0.0218122800669625,0.0228766853405616,0.0238499160110336,0.024685367317386,0.0253733649147467,0.0260420210799899,0.0268697976865645,0.0279172414786812,0.0290710294064008,0.0301392268399987,0.0310073051398212,0.0317417338650323,0.0325339497564228,0.0334780750372592,0.0343976448611412,0.0349796430938509,0.0351215893190446,0.0350553117092005,NA,NA,NA
1,0.0209105214786994,0.0210450778097093,0.0212045556583304,0.0214440310885614,0.0217692090008352,0.0221387545492807,0.0225174360489485,0.0228916051507266,0.0232402314636909,0.0235377670576293,0.0238049381986668,0.024125834643293,0.0245867148757622,0.0252097257691332,0.0259636514759305,0.0268216992504613,0.0277808688058716,0.0288330636586589,0.0299499895848297,0.0311034783522638,0.0322754731994858,0.0334345246973707,0.0345218155987409,0.0354819596229578,0.0363043756163194,0.0370231921559841,0.037681755133082,0.0383079263260561,0.0389156566237068,0.0395082942358589,0.0400710934931532,0.0405718487898174,0.0409820570991399,0.0412994404627062,0.0415478150156534,0.0417571576925813,0.0419450511714582,0.0421117995707664,0.0422461530456524,0.0423352598592609,0.0423755638902132,NA,NA,NA
1,-0.000499224520444499,-0.000662446196052588,-0.000775386203328524,-0.000809670625774361,-0.000758484489757613,-0.000622308563306972,-0.00040223543024881,-9.88661909514105e-05,0.000289518968331542,0.000765368519541398,0.00132393664736122,0.00194834581091631,0.00261620607616295,0.0033112208699083,0.00402778577572119,0.00476796401496449,0.00553787389107396,0.00634434867611056,0.00718902236326029,0.00806464665117864,0.00896027097470958,0.00986843688920679,0.0107808260949671,0.0116759299987517,0.0125188896130441,0.0132789842207499,0.0139426238880296,0.0145037439695798,0.0149469852708181,0.0152506561728551,0.0154068707308494,0.0154320242586879,0.0153597372067081,0.0152359377963319,0.0151221802185761,0.0150821644774847,0.0151409249070966,0.0152575131307578,0.0153568980637664,0.0153977791420791,0.0153997400780562,NA,NA,NA
1,0.0145622570396179,0.0197865868579177,0.0255761916795053,0.0314163489947028,0.0370691556144246,0.0424852496986692,0.0477211661728965,0.0528473770431247,0.0577033663836501,0.0615951145726972,0.0633475362487516,0.0619793853714309,0.0575925904659663,0.0515690855521816,0.0456366828523449,0.040559340767362,0.0357925813123368,0.0305127740564104,0.024875796121007,0.0200560594459049,0.0170453332760271,0.0156526567452474,0.0148425464163006,0.0139074375178718,0.0130673256893689,0.0129382612211069,0.0136848705809149,0.0148756252883961,0.0160615694531812,0.0172809893146535,0.0189393951737262,0.021307799827623,0.0242316448894344,0.0272887667885371,0.0301185027762463,0.0325393458608312,0.0344115817527513,0.0355404312435033,0.0358390420008692,0.0355656975831422,0.03524305756478,NA,NA,NA
1,0.012649004919273,0.0128158367835426,0.0130824870827836,0.0134487383318058,0.0138729764970452,0.0143015344798397,0.0147002217033427,0.0150508621064171,0.0153305668564731,0.0155168203215732,0.0156159590979037,0.0156694036731686,0.0157222089680891,0.0157941920068519,0.0158858356765152,0.0159958265081218,0.0161177826151733,0.0162325110748015,0.0163289539623754,0.0164352980706967,0.0166082749248766,0.0168812089336027,0.017236295656302,0.0176385289800933,0.0180830730499285,0.0185927092387488,0.0191780726669404,0.0198221910275146,0.0205024574190585,0.0212025896422667,0.0218915698048572,0.0225097413277199,0.0229963388855183,0.0233273842050699,0.0235164040006178,0.0235886669173172,0.023574522290826,0.0235224614020077,0.0234881534998941,0.0234937235470673,0.0235131125573608,NA,NA,NA
1,0.00284882035890466,0.00326524574675791,0.00387260405514833,0.00446595601053845,0.0049215925963767,0.00528475108912818,0.0056521009318431,0.00602800980006069,0.00635103758896394,0.00663088354079799,0.00698196729175882,0.00750124701358512,0.00816223477417588,0.00885957523172332,0.00951994979082271,0.0101279015568323,0.0106699914019479,0.0111140617710068,0.0114524929056851,0.0117206993789926,0.0119468820591894,0.0121048072389032,0.0121348892267726,0.0119970003343015,0.0116943487088144,0.0112774429824045,0.0108570557781014,0.0105946902688984,0.0106310364724353,0.0110003590247577,0.0116208498729047,0.01236347997266,0.0131123580025175,0.0137707346313306,0.0142593362138244,0.0145466040996668,0.014671196732272,0.0147101050507197,0.0147222195769856,0.0147282905348669,0.0147306461848205,NA,NA,NA
1,-0.0198218953696327,-0.019127611351261,-0.0168134497012512,-0.01555716267436,-0.0154653111420764,-0.0149422116627153,-0.0146193751454348,-0.0168293984876452,-0.0212145732401758,-0.0239803380143386,-0.0225043392546065,-0.0186994166159378,-0.0167977589079357,-0.0189763105915862,-0.0235528930415644,-0.0262738867300508,-0.0234113169077235,-0.0154730465749694,-0.00823210965867152,-0.00785802876697433,-0.0138274447784649,-0.0184886670842485,-0.0151904178459948,-0.00544906160028477,0.00333237089583066,0.00554691718315742,0.000820987309481769,-0.00834658771831892,-0.0188236643879158,-0.0266623018448932,-0.0278790774258897,-0.0212120468054888,-0.00942390994110225,0.00221134727802327,0.00803075136929635,0.00445692715196264,-0.00600051697247188,-0.0133823716833527,-0.00783958888112751,0.00872093684744567,0.0225235799774505,NA,NA,NA
1,-0.015546895482636,-0.0146308688683781,-0.0134735005792298,-0.0121392703555015,-0.0107676746235101,-0.00952864046900903,-0.00850095331792416,-0.00761120101948831,-0.00671696940267758,-0.00574022622854342,-0.00470917119846681,-0.00370406545186375,-0.00280392068729679,-0.00206469536957843,-0.00148431464474763,-0.000974767881036454,-0.000427439241917016,0.000154834876503585,0.000632455172143276,0.000889282286622772,0.000999963207615084,0.0011847847682836,0.00160016478275815,0.00221695956707579,0.00289843665857198,0.0035353199628434,0.00408509721077666,0.00454013311410123,0.00490749595255052,0.00519374811578144,0.00537593718404228,0.00542093028466739,0.00537265919748331,0.00537528051605762,0.00553421789897207,0.00576872233254849,0.00588528680580397,0.00580951635365407,0.00566590737946199,0.00559969953933032,0.00560741818133809,NA,NA,NA
1,-0.0195494966047209,-0.016052156554901,-0.0133977868863085,-0.0159946344150447,-0.0224454671854181,-0.0268479299189517,-0.0262455901455607,-0.0232177265469998,-0.0209960577791199,-0.0193974028809875,-0.0167512461190256,-0.013364875008776,-0.011444534901231,-0.0128688413228562,-0.0179013484457878,-0.0246432283865087,-0.0289721748879971,-0.0269250997127928,-0.0188492019348512,-0.0101350917265784,-0.0062669221897913,-0.00775943247968869,-0.0110222357325611,-0.0130589573291854,-0.0136827700168047,-0.014040193154418,-0.0150489569509958,-0.017004414891709,-0.0187940517765561,-0.017667273246707,-0.0119618561575721,-0.0043708757092511,-0.000278191574877906,-0.00190880109004576,-0.00594374684083604,-0.00798853148341638,-0.00757306668918989,-0.00721217080261766,-0.00818851896636019,-0.00948408418456775,-0.0100841565765731,NA,NA,NA
1,0.00333479418910976,0.000765071753239921,-0.00268818877344978,-0.00714499870555207,-0.0106375535575942,-0.00998867750518095,-0.00583741473108423,-0.00333943364676803,-0.00614460953318086,-0.0115249352270647,-0.0132368780959312,-0.00848020779381004,-0.000823083294490268,0.00338329900152567,0.000691177963559164,-0.00692210911288366,-0.0142558712288841,-0.0172946101216578,-0.0155384287767532,-0.0102483131223854,-0.00147746032305962,0.0116444154652229,0.027539155276833,0.0406290519988291,0.0443365041685345,0.035547551443408,0.0164395240989458,-0.00659430197228783,-0.0254384684320904,-0.0338874817566981,-0.0310600754661989,-0.0209911894682629,-0.00808509267040691,0.00568373405291472,0.0180247234945775,0.0238887821961477,0.0202706334762131,0.0127846680644718,0.0119291863803387,0.0205213519876273,0.0295043347467158,NA,NA,NA
1,0.00746216200036423,0.00513796191600574,0.00455587073794478,0.00160413443858953,-0.00340912500257168,-0.00590758721804691,-0.00424360138925356,0.0208221382928393,0.0204548505330047,0.0193132835864229,0.0190554273835851,0.0199338148141004,0.0206738584582432,0.0202271228486227,0.0188386100723516,0.0177438310041622,0.0184004342148976,0.0215401810981731,0.0262772031777893,0.0305451994299358,0.0331329067357513,0.0348481621768657,0.0367143878027589,0.0373531546212905,0.0335713452574175,0.0240298542765955,0.0113990349028158,0.000271579640059666,-0.00640355818934654,-0.00831549589646127,-0.00622118661264109,-0.000832982782936753,0.00658128045170137,0.013623066657002,0.0299562851392789,0.0314467591933624,0.030166331091142,0.0322924971077643,0.0406462455923167,0.0518843825214528,0.0594130666517101,NA,NA,NA
1,-0.00641912092818819,-0.0114954127988288,-0.0146334259270885,-0.019646559906869,-0.0268515359004794,-0.0318526355431747,-0.0319900784216246,-0.0179533793724425,-0.0178782636180543,-0.0183973242673998,-0.017999467802997,-0.0167957703292461,-0.0168350203827939,-0.019432376991526,-0.0232028793601704,-0.0251349158225279,-0.0231116158180198,-0.0172720417285968,-0.00955870735011097,-0.00232197912584395,0.00302819821767675,0.00642528593788338,0.00817316510445412,0.00765060654860547,0.00357117178070038,-0.00409179936361984,-0.0129034641966683,-0.0193538070106316,-0.0214343302626153,-0.0195059303983414,-0.0149341805053387,-0.00873677901542344,-0.00182296330581669,0.00430470752350071,0.0220778544011817,0.0249371246920037,0.0263872060589556,0.0304160736355726,0.0379586064127719,0.0461535530175499,0.0511018483012983,NA,NA,NA
1,-0.0171989147019809,-0.0130578796135802,-0.00490479419861325,0.00243764924905329,0.00476689956906465,0.00282070289308142,0.000231513448778337,-0.00175411245042248,-0.00520749241709792,-0.0111598224283207,-0.0167390878253755,-0.0178716831108521,-0.0133581915815466,-0.00523911994019394,0.00319303883108424,0.00821830522449052,0.00649076526672837,-0.00183757542447799,-0.0110063195943652,-0.0135428164433079,-0.00714332078720642,0.00410932093840377,0.015443197336324,0.0252568047677056,0.0319201324917549,0.0302890804874847,0.0158448364453237,-0.00777750369114796,-0.0287417414066602,-0.0360981112909063,-0.028210368072292,-0.0124904587298445,0.00143407523759914,0.00832728922050879,0.00967940451598165,0.0109317931864275,0.0152848199560215,0.019642127173126,0.0182137494103474,0.0106432760424397,0.00377825533507892,NA,NA,NA
1,-0.00113693356547351,-0.000940332245170539,-0.000648709264135017,-0.000232448028841259,0.000284902516930585,0.000909500612333691,0.00172152888417415,0.0027614648563708,0.00391568115319302,0.00500106516520155,0.00594174088233618,0.00677388862606743,0.00749007171801913,0.00799925864318746,0.00588464366578881,0.00599894616445668,0.0061883581084447,0.0064872615143842,0.0068659885043377,0.0072963827249701,0.00775869057716849,0.00819653581325347,0.00853141302684213,0.00874972861912685,0.00893909542681628,0.00920741049223225,0.00958408452483263,0.0100229244666218,0.0104815424698658,0.0109659131281992,0.0115047176683669,0.0121123536287976,0.0127814853980151,0.0134839230435937,0.02484343661683,0.0260041367502699,0.0268538497131655,0.0273850960573262,0.0276781603244578,0.0278252294151968,0.0278838076904613,NA,NA,NA
1,-0.0569525746667572,-0.0668972532282144,-0.0374330285750515,0.0246379499608055,0.0676870871198855,0.0482298355996973,-0.0156212666199347,-0.0633100515414876,-0.061764923346617,-0.0358147988332351,-0.0255647099873628,-0.0348948502181856,-0.0367250335287211,-0.0163288637156708,0.0102164786461422,0.0195208699998438,0.00735237048823201,-0.0131581053214463,-0.0295142806665831,-0.037802527669446,-0.0366509286684389,-0.0225717042633805,0.00391999777353891,0.0300145930444896,0.0355303157591498,0.0119906470092711,-0.024859519707776,-0.0485911145223807,-0.0493916397745462,-0.0402654405676989,-0.0330686304062237,-0.0196772674174408,0.0114968216913005,0.0476101491514481,0.0581284360102216,0.0327678630736723,-0.00177304865129957,-0.0110913511687726,0.0105373561944518,0.0410150512711835,0.0588598681473554,NA,NA,NA
1,-0.00399931468952347,-0.00395121891458788,-0.00377187059005335,-0.00355474074648182,-0.00330192770340965,-0.0029352056620533,-0.00241621915671231,-0.00178939656434834,-0.0011107126395466,-0.00039657704581747,0.000343856392812314,0.00107887026678161,0.00178261593597312,0.00245620946337988,0.00309415420243203,0.00365905485388662,0.00411789436738802,0.00448321038152077,0.00479452468969177,0.00507852618604526,0.00535110915820025,0.00563567789948655,0.00594390871559058,0.00624877439381499,0.00651070331942971,0.00672832927966199,0.00693656288551858,0.00716111622131288,0.00740897286416381,0.00770335898139984,0.00808835934844182,0.00858253701113859,0.00915329436344675,0.00974806416828961,0.0103229722578524,0.0108283130315963,0.0112029228783543,0.0114180358102713,0.0115111586356214,0.011548474929309,0.0115655446807998,NA,NA,NA
1,-0.0194964140415151,-0.0189868917431407,-0.0184380800569728,-0.0178952947695317,-0.0173479135108167,-0.0167679680047776,-0.0161507422142231,-0.01550040649497,-0.0148123977908471,-0.0141023120659538,-0.0134209395756659,-0.0127952074823985,-0.0121718414219727,-0.0114703129334129,-0.0106896317743297,-0.00991643831051425,-0.00922240142904285,-0.00859803158719219,-0.00799708169159158,-0.00739549202565215,-0.00677881586627144,-0.00611412763257396,-0.00537808483013014,-0.00459554579189914,-0.00382077565267835,-0.003097181458669,-0.00245476523390609,-0.00190820789239532,-0.00140953881553274,-0.000830690300144488,-6.28505907955823e-05,0.000859200010581151,0.00178335936217022,0.00259926637619101,0.00331893465369093,0.00398557827068624,0.00456787485315518,0.00499271849843752,0.00524233583970973,0.00536523724691146,0.00541351262987921,NA,NA,NA
1,0.000267787209166093,0.000829870855193038,0.00163282056114145,0.00272972205342059,0.00408659438189851,0.00544606475510723,0.00643727998253385,0.00689160468483063,0.00695229714249479,0.00680851750482014,0.00645425758687979,0.00585288046697907,0.00524520468172707,0.0050818038632563,0.00561996010394861,0.00672384159604222,0.00807993068161916,0.00946101148979805,0.0107414639134904,0.0118383374484315,0.0127756087449113,0.013695344377015,0.0146489475747006,0.0154330560439544,0.0157839486933926,0.0157195687065744,0.0155546910066139,0.0155732981264217,0.0158101492325449,0.0161655076204733,0.0165846546868808,0.0170507814236444,0.0175165744520046,0.0179524315534889,0.0184078302987167,0.0189357104250897,0.0194894648884095,0.0199656087086351,0.0203156323794118,0.0205493707890886,0.0206682909139557,NA,NA,NA
1,0.00104843380501185,0.00668081167239865,0.0165120489731811,0.0265626738983196,0.0306719855425379,0.0259322445993153,0.0155008116579114,0.00575321316202659,0.00146392391489658,0.00377215339737802,0.0108569541938484,0.0189748207391622,0.0240446415951603,0.0244684449045705,0.0224102892230442,0.020821130228762,0.0195747824491439,0.0165451258661169,0.0123964501082243,0.0114447277589422,0.0163020366420066,0.0238160661808831,0.0285188645117118,0.0288199850548323,0.0274220561817948,0.0264478203516405,0.0251303955724476,0.0227125702921087,0.0208297299874021,0.0214164028691444,0.0239944677474099,0.0268558659710735,0.0298462841864447,0.0339942419026393,0.038804193838017,0.0419920198055147,0.0424503395883328,0.0420188464517542,0.043298464704181,0.0463956780249528,0.0489090022984422,NA,NA,NA
1,-0.0125018917761855,-0.012830105769046,-0.0130354612536065,-0.0128711125399715,-0.0122999454035723,-0.0114651890424302,-0.0104861891591084,-0.00938164523486024,-0.00819052647944984,-0.00705510888464561,-0.00611742925186742,-0.0053838636332933,-0.00474962198150686,-0.00412660362387973,-0.00349414225660244,-0.00284858264899679,-0.00217636900252682,-0.00149889983958734,-0.00090007240310247,-0.000469962994893713,-0.000220075319741553,-6.15060017045699e-05,0.00013487009602442,0.000449762230693429,0.000869897854885837,0.00132672847808613,0.00178756184459988,0.00230175401764598,0.00294249111073985,0.00371256982695273,0.00453393861249884,0.00532868275956916,0.00607783830997166,0.00679010077018005,0.00744733686223348,0.00801112787593811,0.00846619182768454,0.00882590338377226,0.00909865524994541,0.00927492254137591,0.00935294759972483,NA,NA,NA
1,-0.0240163078184246,-0.0244038219377927,-0.0189091936906676,-0.0132964795388911,-0.0151743758728146,-0.0246431164282495,-0.0331249151450873,-0.0321652780999115,-0.0222913396755212,-0.0120838179756357,-0.00898138116092506,-0.0123566778893547,-0.0160060027048906,-0.0161653805179028,-0.0154581876120178,-0.0186509411904566,-0.0256974129113393,-0.0303321977312473,-0.0259202896850591,-0.0122830023211901,0.00342846217224668,0.0121163640082268,0.00875992214374277,-0.00566862579429395,-0.0259712676468291,-0.045103257991522,-0.0560783529715385,-0.0544985985981739,-0.0414241819425615,-0.0237812344972874,-0.01050480877699,-0.00678492417359866,-0.011052904603791,-0.0169390884004629,-0.0182409152554109,-0.0131193876242875,-0.00491053581953893,0.000757025619366303,0.00054724222564384,-0.00386757530794646,-0.00768777055091985,NA,NA,NA
1,0.00452989262648345,0.00847304839345057,0.0116022781138564,0.0111820876062982,0.00607978898980396,-0.00286150004925564,-0.0135878193307763,-0.0227499089440644,-0.0271279950714351,-0.025536018524503,-0.0167477316576216,0.00219965343013526,0.0280139130569389,0.0419368787775197,0.0222260689859256,-0.025209979271657,-0.0600162075819921,-0.0474262732657856,-0.000690979018883736,0.0344207767430834,0.0375436408199045,0.0345163259382058,0.0514785473198197,0.0706000191870362,0.0543594819823901,0.0024340121860574,-0.0445324761241355,-0.0601279495872054,-0.063512755189522,-0.0807385477759693,-0.095501766489743,-0.0651458834102318,0.0172062252079835,0.100018917288477,0.122710989213967,0.0768068968354444,0.00962917579309232,-0.0253580068056533,-0.0130958370337036,0.0221426150460099,0.0473996357714633,NA,NA,NA
1,-0.0215861991310544,-0.0220441365587936,-0.0020033665571044,0.00946822700793118,-0.0058328333612675,-0.0266990978866721,-0.0212945261567988,0.00782534757362119,0.0274553155689778,0.0190071994505802,-0.000990898275793684,-0.00988697853630963,-0.00851678386649962,-0.0100895743570595,-0.0150661691244136,-0.0145341419655114,-0.0100465823784673,-0.01121254974216,-0.0160819130634526,-0.0120394176229114,0.00199529645155638,0.0110586767169248,0.00692448812993418,0.000154041109742764,0.00150901663236075,0.00496783625688507,-0.000187523022568914,-0.0117194477691963,-0.0207454096541881,-0.0254198946740912,-0.0247283719004898,-0.00928940176395349,0.0223429775711884,0.0449579129482536,0.0289105749408488,-0.0167736314473353,-0.0470797462975732,-0.0351267320709256,-0.00255219260498868,0.015968465555906,0.0168715259898545,NA,NA,NA
1,-0.0231773293112706,-0.0210456803610573,0.00383943585283941,0.0218001171879462,0.0156796777147237,-0.00287177272565919,-0.0147618267203236,-0.0147209485100377,-0.0111252323320935,-0.0140005298395631,-0.0221622505044292,-0.0194094355516461,0.00656411348326891,0.0362718800181719,0.0281322924618254,-0.0267405196424062,-0.077232247986986,-0.0687393308390498,-0.0172331696577209,0.0101108543202034,-0.00979434412149471,-0.0218187744365557,0.026549746365749,0.105652506534754,0.138920485573378,0.097426860817069,0.0224338004554658,-0.037513676497565,-0.0741613483978738,-0.100261756328756,-0.114796506130505,-0.102092296877063,-0.0503015570312652,0.0340218463212056,0.114954972279405,0.136302132416834,0.0732690740833011,-0.0189475708563288,-0.0453698524138532,0.0186979004900191,0.0926382442832943,NA,NA,NA
1,0.0130304040137511,0.0133991983425364,0.0137993895258298,0.0142350845452223,0.0147418202406989,0.0153494719600075,0.0160316606689982,0.0167074492484064,0.0173018165049111,0.0177965372912202,0.0182183728276421,0.0185957257594845,0.0189488846362773,0.0193167072893046,0.0197570155038238,0.0202889010037614,0.0208364102213375,0.0212569967056407,0.0214489751246608,0.0214359876609337,0.0213475328760237,0.0213294072429914,0.0214817510571479,0.021862443947357,0.0225050712034484,0.0234056385943687,-0.0197892442269744,-0.0188596904917332,-0.0173104824105713,-0.0136236715879723,-0.00462572301143823,0.0121614382512108,0.0350880688193653,0.0579684676636394,0.0741451106919665,0.0814581945422524,0.0831064373532215,0.0340772302893746,0.0343917084326796,0.0346135914796795,0.0347395435654239,NA,NA,NA
1,0.00563452251658786,0.00585618269432231,0.00610069076440289,0.00637188596411686,0.0066760389846876,0.00701183180561027,0.00737081629050457,0.00773811855195283,0.00808921641443877,0.0083940460264732,0.00863487304092841,0.00882305791707061,0.00899343730947033,0.00917706469608753,0.00937940121345165,0.00958846943950165,0.00980446391142936,0.010055731478974,0.0103804601806316,0.0107943586845548,0.0112802794502019,0.0118060519390709,0.0123452686589238,0.0128855119622713,0.0134339326886459,0.0140216147130579,0.0146846713640741,0.0154222603107204,0.0161821194748329,0.0169093252624365,0.0176051508727059,0.0183105903284527,0.019029250731697,0.0197032534114238,0.0202880298185484,0.0208173397654638,0.0213480908822805,0.0218528048750997,0.0222229249276289,0.0223956952517735,0.0224320362256494,NA,NA,NA
1,-0.00311241695870007,-0.00313335554126665,-0.00318228525031267,-0.00326926487454277,-0.00337458798842138,-0.00347057396568562,-0.00355252389628247,-0.00362335471311098,-0.00365944532159418,-0.00362693343182963,-0.00353659703199438,-0.00345116156822733,-0.0034209187382569,-0.0034309654790578,-0.0034279348635714,-0.00338104794815436,-0.00329482979128332,-0.00317371915425579,-0.00300356323159179,-0.00277235772715351,-0.00248874739804528,-0.00217172385527797,-0.00183698843977637,-0.00150370296568991,-0.00120279796540901,-0.000962126180295397,-0.000780980188040015,-0.000623845985272209,-0.00043874889576595,-0.000181417869213663,0.000169886485740012,0.000611479097386958,0.00112071098612349,0.0016645572343475,0.00220104996765041,0.00267678160210549,0.00303719329124547,0.00325355709379477,0.0033429460779742,0.00335738854873063,0.0033503771680527,NA,NA,NA
1,-0.0103666445588936,-0.00995499040513126,-0.00950340204705255,-0.00907911618438995,-0.00871069207318381,-0.0083886474214768,-0.00809369301650154,-0.00782254789895578,-0.00759406241978561,-0.00743567506425613,-0.00735746928363218,-0.00733098607531901,-0.00729744335857146,-0.00720861514505433,-0.0070637275713939,-0.0069021434936839,-0.00676087255214053,-0.00664541031547544,-0.00653728614982896,-0.00641171193476453,-0.00623871630617917,-0.00598351131868802,-0.00563071389847741,-0.00521345646165061,-0.00480339414035869,-0.004458968326426,-0.00418363757686829,-0.00393757130704231,-0.00368692693911143,-0.00343941247298579,-0.00323683945158454,-0.00311764969695344,-0.00308207131891386,-0.00308547953259375,-0.00306528890930619,-0.00298258076227204,-0.00284607345362986,-0.0026996425575973,-0.00258701693271268,-0.00252512986719683,-0.00250343641472711,NA,NA,NA
1,-0.00173983991214022,0.00285970473750197,0.00700015202698123,0.00688322277651154,0.0023131659973582,-0.00300257013116589,-0.00604436460652769,-0.00733852519579581,-0.0084521611649625,-0.0086223688770769,-0.00588591225158475,-0.000843937692242336,0.00284695061989693,0.00224491027241114,-0.00192321217366487,-0.00667536822286985,-0.0100181409806517,-0.011788247955887,-0.0119835303269412,-0.00970514090119889,-0.00417247454309277,0.00380688794472628,0.0117455618484548,0.0167249997218685,0.0169276176677182,0.0126064711549381,0.00589655037434444,-0.000631653378754815,-0.00553091243858839,-0.00850986620234739,-0.00905703173019212,-0.00589628281020882,0.00133848004429549,0.0101331294480854,0.015984453945965,0.0161659934222291,0.0125295158254674,0.0099867936355218,0.0118871896158738,0.0169393378508407,0.0208828779412629,NA,NA,NA
1,-0.00980954193947098,-0.00912904467321829,-0.00832061893314967,-0.00757594965548825,-0.00697483423616835,-0.00640453911921007,-0.00573973918040072,-0.00503586560494551,-0.00445834718438315,-0.00405820582017896,-0.00374343554304835,-0.00350249088098792,-0.00352891261240706,-0.00400814944125044,-0.00483310763110278,-0.0056643036547582,-0.00628614197852145,-0.0067888725095997,-0.00734179281950353,-0.00787849322032977,-0.00810299583344704,-0.00776449551160907,-0.00682757490258176,-0.00539098910842425,-0.00356586195408767,-0.00149160892523478,0.00061254998986468,0.00251222606888632,0.00407649908893334,0.0053002430886013,0.00624205329419547,0.00699196136729974,0.00765491270670141,0.00824645573161184,0.00856641605508299,0.00828023707243528,0.00724468027700395,0.00575232156627944,0.00437290166363841,0.00352036219465701,0.00320136627060608,NA,NA,NA
1,-0.0372975881409214,-0.0550552895575265,-0.0500599138220563,-0.0232155997168864,0.0077515694269259,0.0197011130859623,0.00497537155375016,-0.0170719394943926,-0.0223308767998642,-0.0158293169688313,-0.0234929367819869,-0.0465255939843049,-0.05241055327322,-0.0269079528908653,-0.00463266977787702,-0.0174146412363111,-0.0373588804787524,-0.0165943906548395,0.0282969364717593,0.0281928194495574,-0.0323961801060011,-0.077712483504207,-0.042286262239265,0.0343171549454678,0.0626165255793086,0.0251490859011112,-0.0145066878717657,-0.0159804264075835,-0.0128453368723056,-0.0419650794363963,-0.0746730822816455,-0.0570747672347088,0.00872311842857287,0.0635052984002606,0.0623452424763944,0.0172820460814492,-0.0278410809660505,-0.0399341170945005,-0.0137695087662624,0.0307420382093724,0.0624520073169753,NA,NA,NA
1,-0.00750439345899095,-0.00678721573163171,-0.00559532187035938,-0.00345821429155535,-0.0031219466787768,-0.00632307084941069,-0.0100724430399135,-0.0104474461999496,-0.00829692103791846,-0.00765896467153254,-0.00952733330760325,-0.0107802970848901,-0.0090880603245555,-0.00560429259209932,-0.00260063521385073,-0.00144792456768283,-0.00314831397546195,-0.00751441521714741,-0.0111270296523808,-0.0097841619514859,-0.00460949349203055,-0.00220559049415647,-0.00620205044720901,-0.0117202045349948,-0.0115744132444929,-0.00563085048471446,-0.000109558821264844,0.000875468231955945,-0.00124372104641812,-0.00388082451724781,-0.00650939595587319,-0.00876474851018871,-0.00941789984170605,-0.00877850762153853,-0.00882700378084433,-0.00944724651590934,-0.00790719358814218,-0.00402504417442884,-0.00220126062526393,-0.00521556869428463,-0.00930593165820037,NA,NA,NA
1,0.000421850709552335,0.000185066335648375,0.000181301012179877,0.00085895235303711,0.00196902578766281,0.00296189956217005,0.0038168215236901,0.00489411616148654,0.00600680941150724,0.00631091186380475,0.00540991258700177,0.00408144240218207,0.00346722285328012,0.00382811233917192,0.00456696188750667,0.00529900068775101,0.00632409029768184,0.00798636379448463,0.0101124124744492,0.0123610826452621,0.0147240086829337,0.017255034335217,0.0195162933234234,0.0207856181764502,0.02083914703154,0.0201166008337071,0.0189581639502445,0.0170453069356792,0.013958072271202,0.0101560942121704,0.00701638532448301,0.00576116836964224,0.00650862498744512,0.00845271928574806,0.0107690452543024,0.013126075840762,0.0154080511331737,0.0172970345234102,0.0183885272245525,0.0186569490414931,0.018560041662916,NA,NA,NA
1,-0.00122631380886151,-0.00131274915981017,-0.00142516826953365,-0.00150723492247939,-0.00147691134571026,-0.00128435281761041,-0.000940797808300031,-0.000486140999464424,5.66222577511599e-05,0.000682253412125244,0.00137446682100428,0.00210156727375721,0.00284001202736328,0.00358074354492832,0.0043074319815174,0.00498896914209768,0.00560634784174907,0.0061742078015421,0.00672250696321697,0.00726542496050531,0.00780031112738921,0.00832766684435815,0.00885371568098903,0.00937436496563293,0.00987276223581979,0.0103358678409198,0.0107608423053768,0.0111418957962427,0.0114652469244739,0.0117266774360588,0.0119448959399671,0.0121462215881641,0.0123394453319715,0.0125139167374904,0.0126591081283843,0.0127771057441596,0.0128764501772199,0.012961700249303,0.0130309917617526,0.0130790775763502,0.0131022072473316,NA,NA,NA
1,-0.0116549183527505,-0.0153613883431184,-0.0193074015818078,-0.0214391001346243,-0.0206587975532019,-0.0177931664090259,-0.0145616666790942,-0.0118938888608725,-0.00963217827568452,-0.00753892987413346,-0.00597162198665646,-0.00566736192409034,-0.00743464778504793,-0.0119003111373757,-0.0186312044568336,-0.0252097075549692,-0.0281407821244367,-0.0256445843056817,-0.0193479637759728,-0.0125469522031735,-0.00697685100949041,-0.00201322852098057,0.00306543238461299,0.00708428241842107,0.00780646000876911,0.00423549384508148,-0.00244983214344763,-0.00991517774930539,-0.0160791889956082,-0.0197375277553613,-0.0205036744513825,-0.018487600925652,-0.0140527333864167,-0.00804256625051403,-0.00221776590657086,0.00130881407122008,0.00196781981608296,0.00183683849234129,0.00371763150963655,0.00775183698349569,0.0110195090612047,NA,NA,NA
1,-0.00438905055134844,-0.00429814759102032,-0.00418121377324315,-0.00405681192445462,-0.00394262079910634,-0.00382958247104592,-0.00369041225826652,-0.0035113800879179,-0.00330165405577079,-0.0030710116688438,-0.00281379416154087,-0.00252133045139821,-0.00219815777401761,-0.00185646818891355,-0.00150311185341367,-0.00114318837770136,-0.000790414434671288,-0.00045933016162783,-0.000145295773685133,0.00017799107060848,0.000537690353216935,0.000944095801326456,0.00139253983446033,0.00187119335100566,0.00236071157312592,0.00283489358293534,0.00327336722863156,0.00367566009803885,0.00406081909659545,0.00445604251066214,0.00488656618091388,0.00536622577945145,0.0058849245099323,0.00640554977609145,0.0068833775017158,0.00729210511627632,0.00762662920251825,0.00788379282203441,0.00805439400144192,0.00814013106281672,0.00816702324391183,NA,NA,NA
1,-0.0159296178410481,-0.0154672063890885,-0.0148877130482835,-0.0142605655753688,-0.0137493639398515,-0.0134418067666282,-0.0132382291314612,-0.012958737253143,-0.0125453438817894,-0.0121072807160404,-0.0117586499920757,-0.0114577603870089,-0.0110376091613476,-0.0103645045412319,-0.00942178122271964,-0.00824848710772208,-0.006854364663747,-0.0052263644965691,-0.0033875427699348,-0.00140491142226495,0.000661247541949961,0.00278400842669657,0.0049344533517679,0.00704162779963169,0.00900857119393839,0.0107665396645786,0.0123070782346858,0.0136682041255489,0.014898941450603,0.0160314912321253,0.0170727935330499,0.0180157114708815,0.018857619344462,0.0196027600993031,0.0202417327051275,0.0207389774805472,0.0210596657011994,0.0212142463741563,0.0212642603802845,0.0212769238060915,0.0212828442971031,NA,NA,NA
1,-0.0137423704711495,-0.0117610247864293,-0.0104623773704846,-0.0098047414276663,-0.008975355559103,-0.00737000795158371,-0.00511475843854248,-0.0027783500000953,-0.00100089261484815,-0.000378753101109019,-0.00122162993328567,-0.00316008912878107,-0.00520330566938876,-0.00638292563495924,-0.00627269029375377,-0.00490495976005922,-0.00248246002596719,0.00067240394369561,0.00413009726121016,0.00753619786469528,0.0106598371171769,0.0132293801311527,0.0151342633351397,0.0170828828594898,0.020571496693468,0.0264338341503101,0.0334375944163501,0.0390556136178999,0.0419714602592252,0.0434292389226911,0.0459128713595125,0.050974883395781,0.0585532030311025,0.0675441999811541,0.0761237109677197,0.0819817425871938,0.0836326364821263,0.0819766749539292,0.0797622073211959,0.0789509211984938,0.0791688365567476,NA,NA,NA
1,-0.0285141107466211,-0.0279248812642272,-0.0271417923421988,-0.0261821391079271,-0.0250525880192936,-0.0237384267335583,-0.022209164994615,-0.0204462928427889,-0.0184749464773857,-0.0163623262107007,-0.0141765259709206,-0.0119502224052561,-0.00968635687832076,-0.00738167623079744,-0.00502550649553357,-0.00258834986363188,-4.94764252925162e-05,0.00254702872078227,0.00508400374367834,0.00744181663457688,0.0095758014627465,0.0115202205062945,0.0133364127243936,0.0150775864483834,0.0167845271621112,0.0184700743693167,0.0200927360615357,0.0215755574782337,0.022879247629999,0.0240509143493111,0.0251862610044913,0.0263479661084711,0.0275225860558896,0.0286312758010627,0.0295595823329711,0.0302023147798351,0.030533055753422,0.0306454990871359,0.0306924169663196,0.0307596882200698,0.0308200468346216,NA,NA,NA
1,0.00440294242487638,0.00297633069985198,0.0058670311983694,0.00959424236822304,0.0100141135096856,0.0069222649003306,0.0039157908951919,0.00400826498974233,0.00686686437293266,0.0104485737403063,0.0134531687617812,0.0149804681502026,0.0132933119290344,0.00733330149035977,-0.000286196801075,-0.00375350357911663,0.000907706518265217,0.0114795425471598,0.0210622238126612,0.0241734179479047,0.0213539350217004,0.0181894553357629,0.0201692873670747,0.0279757040469368,0.0367809784815679,0.0398307569671976,0.0334562800415941,0.019618311983838,0.00416755364641552,-0.0072706820196663,-0.0121356338472574,-0.0108418977625643,-0.00522673111528416,0.00245937653424577,0.00992817122533829,0.0155950814957521,0.0195154721064797,0.0231568156584896,0.0276660280152236,0.0323389308793821,0.035232357419773,NA,NA,NA
1,-0.0238774436596263,-0.0231507127922297,-0.0222414808167139,-0.0211711752304791,-0.0200269392617213,-0.0189064634870812,-0.0178373350363165,-0.0167576847944785,-0.0155836045877,-0.0143033182656041,-0.0130091410713878,-0.0118346270327162,-0.0108620277213182,-0.0101057338203173,-0.00959332867385632,-0.00942933592149223,-0.00971561778638588,-0.010378565573686,-0.0111181899122589,-0.0115981963057367,-0.0117032225299153,-0.0115702037120881,-0.0113555659914928,-0.0110309275936443,-0.0104623153704932,-0.00964955553446747,-0.00878900940989635,-0.00806968012793008,-0.0074761454515935,-0.00684560097481193,-0.00606648058620218,-0.00514210672575527,-0.00409190777672086,-0.0029159440316982,-0.00170796255345262,-0.000703169110605695,-9.55771368881808e-05,0.000176207681752305,0.000360834398730581,0.000596955778603914,0.000784072839939531,NA,NA,NA
1,-0.0111163319278776,-0.00475368888274888,0.00642165730769079,0.0169801282284493,0.0188421280246766,0.00977432956813509,-0.00454006919971325,-0.0168038404938022,-0.0236975054929101,-0.0247144118000916,-0.0193092413687493,-0.00874621245868862,0.000846198662988407,0.00189217279003945,-0.00654065733856143,-0.0166824065927129,-0.0202713558505984,-0.0173398143311587,-0.0143548931687379,-0.0142733217162905,-0.0116591710688652,0.000608734123535022,0.0212231920417582,0.0391031580027952,0.0424436622365191,0.0285562541500855,0.00531430843491362,-0.0156545134314062,-0.026826723640424,-0.0275263413123057,-0.0212121772171313,-0.0113655731679395,0.000120300431979609,0.0117364087051391,0.0212843101045941,0.0273382545856774,0.031719025608186,0.0389561797996602,0.051648530469736,0.0663452325425443,0.0757956053686718,NA,NA,NA
1,-0.0222449378620286,-0.0189334192359348,-0.0152572162206523,-0.0116465791627092,-0.00788254499697166,-0.00358489782425903,0.000386331473834711,0.00179029842061301,-0.000729624891055214,-0.00539340861669679,-0.00841501325765365,-0.00791640864169796,-0.00603970573492968,-0.00642480941311452,-0.0098665553962799,-0.0131958664785061,-0.0124467837141509,-0.00647433674155673,0.00269561403864377,0.0123177206964087,0.0209799732252966,0.0284050320337927,0.0340240427621377,0.0363290447050515,0.0336899582009377,0.0256689159070659,0.0135532238772871,-0.000141244730648693,-0.012406537390236,-0.0201490309525775,-0.0207831017146075,-0.0136326066065579,-0.00120276092409966,0.0116711547194155,0.0210470811240633,0.0266936692121417,0.0315184084892514,0.0381532048702551,0.046316776621761,0.0533980342504916,0.0571159354148215,NA,NA,NA
1,0.00294968927165123,0.00371650153610087,0.00486242485282434,0.00623521102696284,0.00755263301793346,0.00854994391023689,0.00907448818024531,0.00908329474561465,0.00862850424873024,0.00788337040613396,0.00714522862625372,0.0067421085169983,0.00687830218193541,0.00753019849515807,0.00846764967289371,0.00938792114423104,0.0100812745459761,0.010525062332508,0.0108487214020216,0.0112155511205955,0.0117306236538294,0.0124240036930443,0.0132578060098321,0.0141175955937491,0.0148428636164714,0.0153381327454944,0.0156624055383749,0.0159549993362133,0.0162478298379264,0.0163955004936903,0.0162367658025913,0.0158092399391722,0.0153678021837085,0.0151984838247764,0.0154367418533518,0.0160314409681946,0.0168071891057687,0.0175411763489763,0.0180515810081994,0.0182890188103812,0.018347315231403,NA,NA,NA
1,-0.015982578773919,-0.0145242765446171,-0.0110660432743554,-0.00498635377580625,0.00141366817711086,0.00415277081670312,0.001878721527584,-0.0024857737450491,-0.00540907033469434,-0.00633364269105852,-0.00592845527393665,-0.00293869646638739,0.00344939139418954,0.00863582247735784,0.00501255934196559,-0.00802849298008734,-0.0200310531091569,-0.0197631505989503,-0.00826259642112515,0.00290365933689646,0.00656754286760253,0.00822313609812669,0.0167962712353363,0.0310558647817442,0.0400681172477571,0.0362208499071413,0.023104211213903,0.00943334734628104,-0.000665915735682809,-0.00823732301720376,-0.0130112352278123,-0.0111930151259658,-0.000859948263525034,0.013334113526011,0.0233091877236777,0.0250174792904129,0.0215413317840348,0.0190579845776316,0.0208370354247387,0.0252307667336775,0.0284788468481391,NA,NA,NA
1,-0.0111245254994885,-0.0104572340470281,-0.00966546905757593,-0.00882566585705113,-0.00802683384798175,-0.00732707077195088,-0.00670312987259797,-0.00607516332031877,-0.00541212294348092,-0.00479065663708284,-0.00431050821278378,-0.00396129247718724,-0.00361577280374609,-0.00315814760662858,-0.00257894996375996,-0.00193697295069573,-0.00128168850326854,-0.000648518196231074,-8.41619980852526e-05,0.000392334629331359,0.000849387200610507,0.00139759404824985,0.00204845470734144,0.00264522168052839,0.00297208100718416,0.00294380457405025,0.00269677745659619,0.0025121466337118,0.00264298443803401,0.00317087451977638,0.00399324741963564,0.00495260853534735,0.00598272525861493,0.00710470056386042,0.00827641130004791,0.00931088118522105,0.0100152304824763,0.0103918209235006,0.0106212857713297,0.0108337678881378,0.0109834996521294,NA,NA,NA
1,-0.0283200424756904,-0.0281980215182598,-0.0280274438291108,-0.0278181608717859,-0.0275920264804505,-0.0273671147184382,-0.0271472168001242,-0.0269300905545105,-0.026722240696886,-0.026537166663295,-0.0263769539981935,-0.0262231615245235,-0.0260525680804394,-0.0258584864744757,-0.0256492194332409,-0.0254263000731943,-0.0251719901165032,-0.0248606850776529,-0.0244769435390861,-0.0240199936270401,-0.0234984450897143,-0.0229288205219868,-0.0223365581530426,-0.021749951072863,-0.0211911249429337,-0.0206761269131476,-0.0202201864366792,-0.0198320432384474,-0.0194997638236603,-0.0191928939066631,-0.018890023359017,-0.0186027537422434,-0.0183643429985364,-0.01819429519671,-0.018080474552755,-0.0179959988248604,-0.0179251057761254,-0.0178684164135373,-0.0178303538682471,-0.0178099189499409,-0.0178020789250035,NA,NA,NA
1,-0.00436388457534814,-0.0042667666039069,-0.00414570382308382,-0.0040054205259617,-0.00385650823522837,-0.00371323137894664,-0.00359075082822208,-0.00350310061304765,-0.00345808610785753,-0.0034484529822183,-0.00344802961398943,-0.00342120139965324,-0.00333954732209191,-0.00318972875676088,-0.00296826690208513,-0.00267706237659138,-0.00233000374882086,-0.00195820037210936,-0.00159514917575232,-0.00125005254224847,-0.000902348629600536,-0.000531540987292967,-0.000150434066267469,0.000201507839646342,0.000502186279946359,0.000777154208882302,0.00107719566830683,0.00142537738196019,0.00179202975958004,0.00212509958618601,0.00240366664435221,0.00266116618946033,0.00295861583255341,0.0033347000083398,0.0037742728575228,0.00421564387586992,0.00458628488303042,0.00484040607044878,0.0049761537245776,0.00502689287501146,0.00503698918542406,NA,NA,NA
1,-0.00924555301546337,-0.00924555301546359,-0.00924555301546337,-0.00924555301546359,-0.00924555301546337,-0.00924555301546359,-0.00924555301546337,-0.00924555301546359,-0.00924555301546337,-0.00924555301546359,-0.00924555301546337,-0.00924555301546337,0.0983520309793932,0.0882099211712155,0.0651764488747488,0.029651962142945,-0.0144366513817552,-0.0583075552804651,-0.087311320751896,-0.0869553837416197,-0.0553626380240192,-0.0105116750350256,0.189269003848464,NA,NA,NA,NA,NA,NA,NA,NA,NA,NA,NA,NA,NA,NA,NA,NA,NA,NA,NA,NA,NA
1,-0.0137856853037718,-0.0137776929027717,-0.0137573334387556,-0.0137159657553678,-0.0136461220484478,-0.0135471277923083,-0.0134242546219763,-0.0132817511898854,-0.0131180604007001,-0.0129278621499797,-0.0127067344015564,-0.0124534960933459,-0.0121711543746417,-0.0118680458511799,-0.0115560266345686,-0.0112438381884978,-0.0109319013378384,-0.0106158388221328,-0.0102951679393031,-0.00997628949909724,-0.00966707851432802,-0.00937186543290092,-0.00909279449234046,-0.00883223145053474,-0.0085905058182783,-0.00836382642956673,-0.00814887349833826,-0.00794832889893271,-0.0077664112213473,-0.0075978760804693,-0.00742755649822968,-0.00724631718089963,-0.00706545811001252,-0.00690933591899262,-0.00679137749577385,-0.00669914136644478,-0.00660362454846858,-0.00678974624538098,-0.00648675113311459,-0.00616180612291428,-0.00586353679887441,-0.00562883489642063,-0.00547725695685441,-0.00540945557129779
1,-0.010358544577492,-0.0101683185871997,-0.00990161558235375,-0.00954913720880002,-0.00914481625288813,-0.00873666202208423,-0.00833031521478955,-0.00788552032435047,-0.00736797050376969,-0.00678613999199951,-0.00617693639120251,-0.00557532017812115,-0.00500682054829629,-0.00449691525575399,-0.00407463886722415,-0.00376604486585114,-0.00358521703217074,-0.00353031802919887,-0.00359132165857276,-0.0037631922384031,-0.00404018505479892,-0.00438612564975141,-0.00472345227654564,-0.0049768966662703,-0.0051280689291692,-0.00520415907975114,-0.00521346369547043,-0.00512695352932191,-0.00493880612064795,-0.00470848470529805,-0.00450500156635536,-0.00432666852824065,-0.00411600772311849,-0.00384839190627478,-0.00356574534997267,-0.00332021021121842,-0.00312765426196243,-0.00299149439950641,-0.00292835299810695,-0.0029357958113933,-0.00296482876515591,NA,NA,NA
1,-0.00424699156490149,-0.00417882453155549,-0.00409362851716355,-0.00399781070427374,-0.00389620968892035,-0.00378775668616238,-0.00366561405152277,-0.00352451834518486,-0.00336694447960673,-0.00319970670425707,-0.00302641774074441,-0.00284751935220728,-0.00266692507625277,-0.00249222124032378,-0.00232464096206209,-0.00215271500031933,-0.00196118124954969,-0.00174572128817041,-0.00151537036131799,-0.00128132696485816,-0.00104834036073487,-0.000818071546588195,-0.000595353899993656,-0.000386537432363054,-0.000194133320162271,-1.80363394783889e-05,0.000138456946662036,0.000268924810536753,0.000372152172550599,0.000456951272744588,0.000535777329448095,0.000614730193400082,0.000691378455416114,0.000759979300872127,0.000815165792523498,0.000851399593248203,0.000863985142739443,0.000854084680410594,0.0008315146164668,0.00080998754400663,0.000798610002961775,NA,NA,NA
1,-0.0266668010848247,-0.0244866563355935,-0.0192912914813599,-0.015123155904745,-0.0162134579864681,-0.0168177272044021,-0.00706846706927058,0.0076845330415207,0.006580400577891,-0.018296520405147,-0.0442703659667752,-0.0434087189830524,-0.0193396367668343,-0.00198248784639846,-0.00691992212823728,-0.0184403457373161,-0.0177435045099392,-0.00971741306982246,-0.00940142245451772,-0.0156794016681352,-0.0159485644035178,-0.00992780761030932,-0.009716607144744,-0.0168413728084636,-0.0178842339820077,-0.00782303219464445,-0.000726056361712163,-0.0072471209218182,-0.0156333568056577,-0.00988613322305329,0.00285770956158539,0.00194001869898876,-0.0125906931507838,-0.0158979777603293,0.00511640840835653,0.0282255256048286,0.0226991637294019,-0.00922815719298276,-0.0337307390252406,-0.0274458610313477,-0.00422992390096949,0.0055127690914816,-0.00729492538246448,-0.0234965688026635
1,0.0204223826372392,0.0204223826373224,0.0204223826375911,0.0204223826381726,0.0204223826391494,0.0204223826405239,0.0204223826422179,0.0204223826441468,0.0204223826462739,0.0204223826486143,0.0204223826511789,0.0204223826539305,0.0204223826567733,0.0204223826596017,0.0204223826623389,0.0204223826649521,0.0204223826674372,0.0204223826697925,0.0204223826719963,0.0204223826739982,0.0204223826757275,0.0204223826771044,0.0204223826780761,0.020422382678654,0.020422382678944,0.0204223826790986,0.020422382679262,0.0204223826795105,0.020422382679844,0.0204223826802361,0.0204223826806549,0.0204223826810648,0.0204223826814081,0.0204223826816405,0.0204223826817662,0.0204223826818579,0.0204223826820198,0.0204223826823242,0.0204223826827676,0.0204223826832794,0.0204223826837528,0.0204223826840975,0.0204223826842882,0.0204223826843559
1,0.0219059283359342,0.0219059283359364,0.0219059283359435,0.0219059283359553,0.0219059283359677,0.0219059283359839,0.0219059283360221,0.0219059283361063,0.0219059283362535,0.0219059283364564,0.0219059283367047,0.021905928336988,0.0219059283373011,0.0219059283376368,0.0219059283379912,0.0219059283383598,0.0219059283387468,0.0219059283391498,0.0219059283395648,0.0219059283399814,0.0219059283403946,0.0219059283407932,0.0219059283411698,0.0219059283415197,0.0219059283418459,0.0219059283421494,0.0219059283424181,0.0219059283426357,0.0219059283427876,0.0219059283428904,0.0219059283429652,0.0219059283430356,0.0219059283430969,0.0219059283431249,0.0219059283430938,0.0219059283429988,0.0219059283428604,0.0219059283427065,0.0219059283425518,0.0219059283424048,0.0219059283422784,0.021905928342185,0.0219059283421332,0.0219059283421151
1,-0.0202393750204635,-0.0203330424640895,-0.0205253326315601,-0.0207924993699208,-0.0211044967045063,-0.0214491901087115,-0.0218271913322899,-0.0222265637065272,-0.0226084882517192,-0.0229261339925457,-0.0231600030719762,-0.023326481290422,-0.0234435582807833,-0.0234950191465437,-0.0234456665479634,-0.0232974200472993,-0.0231154011352126,-0.0229820849478413,-0.0229272818488835,-0.0229142073555824,-0.0228927226122992,-0.022853231824062,-0.0228268700849055,-0.0228485026607228,-0.0229287501248905,-0.0230498942942832,-0.0231747383646872,-0.0232665309760636,-0.0233176407983193,-0.023358500800198,-0.0234219925755668,-0.0234948051318746,-0.0235192650741296,-0.0234520716084741,-0.0233091471317979,-0.0231426867748779,-0.0229882021913528,-0.0228526411555721,-0.0227446634305533,-0.0226867407123019,-0.0226873892300241,-0.0227210720773687,-0.022751149697291,-0.0227631802039776
1,NA,0.054694619551747,0.0475575909892199,0.0385516303518687,0.0338326788740642,0.0335568717837085,0.0328356919538533,0.0279146360042224,0.0188585916480162,0.00709737463230842,-0.00655834374478181,-0.020362467718495,-0.0301838732027599,-0.0408480036999892,-0.0365986644071502,-0.0174125446312486,0.0239324553852769,0.000184439499155253,-0.00951478592323599,-0.0395418972953501,-0.0688856045843954,-0.0536885646934039,-0.297027733193026,0.316085983188899,0.0166098162288406,0.0217603397241419,-0.0196219246033729,-0.0532762838431742,-0.0451214949498462,0.0182016161286798,0.0845277167851931,0.0989673591998937,0.0505666972221795,-0.0312982476799068,-0.305724151775537,-0.128889247202078,0.019606435988711,0.0151500371402485,-0.00401461543414861,-0.0494105790303631,-0.0494105790306187,NA,NA,NA
1,NA,0.0112189260030431,0.0110192389968224,0.0106718670913293,0.0102237039365065,0.00962488373105264,0.00881221004546573,0.00783073146435798,0.00679242428298044,0.00574697405540858,0.00466816236830692,0.0035590459907997,0.002501028874065,0.00158667197471773,0.000857039794025516,0.00031944231782477,-2.69837554396357e-05,-0.000213460809602717,-0.000307818509299729,-0.000361327179494886,-0.000374411750872161,-0.000343015616703246,-0.000305511909832523,NA,NA,NA,NA,NA,NA,NA,NA,NA,NA,NA,NA,NA,NA,NA,NA,NA,NA,NA,NA,NA
1,NA,-0.0249497306942285,-0.0249497306942285,0.0261717656677516,0.0261717656677515,0.0261717656677516,0.0261717656677517,0.0261717656677517,0.0199522743007278,0.0199522743007276,-0.00579785880334836,0.00660586944082321,0.00660586944082305,0.00660586944082312,0.00660586944082315,0.00660586944082321,0.00660586944082309,0.00660586944082305,0.00660586944082328,NA,NA,NA,NA,NA,NA,NA,NA,NA,NA,NA,NA,NA,NA,NA,NA,NA,NA,NA,NA,NA,NA,NA,NA,NA
1,NA,NA,NA,NA,NA,NA,NA,NA,NA,NA,NA,-0.0205686895161499,-0.0471797488521268,-0.0775149925801815,-0.0835009835838658,-0.0600190572118793,-0.0211838842460033,0.0195783036032307,0.0511182202756997,0.0565593712795733,0.0265431032848769,-0.017137518489001,-0.0331458411022831,-0.00926320015860504,-0.00714655995129876,-0.0134341695174922,-0.0309274195301916,-0.0307461830106441,-0.00272057461643049,0.025825102739393,0.0220802750664566,-0.00920375961022368,-0.0302961986224612,-0.0145037268394348,0.0310331250136919,0.0559501179483637,0.0394386675723863,0.0112115779453448,0.0030110891524715,-0.00872300732850384,NA,NA,NA,NA
1,NA,NA,NA,NA,NA,NA,NA,NA,NA,NA,NA,NA,NA,NA,NA,NA,NA,NA,NA,NA,NA,NA,0.0350367036275827,0.0296171986800069,0.0236337657830796,0.0170418770249552,-0.00527820847617977,-0.0555591884189499,-0.112424922722058,-0.123638416048248,-0.0552443012220971,0.061380916941927,0.14695233496178,NA,NA,NA,NA,NA,NA,NA,NA,NA,NA,NA
1,NA,NA,NA,NA,NA,NA,NA,NA,NA,NA,NA,NA,NA,NA,NA,NA,NA,NA,NA,NA,NA,NA,NA,NA,NA,NA,NA,NA,NA,NA,-0.0768778456541539,-0.0768778456541845,-0.0768778456542379,-0.0768778456543237,-0.076877845654488,-0.0768778456547818,-0.0768778456551878,-0.076877845655601,-0.0768778456558995,-0.0768778456560387,-0.0768778456560707,NA,NA,NA
